,district_num,comment_id,comment_parent_id,comment_body,comment_link_id,created
0,10,gozw5ra,t3_ltn6ic,"The 9th pic 😳 I wonder who's house is that with a lot of plants are the gate door... Also, how they go in/out of the house in that case?🤣",t3_ltn6ic,27-02-2021
1,10,gp049a8,t3_ltn6ic,"Beautiful shots. Thank you.

I lived at Blk 34 and moved out last Feb. It's quite a place to live in. Slow paced and very kampong like.",t3_ltn6ic,27-02-2021
2,10,gozwuh9,t3_ltn6ic,Ah that 15th pix is the zhicha with milk powder pork rib,t3_ltn6ic,27-02-2021
3,10,gp0bnbc,t3_ltn6ic,The zhi char at the 15th pic is pretty decent. Used to chill there with colleagues after a working day.,t3_ltn6ic,27-02-2021
4,10,gp0l7dp,t3_ltn6ic,That unit with the blocked off corridor will regret it when they need SCDF's help.,t3_ltn6ic,27-02-2021
5,10,gp0yrpx,t3_ltn6ic,I remb this bakery (main pic) - I’m a sucker for buttercream cakes... Does anyone know where they will relocate to?,t3_ltn6ic,27-02-2021
6,10,gp2g3ii,t3_ltn6ic,The bakery uncle and auntie would invite me into their kitchen after my kindergarten classes were over! Loved their cake rolls so much.,t3_ltn6ic,27-02-2021
7,10,gp0i2tt,t3_ltn6ic,aw i love this series!! how do u take pictures of people without being paiseh hahaha then they give u the judgy look after?,t3_ltn6ic,27-02-2021
8,10,gp2c160,t3_ltn6ic,"I love the uncle from the 1st picture. Best sugar doughnuts in sg, change my mind.",t3_ltn6ic,27-02-2021
9,10,gp45dj1,t3_ltn6ic,grandparents liliving in blk 42 . gettinh demolished this year :(( they are gonna move sonewhere else,t3_ltn6ic,28-02-2021
10,10,gp0o19g,t3_ltn6ic,"amazing shots, you captured the sense of nostalgia really well somehow... not sure how to describe it. i grew up here at my ahma's place during school holidays and i loved the neighbourhood. had many fond memories here. thanks for capturing this estate!",t3_ltn6ic,27-02-2021
11,10,gp2u00l,t3_ltn6ic,"I grew up in Commonwealth, and the first shot of the bakery is super iconic and brought back memories haha. I used to love sugared donuts from this bakery as a child. 

Thank you for the beautiful photos!",t3_ltn6ic,27-02-2021
12,10,gp3euvh,t3_ltn6ic,"I grew up in this neighbourhood and the residents of quite a few blocks, mine included, were scheduled to en-bloc sometime this year but it's getting delayed because of covid. 

Life in this neighbourhood is not as romantic as the photos may suggest, but they do an excellent job of capturing the essence of the low-key lifestyle that many residents here lead.",t3_ltn6ic,27-02-2021
13,10,gp3totj,t3_ltn6ic,"Thank you! I miss Singapore so much, these really help.",t3_ltn6ic,28-02-2021
14,10,gp0bpzw,t3_ltn6ic,nguan??,t3_ltn6ic,27-02-2021
15,10,gp0ml5w,t3_ltn6ic,how do you snap people's photos like that?,t3_ltn6ic,27-02-2021
16,10,gp0n7ne,t3_ltn6ic,Some great composition!,t3_ltn6ic,27-02-2021
17,10,gp0t3l6,t3_ltn6ic,What camera did u use?,t3_ltn6ic,27-02-2021
18,10,gp14imy,t3_ltn6ic,incredible shots and love your editing style!,t3_ltn6ic,27-02-2021
19,10,gp1qlxc,t3_ltn6ic,Tanglin halt kena halted 🥺🥺,t3_ltn6ic,27-02-2021
20,10,gp1u3tp,t3_ltn6ic,Love these photos!,t3_ltn6ic,27-02-2021
21,10,gp3rccq,t3_ltn6ic,My dad’s old place was from there. Seeing this makes me nostalgic,t3_ltn6ic,28-02-2021
22,10,gp4alpr,t3_ltn6ic,"Marvelous man, just marvelous!    If you were to just go around documenting Singapore's going-away buildings and neighborhoods, that would be a full time job.",t3_ltn6ic,28-02-2021
23,10,gp5ecz0,t3_ltn6ic,Nice colors. Good edit OP,t3_ltn6ic,28-02-2021
24,10,gp0g2xv,t3_ltn6ic,"You have a lot of potential , you should seek out busier scenes , you can practice at the Merlin and in the Raffles area .. old ppl aren’t that interesting to photograph . But you did a good job with all the pics",t3_ltn6ic,27-02-2021
25,10,gozxhn9,t1_gozw5ra,But I would totally live in a house like that and have evening tea by the gate. Got that nice ambience to it. 😂🤣,t3_ltn6ic,27-02-2021
26,10,gp3tqns,t1_gozw5ra,Maybe they also own the flat next door and there's a link way there haha,t3_ltn6ic,28-02-2021
27,10,gp10wpo,t1_gp049a8,😄😄,t3_ltn6ic,27-02-2021
28,10,gp0py8a,t1_gp0l7dp,Getting out of there daily is already a chore.,t3_ltn6ic,27-02-2021
29,10,gp0z4i7,t1_gp0yrpx,They’ll be closing down end of this year. No news of any relocation. Retiring maybe.,t3_ltn6ic,27-02-2021
30,10,gp3duqi,t1_gp2g3ii,He’s a very chill uncle!,t3_ltn6ic,27-02-2021
31,10,gp0jqlj,t1_gp0i2tt,"Hahaha, everyone in this series knew i was taking their photos and we exchanged smiles afterwards. Except for the uncle in picture 14, he was in his own world and didn’t care.",t3_ltn6ic,27-02-2021
32,10,gp3drbx,t1_gp2c160,I agree with you!,t3_ltn6ic,27-02-2021
33,10,gp46cp9,t1_gp45dj1,Yeah. Are they moving nearby?,t3_ltn6ic,28-02-2021
34,10,gp0r400,t1_gp0o19g,This place has managed to retain its nostalgic charm till now. The people and the great evening light only made it better. Even first timers to this place will absolutely love it.,t3_ltn6ic,27-02-2021
35,10,gp3e2m1,t1_gp2u00l,I’m still buying sugar donuts from there. It’s the only thing I go there for besides photos. 😊,t3_ltn6ic,27-02-2021
36,10,gp43wd5,t1_gp3totj,😄😄,t3_ltn6ic,28-02-2021
37,10,gp0jx1i,t1_gp0bpzw,No.,t3_ltn6ic,27-02-2021
38,10,gp0q6wn,t1_gp0ml5w,Just snap. They were all aware except for number 14.,t3_ltn6ic,27-02-2021
39,10,gp0q9yg,t1_gp0n7ne,Thank you!,t3_ltn6ic,27-02-2021
40,10,gp10ns6,t1_gp0t3l6,Sony a7rii,t3_ltn6ic,27-02-2021
41,10,gp1563y,t1_gp14imy,Thank you so much!,t3_ltn6ic,27-02-2021
42,10,gp3dmbf,t1_gp1qlxc,Yeah 😔,t3_ltn6ic,27-02-2021
43,10,gp3doqa,t1_gp1u3tp,Thank you!,t3_ltn6ic,27-02-2021
44,10,gp4qbxv,t1_gp4alpr,"Thank you so much!
It would be a dream full time job hahaha. There’re not too many people interested in doing this.",t3_ltn6ic,28-02-2021
45,10,gp5hj40,t1_gp5ecz0,Thank you!,t3_ltn6ic,28-02-2021
46,10,gp038ow,t1_gozxhn9,True! But the maintenance is the key hahaha,t3_ltn6ic,27-02-2021
47,10,gp44azz,t1_gp3tqns,Ohhhh make sense!,t3_ltn6ic,28-02-2021
48,10,gp3reec,t1_gp0z4i7,Awww thanks. He always kept a big mixing bowl of buttercream in the fridge and I always joke with him if that bowl was on sale lol 😂 if y’all have never been to tanglin halt and want to check it before it shuts go try his buttercream roll dusted with either chocolate rice or peanut grounds :),t3_ltn6ic,28-02-2021
49,10,gp0mj1d,t1_gp0jqlj,"Wow!! Which camera did u use & how did u edit ur pics, i rly have lots to learn from 👍🏻",t3_ltn6ic,27-02-2021
50,10,gp46rlt,t1_gp46cp9,yep the newly constructed once,t3_ltn6ic,28-02-2021
51,10,gp1aij5,t1_gp0q6wn,thats awesome man,t3_ltn6ic,27-02-2021
52,10,gp03nvw,t1_gp038ow,"Speaking of that, now I think I’ll rather be a guest to that kind of house hahaha!",t3_ltn6ic,27-02-2021
53,10,gp463kg,t1_gp44azz,"It's a wild, wild guess with zero evidence, so please take it with a huge grain of salt lol. After all, I'm just presuming HDB will allow you to tunnel though the walls of 2 different flats (which sounds HIGHLY unlikely lol)",t3_ltn6ic,28-02-2021
54,10,gp3xudd,t1_gp3reec,can I know which block the bakery is located at? would love to try some of the buttercream roll before they close!,t3_ltn6ic,28-02-2021
55,10,gp43bm5,t1_gp3reec,Yes I saw that bowl in the cake display fridge 😂,t3_ltn6ic,28-02-2021
56,10,gp0rqby,t1_gp0mj1d,I’m using a Sony a7rii and doing my edits in Lightroom mobile.,t3_ltn6ic,27-02-2021
57,10,gp1b49l,t1_gp1aij5,Thanks man!,t3_ltn6ic,27-02-2021
58,10,gp43sew,t1_gp3xudd,Blk 46-3 Commonwealth Drive (140463),t3_ltn6ic,28-02-2021
59,10,gp4fo02,t1_gp3xudd,[https://www.burpple.com/hock-ann-confectionary](https://www.burpple.com/hock-ann-confectionary) :) for you to visualize what's in the shop,t3_ltn6ic,28-02-2021
60,10,gp4frri,t1_gp43bm5,it's so tempting... lol,t3_ltn6ic,28-02-2021
61,10,gp0vjxw,t1_gp0rqby,Thank you!,t3_ltn6ic,27-02-2021
62,10,gp17caa,t1_gp0rqby,Beautiful! What’s Lightroom settings did you use? I really love this edit.,t3_ltn6ic,27-02-2021
63,10,gp1hslj,t1_gp17caa,Film simulations.,t3_ltn6ic,27-02-2021
64,10,g06jtw9,t3_i2rmcx,r/accidentalwesanderson,t3_i2rmcx,03-08-2020
65,10,g06mer0,t3_i2rmcx,experience tells me there is a door at the back that leads to a secret spy dungeon,t3_i2rmcx,03-08-2020
66,10,g06q9eq,t3_i2rmcx,"Looks like someone's been doing urbex.

Edit: LOL shop says ""Liang Yew High Class Barber"" but there's a [1000 Dinar Verse](https://www.muftiwp.gov.my/en/artikel/irsyad-fatwa/irsyad-fatwa-umum-cat/2819-irsyad-al-fatwa-273-commentaries-on-thousand-dinars-verse) pasted on the window pane, and a opening prayer hanging above the door, on top of the anti-drug poster and stickers on the side in Malay.

If this ain't multicultural I don't know what is.",t3_i2rmcx,03-08-2020
67,10,g06q77k,t3_i2rmcx,What's the year on the calendar!,t3_i2rmcx,03-08-2020
68,10,g0705vb,t3_i2rmcx,If anyone is visiting tanglin halt because of this drop by the hawker centre for some good food along with the old school bakery. There is also a stall selling old school snacks! V nostalgic place to visit!,t3_i2rmcx,03-08-2020
69,10,g06safa,t3_i2rmcx,Where's the location? Looks like a cool place to explore!,t3_i2rmcx,03-08-2020
70,10,g06yt69,t3_i2rmcx,This place still around? Woah gonna visit this place soon! Nice,t3_i2rmcx,03-08-2020
71,10,g06zdxb,t3_i2rmcx,Time Halted,t3_i2rmcx,03-08-2020
72,10,g07fgjl,t3_i2rmcx,I grew up in the block just behind this row of shops. I'm gonna drop by to take photos before the whole area gets torn down.,t3_i2rmcx,03-08-2020
73,10,g06kb0k,t3_i2rmcx,rip.,t3_i2rmcx,03-08-2020
74,10,g07y3dg,t3_i2rmcx,just remember they rather preserve the bungalows just across the greenlane,t3_i2rmcx,03-08-2020
75,10,g08r5m6,t3_i2rmcx,Makes a good coffee place,t3_i2rmcx,03-08-2020
76,10,g09zmmp,t3_i2rmcx,"chernobyl?

great photo",t3_i2rmcx,04-08-2020
77,10,g0beek4,t3_i2rmcx,If anyone’s interested in Tanglin Halt area there’s an interesting Singaporean documentary on Netflix called “Wanton Mee”. Food documentary that talks to the old hawkers in the area.,t3_i2rmcx,04-08-2020
78,10,g0ehg9m,t3_i2rmcx,Wow nicee gotta visit some time,t3_i2rmcx,05-08-2020
79,10,g06v11x,t3_i2rmcx,This looks older than my dad,t3_i2rmcx,03-08-2020
80,10,g070lrz,t3_i2rmcx,midnight butchery,t3_i2rmcx,03-08-2020
81,10,g06xvvk,t1_g06jtw9,"Oh right, he likes to use colors like this,",t3_i2rmcx,03-08-2020
82,10,g06ncdx,t1_g06mer0,And the 3 hair dryer units on the wall are for mind control.,t3_i2rmcx,03-08-2020
83,10,g06s1pj,t1_g06q9eq,"Haha, if I’m not wrong the one on the left used to be a malay barber.",t3_i2rmcx,03-08-2020
84,10,g06s04n,t1_g06q77k,March 2016!,t3_i2rmcx,03-08-2020
85,10,g07nk0r,t1_g0705vb,The hawker centre there seems like have good western stall. Very long queue even before they start business.,t3_i2rmcx,03-08-2020
86,10,g06ucgh,t1_g06safa,It's at tanglin halt area I think,t3_i2rmcx,03-08-2020
87,10,g06z0mc,t1_g06yt69,Yes it’s still around. Took this picture just yesterday.,t3_i2rmcx,03-08-2020
88,10,g07hfdp,t1_g07fgjl,Cool. Please do take more photos. We need more of that.,t3_i2rmcx,03-08-2020
89,10,g0856xf,t1_g07y3dg,As always.,t3_i2rmcx,03-08-2020
90,10,g06v2ey,t1_g06ncdx,No it's a skull melting device so they can drink your cooked brain,t3_i2rmcx,03-08-2020
91,10,g07ccm4,t1_g06s1pj,You’re correct,t3_i2rmcx,03-08-2020
92,10,g06s3ff,t1_g06s04n,Nice! I grew up with my grandparents and they always had one of that and the flip per day ones hanging.,t3_i2rmcx,03-08-2020
93,10,g075ht4,t1_g06s04n,I think it's 2018 Mar. 12 Mar 2016 is not Mon,t3_i2rmcx,03-08-2020
94,10,g07tr0w,t1_g06ucgh,I remember getting a haircut there almost 10 years ago ago when we lived at commonwealth in primary school.,t3_i2rmcx,03-08-2020
95,10,g0aocqk,t1_g06ucgh,Ah cool will prolly explore some time soon,t3_i2rmcx,04-08-2020
96,10,g06s7dh,t1_g06s3ff,"Ohhh that one, the fonts were either in red or green right?",t3_i2rmcx,03-08-2020
97,10,g06s809,t1_g06s3ff,Its getting rarer and rarer. More pricey too.,t3_i2rmcx,03-08-2020
98,10,g06sg01,t1_g06s7dh,Yeap those ones! Fondly remember my grandparents having their morning coffee/tea and my grandpa would rip a page off so nonchalantly.,t3_i2rmcx,03-08-2020
99,10,fsdxkfe,t3_gtr5jk,No place for the old and quaint in Singapore.,t3_gtr5jk,31-05-2020
100,10,fseelbz,t3_gtr5jk,"Whether or not such building demolishing/renewal is necessary in space-starved Singapore is debatable, but what's certain is that it is contributing to a sense of rootlessness, lack of identity, sense of alienation in Singapore.

Parents, grandparents cannot pass down memories to later generations - ""this is where grandpa and grandma had our first date"" etc - because all has been razed to the ground (think the old National Library). Even within the same generation, the playground where you once had beautiful memories of spending time playing as a child is likely gone today. 

This may arguably be necessary and inevitable in Singapore, but it is profoundly sad.",t3_gtr5jk,31-05-2020
101,10,fsehfxl,t3_gtr5jk,Seems like things here are coming to a halt,t3_gtr5jk,31-05-2020
102,10,fsdvfp9,t3_gtr5jk,Great shot of the place. Didn't know that one estate can produce so much light pollution too.,t3_gtr5jk,31-05-2020
103,10,fsdzaa5,t3_gtr5jk,"You really take beautiful pictures of HDBs! Keep it up!

Psst, I miss my old home at serangoon ave 4. Do you have any?",t3_gtr5jk,31-05-2020
104,10,fsenodk,t3_gtr5jk,everything is transactional here,t3_gtr5jk,31-05-2020
105,10,fse4q4m,t3_gtr5jk,Where are they shifted to?,t3_gtr5jk,31-05-2020
106,10,fsezqfl,t3_gtr5jk,"Little observation of history

Historical Tanglin Estate is centered around Tyresal Esatate house(Istana tyresall/Woodneuk) belonging to britisher Napier which was then passed down to a Johor royal family Member. (But always wonder why Tanglin road and Tanglin hill is so far away from the Istana Tyresall .and get named such...any old timer can shed some info ?!?). From a plantation estate,it became a upmarket place with more rich people buying houses there(probably due to proximity And connectivity to town ?) . Just don’t understand the reasoning for a KTM station name to be Named such when Tanglin Halt(not really a station station...just a halt) is so far away from Tanglin area. Cannot be named Queenstown as this name was only coined after independence.

And then that area has retained the ‘Tanglin Halt’ identity. 

Today when someone says they are from Tanglin ,They can be of a rich family. But when someone says they are from Tanglin Halt,they are definitely a peasant. Tanglin halt has some very cute blocks and couple of the blocks overlook the passing KTM trains up till Service was stopped some years ago. On the other side of the tracks is a small ridge followed by the Woking road cute houses. Used to be some kind of British army member houses/office and still retains the falvour(thanks gahment). 

Somehow the KTM line has preserved Woking Road area from Development Avalanche that singapore went through for the past 30 years. Just sad the iconic Colbar isn’t active anymore(edit:someone says it’s active!?!). Hopefully some old timer restarts it .Woking road is just walking distance from One North. If you are working nearby, you should definitely take a stroll through the area with meandering slim roads and lush trees.maybe can catch some young chiobu mediacorp intern shooting something Around there.",t3_gtr5jk,31-05-2020
107,10,fsl75oe,t3_gtr5jk,That is a shame. Was born in block 31.,t3_gtr5jk,02-06-2020
108,10,fse6ctd,t3_gtr5jk,"Yeah, especially with newer brighter LEDs now.",t3_gtr5jk,31-05-2020
109,10,fseen4p,t3_gtr5jk,They must've earned a lot to move out.,t3_gtr5jk,31-05-2020
110,10,fsfd9q0,t3_gtr5jk,Singapore rather preserve landed houses then hdb.,t3_gtr5jk,31-05-2020
111,10,fseq2xp,t3_gtr5jk,Whats the point of replacing such completely good estates tho? Fertaility rate is as low as ever so its not like we have a popualtion boom of sinkies coming up so why the need to be so relenteless in demolishing and building?,t3_gtr5jk,31-05-2020
112,10,fse6f3z,t1_fsdxkfe,Unless it’s a former/late minister’s house.,t3_gtr5jk,31-05-2020
113,10,fseey3u,t1_fseelbz,*cries in King Albert Park*,t3_gtr5jk,31-05-2020
114,10,fseymeu,t1_fseelbz,"Parents cannot pass down. Grandparents cannot pass down

Anyway those people who spent time at cricket club,botanical gardens,Haw Par Villa and Japanese gardens would have better memories. Sadly those who went to ancient playgrounds Gayworld,Beauty World and New Word would be sad though...nothing to reminiscent .Escape theme park,Sentosa monorail, Tanglin club,Temasek


Also read that Swiss Club at Swiss Club road had been a functioning social club and rifle range  for over a century. Anyway ,i think , it’s just a rich people playground these days since it’s Nestled among pretty GCBs  ... anybody has memories of dating their spouses at olden singapore landmarks ?",t3_gtr5jk,31-05-2020
115,10,fsej44i,t1_fseelbz,First world problems.,t3_gtr5jk,31-05-2020
116,10,fsep5xs,t1_fsehfxl,Came here just to find this comment,t3_gtr5jk,31-05-2020
117,10,fsel32y,t1_fsdvfp9,lol you do know that's because the image is edited to give it more saturation right,t3_gtr5jk,31-05-2020
118,10,fsej7sb,t1_fsdzaa5,I used to live at block 228! Early 90s till 2002. Great memories. I still think about my old house from time to time.,t3_gtr5jk,31-05-2020
119,10,fse6rj7,t1_fsdzaa5,"Thanks!
I’m afraid I don’t have any pictures of that place. I only go to Serangoon Ave 4 to visit my aunt, lol.
Photo priority goes to those getting demolished soon.",t3_gtr5jk,31-05-2020
120,10,fseq53n,t1_fsenodk,“You make profit into a dirty word and Singapore DIES!” - Late Mr Lee,t3_gtr5jk,31-05-2020
121,10,fse6k2g,t1_fse4q4m,Some bought homes in other estates I’m guessing. The rest who’re still around are waiting for the BTO’s near the Dawson area to be completed.,t3_gtr5jk,31-05-2020
122,10,fsgd57v,t1_fsezqfl,"thanks, tanglin halt peasant here. also one of the most expensive hdb flats in singapore but hey we’re just peasants",t3_gtr5jk,31-05-2020
123,10,fsf03tj,t1_fsezqfl,"Colbar is still active right? (Maybe not in CB, but definitely before CB)",t3_gtr5jk,31-05-2020
124,10,fsevblr,t1_fseq2xp,Because we still have a sizable number of young adults who are moving out/planning to move out within the near future.,t3_gtr5jk,31-05-2020
125,10,fsh5u7b,t1_fse6f3z,Because the children argue over it,t3_gtr5jk,01-06-2020
126,10,fsf0d95,t1_fseey3u,"What are the memories fro
King Albert Park. Does you parents have any dating stories from around there ?",t3_gtr5jk,31-05-2020
127,10,fsf0hs3,t1_fsej44i,[deleted],t3_gtr5jk,31-05-2020
128,10,fsifa85,t1_fsej7sb,"Nice! Mines 223, nearest to the pei cai school (previously zhong hua sec)

I still miss central soya bean, bus interchange, Chomp chomp, ave3 zhi char, basketball court at blk 222, roti prata along yio chu kang (short cut thru plantation ave), stadium and swimming pool next door.",t3_gtr5jk,01-06-2020
129,10,fsfm2lx,t1_fse6rj7,"No problem man, as long as you keep snapping I’ll keep upvoting!",t3_gtr5jk,31-05-2020
130,10,fshwxqd,t1_fsgd57v,"I am also hdb peasant la. 

Don’t take seriously ok. Hope you have some pics from KTM line era ...pls share here if you have them.",t3_gtr5jk,01-06-2020
131,10,fsf0akp,t1_fsf03tj,"You can walk up to Colbar. It was last active a few years ago. Serves right as the place went through a huge developmental hell with realignement of portsdown road and flyover ,leveling of some of the small hills .With so much construction it would be difficult even for the staunch supporters and old timers to frequent there",t3_gtr5jk,31-05-2020
132,10,fsfd2ow,t1_fsevblr,Bullshit yet they preserve the landed estate just across the road. Which one has a higher yield?,t3_gtr5jk,31-05-2020
133,10,fsjdsml,t1_fsh5u7b,"Father say demolish, but son needs it for reasons unknown to the universe.",t3_gtr5jk,01-06-2020
134,10,fsf0pbt,t1_fsf0d95,"Nah, me and my wife both used to visit King Albert Park when we were younger since we both lived in the area, so we had a bunch of shared memories of the area. Shame we never got to experience it together since the old building got demolished.

There was also the Glass House Fish and Co at Penang Road that got demolished a year or two back as well. Stuff changes so quickly.",t3_gtr5jk,31-05-2020
135,10,fsf0zx1,t1_fsf0hs3,"Yeah, but that's because European cities have space to build outwards - so people live outside of the old town centres and if they work in the cities, they can commute (and typically do if the rent is high, since the historic city location aren't as spacious). We don't have that sort of space to work with, so that's a poor comparison.",t3_gtr5jk,31-05-2020
136,10,fsf0lk3,t1_fsf0hs3,"I get where you’re coming from. But in Singapore’s context, it is still a “first world problem” given the land limitations we have.",t3_gtr5jk,31-05-2020
137,10,fsg628y,t1_fsfm2lx,Thanks so much!,t3_gtr5jk,31-05-2020
138,10,fsf0ucs,t1_fsf0akp,I bought my remembrance poppies there in November and it was still running?,t3_gtr5jk,31-05-2020
139,10,fsfitpa,t1_fsfd2ow,"Tell that to the govt. From what I can guess, it's cheaper to reclaim older estates nearing the end of their lease than it is trying to buy over private land (especially older freeholds). Monetary psqf yield might be higher reclaiming older estates, ironically. Money talks, after all.",t3_gtr5jk,31-05-2020
140,10,fsg3jzz,t1_fsfd2ow,"> Bullshit yet they preserve the landed estate just across the road. Which one has a higher yield?

Like it or not, rich people don't want to live in HDB. Landed estates serve to provide a market for upmarket housing the rich Singaporeans.

If you're rich also, would you remain in your dinky HDB flat? Of course not and they can easily pack up and move to the US/UK/AUS for landed housing.",t3_gtr5jk,31-05-2020
141,10,fshx9pj,t1_fsf0pbt,"Sweet memories of the Glass House


Was wondering why/where they remove the Giant L,O,V,E stand. Then realized it has been moved to the backside facing Eber road. 

I have memories of seeing it facing Penang road. Can someone confirm",t3_gtr5jk,01-06-2020
142,10,fsf2hlg,t1_fsf0ucs,"I got to be in Discovery Building (Infinite Studios) for few days in aug19,oct19 .frequently walked around and explored the area always saw Colbar was closed inactive. There was not a single day during my seperate 4 days Stints that I was able to get anything from there ?

Any Colbar fan here who can share its operational hours",t3_gtr5jk,31-05-2020
143,10,fsfl5o2,t1_fsfitpa,For the same plot of land there only 15 bungalows. The rich really do have it good here.,t3_gtr5jk,31-05-2020
144,10,fsg3s2y,t1_fsg3jzz,Go google map Tanglin halt. Fewer than 40 houses to the equivalent of about 20blocks of hdb,t3_gtr5jk,31-05-2020
145,10,fsg420y,t1_fsg3jzz,If I’m rich I won’t need to move overseas for landed houses,t3_gtr5jk,31-05-2020
146,10,dxszzvp,t3_8e2m6m,"Wah that sofa is still there.

[from October last year](https://i.imgur.com/2fVJzik.jpg)",t3_8e2m6m,23-04-2018
147,10,dxst6zn,t3_8e2m6m,Facing the wall and smoking? eh OP how much u pay them,t3_8e2m6m,22-04-2018
148,10,dxszn0x,t3_8e2m6m,That tattered couch though...,t3_8e2m6m,23-04-2018
149,10,dxrw4d1,t3_8e2m6m,"Argh the slight tilt on the floor.

But awesome photo, nonetheless.",t3_8e2m6m,22-04-2018
150,10,dxs801k,t3_8e2m6m,"sad that this neighborhood is gonna be en bloc'd soon. it used to be so full of life! now it's derelict and in shambles, the buildings and sheltered walkways are quite poorly maintained. ",t3_8e2m6m,22-04-2018
151,10,dxsa92c,t3_8e2m6m,[deleted],t3_8e2m6m,22-04-2018
152,10,dxrwa21,t1_dxrw4d1,Thanks! The tilt is a result of them being on a slope :) ,t3_8e2m6m,22-04-2018
153,10,dsm5yng,t3_7q300r,"did he watch 200+ episodes to find out the ending between the love drama in this show?

Dedication.",t3_7q300r,13-01-2018
154,10,dsm4pwo,t3_7q300r,Commendable that the guy watched every single episode just so he could tear it apart later.,t3_7q300r,13-01-2018
155,10,dsm6j1z,t3_7q300r,[deleted],t3_7q300r,13-01-2018
156,10,dsm4839,t3_7q300r,"For me, Tanglin is a good show to watch to space out after work. Doesn't require much thinking. And it's good that I'm not emotionally invested in the characters or storyline...I don't really care if I miss a few days or months of the show. Can just hop back in and space out again.  ",t3_7q300r,13-01-2018
157,10,dsm37f4,t3_7q300r,"Why is it always that those that vividly watched Tanglin keeps on complaining that Tanglin sucks....and then keep watching it.

Those that never watch it...Tanglin is not even in our mind at all.",t3_7q300r,13-01-2018
158,10,dsm92fd,t3_7q300r,Would've been nice to see examples properly used to exemplify his points,t3_7q300r,13-01-2018
159,10,dsm5pt9,t3_7q300r,"b1: that b flick that we just watched was really bad.
b2: it really sucked!
b1: oh wait, we have so much time to burn! let's go watch another b flick.
b2: yah! let's do that!

and the cycle repeats.

dope....",t3_7q300r,13-01-2018
160,10,dsmbi5z,t3_7q300r,"Just saw the other 2 videos in this channel, and I'm pretty impressed with the presentation. Reminds me of similar movie analysis channels like Every Frame a Painting, Nerdwriter, etc.",t3_7q300r,13-01-2018
161,10,dsm9nv9,t3_7q300r,"“It’s not the show’s fault for having to do this”

Creative producers at work? Lol",t3_7q300r,13-01-2018
162,10,dsm3v55,t3_7q300r,"the real problem is the guy who made the video had any expectations from local shows. 

the only way local shows will be famous like shows from cable or netflix is if someone decided to spoof it.....like the disaster artist. ",t3_7q300r,13-01-2018
163,10,dsmfgjh,t3_7q300r,Got character called Vanessa right? ,t3_7q300r,13-01-2018
164,10,dsnpe6k,t3_7q300r,"Would've been good if OP played some of the scenes with audio. I think it would've drove his points home much more clearly. OP's delivery feels a bit stiff for my taste. If he can loosen up a bit and not seem he's just reading off a  script, it'll be a much better video. Overall a great video though.",t3_7q300r,14-01-2018
165,10,dspaji4,t3_7q300r,I agreed that this drama is good for spacing out after work.,t3_7q300r,15-01-2018
166,10,dspfrkj,t3_7q300r,"Do you know the constraints and limitations the creators of Tanglin had to work under? There's a dearth of good actors who can speak English on screen without sounding strange/unnatural. A bad actor with awkward acting, even just an extra/calefare (and there's been many of those around) can break your show and make it laughable.

Plus the volume of stories/episodes to churn out every week - while limiting your stories to only a few locations because you just don't have enough time to be traveling to several locations to shoot. And actors need time to rehearse their scene in order to act well.

Because you're limited to a few locations, every story very much seems to revolve around their homes or the cafe. 

Working under these constraints is like wiping your arse with only 3 squares of toilet paper. Yes, it forces you to be creative in your stories, making up reasons why anyone would be at home/cafe on a weekday during work hours, or making up reasons why a character is not seen (because they have to go shoot other shows) but I wouldn't wish that on anybody.",t3_7q300r,15-01-2018
167,10,dsmbmd1,t1_dsm6j1z,"There needs to be a giant shift in mentality at Mediacorp for any chance of them making shows consistently that don’t suck:

Productions done in house have to exclusively be done in house. If all that’s available is the deaf sound guy and a wonky 90’s VHS camera. You’re shooting your show with that. Tanglin is a little different that it was shot and edited at infinite studios. But still went to Mediacorp for audio. 

No consistency in post. Shows will frequently have 4-5+ editors per episode. The sound post, if at all is done by different people all the time with no consistency and with absolutely no time. Something in the UK/US that takes a crew of 5 a week will be compressed for 1 person to do in 3 days at Mediacorp. Hence all shows sound terrible.

No time/budget for pre production or script writing

",t3_7q300r,13-01-2018
168,10,dsm87n8,t1_dsm6j1z,"Goh Sin Tub is pretty good. Also, Crazy Rich Asians series was written by a Singaporean",t3_7q300r,13-01-2018
169,10,dsmdjwx,t1_dsm6j1z,The only one I remember was Gone Case being adapted into a telemovie during 2014. I never got to watch it though.,t3_7q300r,13-01-2018
170,10,dsm9mhd,t1_dsm6j1z,Til pretty little liars and vampire diaries are based off of book series ,t3_7q300r,13-01-2018
171,10,dsnj5gw,t1_dsm6j1z,[removed],t3_7q300r,14-01-2018
172,10,dso1wl1,t1_dsm4839,"If you don't want to think, may I suggest... Meditation? :D",t3_7q300r,14-01-2018
173,10,dsm5qlv,t1_dsm37f4,"Same with abtm. People know it sucks, people know it's a series of movies with lots of product placement and yet people still go and watch it. 

>I want to see how terrible it is!

Ya thanks to you, you help jack Neo earn shitloads of money every movie at the box office which just helps to encourage the next ABTM movie to be made. 

So seriously, if you want the series to stop, then stop watching the movie at the theatres. When the money stops, the filming can too. ",t3_7q300r,13-01-2018
174,10,dsm56rl,t1_dsm37f4,"To see if it gets better lor. You can don't like something but still have hopes that it'll get better, especially if you're hopeful about the future of your local media. Besides, if he never watch then he cannot properly criticise ",t3_7q300r,13-01-2018
175,10,dsmdgak,t1_dsmbi5z,I believe OP is the channel owner. :') ,t3_7q300r,13-01-2018
176,10,dsmby6e,t1_dsmbmd1,[deleted],t3_7q300r,13-01-2018
177,10,dsnmjrj,t1_dsnj5gw,"Hmm wow this sounds interesting. Not sure how the episodic format would apply to Liew's narrative though. I think a more modern exploration of technology in Singapore is in order, but no one is equipped to make it at a level of quality that will be acceptable. ",t3_7q300r,14-01-2018
178,10,dso38am,t1_dso1wl1,Haha...not enough discipline for that!,t3_7q300r,14-01-2018
179,10,dsm5qjf,t1_dsm56rl,Life is too short to watch garbage and hope it gets better later. ,t3_7q300r,13-01-2018
180,10,dsmc1q4,t1_dsmby6e,I used to work there,t3_7q300r,13-01-2018
181,10,dsmobp0,t1_dsm5qjf,"Your country's produced garbage though. If you work in media, aspire to, or perhaps simply want Singapore to have better quality media shit, then watching and critiquing it could be productive.

IMO it's like shouting at a wall, but some guys are just passionate enough to sit through 50 hours of Mediacock produced media.",t3_7q300r,13-01-2018
182,10,dsmf2g0,t1_dsmc1q4,[deleted],t3_7q300r,13-01-2018
183,10,dsnk06e,t1_dsmobp0,"> Your country's produced garbage though.

So are you a non-Singaporean lurking on this sub for some strange reason or just someone who assumes I'm not Singaporean for some strange reason? 

Please, it's my choice whether I want to waste my time on something I know is bad, it's not as though one person's criticism will actually get us anywhere, do you really think Mediacorp gives a shit when they've been doing the same thing for over a decade?",t3_7q300r,14-01-2018
184,10,dsnattw,t1_dsmf2g0,Do you want to grow up to be a grumpy old man? ,t3_7q300r,14-01-2018
185,10,dsrmytp,t1_dsnk06e,"I mean, I feel like you made a jump in logic here.

Just by pointing it out that it's your country's produced garbage doesnt mean it's not mine.

Saying it's ours make it seem like such a friendly way to put it. I dont have that level of patriotism. If not I would be the one watching 50 hours of Tanglin instead of making a fairly reasonable but neutral comment on this subreddit no?",t3_7q300r,16-01-2018
186,10,dsnaxun,t1_dsnattw,[deleted],t3_7q300r,14-01-2018
187,10,dsq7yl7,t1_dsnaxun,Actually I was speaking from experience but thanks for the life update.,t3_7q300r,15-01-2018
188,10,dsyy3fr,t1_dsq7yl7,[deleted],t3_7q300r,20-01-2018
189,10,dsz5fzr,t1_dsyy3fr,yup,t3_7q300r,20-01-2018
190,10,gpo0ata,t3_lxmrzj,"Tanglin Halt Food centre will be shut down soon enough, better hustle",t3_lxmrzj,04-03-2021
191,10,gponkmv,t3_lxmrzj,Oh so this place gonna face the same fate as Dakota Crescent too?,t3_lxmrzj,04-03-2021
192,10,gpocl14,t3_lxmrzj,Love the dark shadows,t3_lxmrzj,04-03-2021
193,10,gpq6is3,t3_lxmrzj,i especially like the last photo!!,t3_lxmrzj,05-03-2021
194,10,gpqf1ts,t3_lxmrzj,"Really love that high contrast look in some of the photos! Just curious, what camera/lens are you using for these?",t3_lxmrzj,05-03-2021
195,10,gpq09da,t3_lxmrzj,Where is the park? Close to block 60? Trees are cool,t3_lxmrzj,05-03-2021
196,10,gpq1ckg,t1_gpo0ata,The curry cut rice had a suppppper long queue. Used to go there to makan the vinegar pork trotter. Shiok man.,t3_lxmrzj,05-03-2021
197,10,gppwy4g,t1_gponkmv,Yes,t3_lxmrzj,05-03-2021
198,10,gpq1dea,t1_gponkmv,Unfortunately /:,t3_lxmrzj,05-03-2021
199,10,gpq1dr3,t1_gpocl14,Thanks 🙏🏼,t3_lxmrzj,05-03-2021
200,10,gpq7oop,t1_gpq6is3,Thanks 😊,t3_lxmrzj,05-03-2021
201,10,gpqfbcp,t1_gpqf1ts,Thank you! I’m using a Fuji X100v. Edited the RAW files in Capture One.,t3_lxmrzj,05-03-2021
202,10,gpq18x7,t1_gpq09da,"Yep I think so, directly next to the open field ( block 60 ish ). Really nice with lots of filtered sun light and birds chirping.",t3_lxmrzj,05-03-2021
203,10,gpq8y7n,t1_gpq1ckg,Same!!!😭😭 I will definitely miss the curry rice and the famous mi jian kuey...,t3_lxmrzj,05-03-2021
204,10,dybiyt1,t3_8ggq8h,What does this meannnnn???,t3_8ggq8h,02-05-2018
205,10,dybjrr8,t3_8ggq8h,very lucky!,t3_8ggq8h,02-05-2018
206,10,dybirdi,t3_8ggq8h,!dreambot15,t3_8ggq8h,02-05-2018
207,10,dycpw6v,t1_dybiyt1,[For the uninitiated.](https://www.youtube.com/watch?v=OQSNhk5ICTI),t3_8ggq8h,02-05-2018
208,10,dycpsfq,t1_dybiyt1,It's so intense!,t3_8ggq8h,02-05-2018
209,10,dybirvi,t1_dybirdi,"[Here is your Deep Dream picture](https://i.imgur.com/fiZyXSs.jpg)

^^I ^^work ^^on ^^i.redd.it ^^and ^^imgur ^^posts ^^and ^^links. ^^See ^^all ^^my ^^new ^^options ^^[here](https://imgur.com/a/QWANb)

^^check ^^/r/DreamProcessor ^^for ^^my ^^new ^^command ^^options ^^and ^^all ^^of ^^my ^^creations! ^^https://github.com/PeskyWabbit/DreamProcessor",t3_8ggq8h,02-05-2018
210,10,ekiz6j6,t3_bbhdwb,"Normally you will find them where “important” people live or work. It will be remotely turned red to stop traffic to allow the person and his security to pass thru. As the red light in those circumstances will last longer than normal, the WAIT sign lights up too.",t3_bbhdwb,10-04-2019
211,10,ekiwr4y,t3_bbhdwb,Cos some driver forgot their BTT,t3_bbhdwb,10-04-2019
212,10,ekixtrr,t3_bbhdwb,Think it's probably for the right turn?,t3_bbhdwb,10-04-2019
213,10,ekiyz6p,t3_bbhdwb,Ohh wow this is new... I dont see it in the highway code books or test too.,t3_bbhdwb,10-04-2019
214,10,ekjotou,t3_bbhdwb,PM lives there.,t3_bbhdwb,10-04-2019
215,10,ekiwu9j,t3_bbhdwb,[deleted],t3_bbhdwb,10-04-2019
216,10,ekj8bmt,t1_ekiz6j6,TIL,t3_bbhdwb,10-04-2019
217,10,ekjauw5,t1_ekiz6j6,A VIP lives around that corner.,t3_bbhdwb,10-04-2019
218,10,ekj73b6,t1_ekiwr4y,Me,t3_bbhdwb,10-04-2019
219,10,ekixcw2,t1_ekiwu9j,"If a driver can't differentiate green light from red light, how are they going to drive beyond Tanglin Road where there's no ""WAIT"" signal?",t3_bbhdwb,10-04-2019
220,10,ekj1f2p,t1_ekiwu9j,That not how colorblindness works,t3_bbhdwb,10-04-2019
221,10,ekiyjsq,t1_ekixcw2,[deleted],t3_bbhdwb,10-04-2019
222,10,ekj1l43,t1_ekiyjsq,"My point is, the ""WAIT"" isn't there for colourblind drivers.",t3_bbhdwb,10-04-2019
223,10,fqzv570,t3_gltgly,Kena SERS really like hit 1st prize. I wonder if COVID-19 will affect the next round of SERS compensation?,t3_gltgly,18-05-2020
224,10,fr05ebb,t3_gltgly,"i grew up here cos my nainai lives here. lots of cats around, always fun to play with. the flats here are all tiny (way too tiny for my family then, before my nuclear family moved out) but very cozy and nice. i have many fond memories of walking around the neighbourhood with my yeye and my scooter when i was a lil kid.",t3_gltgly,18-05-2020
225,10,fr07hjj,t3_gltgly,There is a stall they sells very good roast meat in the area. Just next to the famous chicken wings stall,t3_gltgly,18-05-2020
226,10,fr09aue,t3_gltgly,"My late grandma lives in one of those flats (can't remember exact block number), all i could recall was visiting her during my childhood years and my mum would buy for my grandma saralee cakes while my grandma would prepare either fried rice or instant noodles waiting for us to arrive.",t3_gltgly,18-05-2020
227,10,fr0f61e,t3_gltgly,"My cousins and I used to walk the railway lines behind the estate when we were kids.  Not a good idea in other countries, but in the late 70's early 80's there was hardly any train traffic.",t3_gltgly,18-05-2020
228,10,fr3hjll,t3_gltgly,This is one of my favorite house to visit during CNY because my mom's cousins live there,t3_gltgly,19-05-2020
229,10,fr067j3,t3_gltgly,"kinda surprised it's not used as alternative housing for migrant workers, assuming residents have all moved out.",t3_gltgly,18-05-2020
230,10,fr0ds5l,t3_gltgly,"Isn't that where Tiong Hoe is

Daang",t3_gltgly,18-05-2020
231,10,fr089p6,t1_fr05ebb,The way u phrased this makes it sound more wholesome than expected,t3_gltgly,18-05-2020
232,10,fr0s1y3,t1_fr07hjj,there's a famous chicken wing stall?,t3_gltgly,18-05-2020
233,10,fr2fnmc,t1_fr09aue,"> **late** grandma

> **lives**

S P O O K",t3_gltgly,18-05-2020
234,10,fr0ea7l,t1_fr067j3,There’re still many residents there.,t3_gltgly,18-05-2020
235,10,fr0d8ts,t1_fr067j3,"Not atas enough, later activists, NGOs and some redditors complain that we are mistreating them again",t3_gltgly,18-05-2020
236,10,fr0s46a,t1_fr0ds5l,nope. tiong hoe is in mei ling st/Stirling road estate,t3_gltgly,18-05-2020
237,10,fr0o1pc,t1_fr089p6,why do u not expect it to be wholesome,t3_gltgly,18-05-2020
238,10,fr0s9ak,t1_fr0s1y3,Eng Kee  at 117 Commonwealth Dr,t3_gltgly,18-05-2020
239,10,fr0tgrn,t1_fr0s46a,Phew thanks,t3_gltgly,18-05-2020
240,10,fr0x7pr,t1_fr0o1pc,"maybe he think this is yishun, got cat killer",t3_gltgly,18-05-2020
241,10,fr0ufnu,t1_fr0s9ak,that's not tanglin halt estate isn't it? is that also getting torn down,t3_gltgly,18-05-2020
242,10,fr0uobo,t1_fr0ufnu,Nope. But it's within walking distance,t3_gltgly,18-05-2020
243,10,gobc4s4,t3_lpglzi,Pity. The chicken rice there is good!,t3_lpglzi,22-02-2021
244,10,gocvwni,t3_lpglzi,"Its sad that I wont be able to show my kids all the places I used to frequent growing up.

KAP / Bukit timah plaza - gone

My primary school close and merged with some other people primary school

The estate I grew up in demolished

The restaurants and food places I used to go to also all shut down

I think this is what people say when they talk about sg lacking soul. A lot of nice buildings, but nothing remains long enough for the heart to connect to",t3_lpglzi,22-02-2021
245,10,goba1v2,t3_lpglzi,"> # A trip down memory lane in Tanglin Halt, soon to be demolished

> What will be lost, and what has already changed in one of Singapore’s oldest districts? Residents and business owners share their stories with the programme On The Red Dot.

> SINGAPORE: When Tanglin Halt resident Venkatachalam Gomathi, 57, used to work late at the office, her neighbour made a point of checking whether her daughter was home alone.

> It is one of her precious memories of the next-door auntie, all of 97 years old.

> Advertisement

> Advertisement

> Venkatachalam, who has lived in Tanglin Halt with her husband for 25 years, said: “And during Chinese New Year, her children would come and give a hongbao to my daughter … Very nice. Then slowly, one by one, they all left.”

> Ngern Kah Cheng has been in Tanglin Halt even longer. The 72-year-old has been selling braised duck noodles there since 1969.

> Starting out as a street hawker. (Photo courtesy of Ngern Kah Cheng.)

> Her first stall was next to a rubbish collection centre, and she had to stop serving food every time the truck came by to collect the rubbish.

> Advertisement

> Advertisement

> Her brother, Ngern Jwee Chye, 68, later joined her as a hawker at Tanglin Halt Market and discovered the area’s “kampung spirit”. “Everyone takes care of each other,” said the laksa seller.

> His sister’s husband, 72-year-old Chua Ngen Leng, added: “Back then, our customers were the young folks. Now, they’ve become fathers and grandfathers. They bring their grandchildren here to eat. That’s almost three, four generations.”

> There is a collage of memories that many residents and visitors will have of Tanglin Halt after its 31 blocks of flats, seven commercial blocks and two markets and food centres are demolished from the end of this year.

> About to disappear.

> Advertisement

> It is the biggest project under the Selective En bloc Redevelopment Scheme since 1999, and the programme On The Red Dot discovers what will soon be missed.

> FOOD HERITAGE

> On the list are some famous food stalls that have helped to put Singapore’s hawker culture on the Unesco Representative List of the Intangible Cultural Heritage of Humanity.

> Wei Yi Laksa and Prawn Noodles, which Jwee Chye set up at Tanglin Halt Market in the 1990s, is considered one of Singapore’s most popular laksa stalls today. The queues start from as early as 6am.

> “Many traditional dishes were slowly disappearing, so after my mum taught me, I added my own flair,” he said. “She didn’t have an education, but when it came to cooking, she was number one.”

> The Ngern siblings.

> Another stall there is Tanglin Halt Original Peanut Pancake, opened in 1965 by the father-in-law of the current owner.

> Their pancake stand outs as having a distinctive flavour and a denser and chewier texture than the ones Singaporeans usually eat — and costs only 80 cents apiece.

> But owner Teng Kiong Seng is now in his mid-70s and has not yet found a successor, nor does he know the future of his stall after the market is demolished.

> He hopes, however, to continue making his famous snack until he is about 80 years old.

> WATCH: Taste these traditional snacks at Tanglin Halt before they’re gone (2:22)

> Gabrielle Kennedy, 23, a customer at the market, said: “With every stall being so different, they represent different cuisines, different cultures, and that’s just what Singapore is. So if it was to go away, it would be very sad.”

> FROM ICONS TO ARTEFACTS

> Some of Tanglin Halt’s icons are already a distant memory: The now defunct railway line, the Van Houten chocolate factory and the Setron television factory, which manufactured Singapore’s first locally-made TV sets.

> Tanglin Halt’s rows of 10-storey blocks with diagonal staircases — completed between 1962 and 1963 as one of the five initial districts within Queenstown, Singapore’s first satellite estate — have also become an iconic image.

> Doctor and food blogger Leslie Tay remembers visiting his maternal grandparents there and what his mother “always” told him: Their unit had “so many people” that she “got married quickly to get out of the house”.

> A few of the residents have moved out already.

> He now feels “quite sad”, although Kiong Seng told him they “shouldn’t complain”. The hawker said: “To transform the entire area and upgrade the buildings is a must … This is part of Singapore’s future development.”

> Still, with having to leave it all behind, many residents and business owners have sentimental feelings about their personal connections in the district.

> “It’s a pity. I’m very emotionally invested in this place,” said 71-year-old Alice Tan, the owner of Alice’s Hair and Beauty Shop, which has been around for 50 years.

> Everyone including the customers get along well. So I feel a sense of loss and unhappiness. When the time comes to leave, I’m not sure how I’ll accept it.

> All will not be lost, however. Museum @ My Queenstown, located in Tanglin Halt, contains artefacts from bygone industries and buildings that were once part of the neighbourhood.

> About 150 volunteers help to manage and curate this museum.

> Non-profit organisation My Community opened the museum in 2018 and has also collected stories and old photographs from residents, to be preserved at the new museum in Margaret Drive.

> VILLAGE CHIEF

> Tanglin Halt even has a village chief, as Alice Lee, 73, is fondly known as — or whom Leslie referred to as the “queen of Queenstown”.

> She has lived there for 53 years now and is one of the head volunteers with the Queenstown Residents’ Committee.

> Asked about the story behind her “village chief” moniker, she said: “I used to help (residents) keep their keys in my house. Whenever they needed their key, (if) they’d lost a key or anything, they’d come to my house.

> “One of the uncles lost (his) key. He had to call the key maker at midnight to come and open the door. They charged S$80. From then on, I said you can come over to my house and get your keys.”

> WATCH: The full episode — Tanglin Halt: Bidding farewell to some of Singapore's oldest flats (23:10)

> Residents could also get a nice view from her windows, which look out on greenery. Every day at 5pm, she takes a photograph of the scenery. “The view every day is different. The sky, everything, is different,” she said.

> “Then I can keep (the photos) … for memories.”

> Watch this episode of On The Red Dot here. The programme airs on Channel 5 every Friday at 9.30pm.

---
1.0.2 | [Source code](https://github.com/fterh/sneakpeek) | [Contribute](https://github.com/fterh/sneakpeek)",t3_lpglzi,22-02-2021
246,10,gobd53c,t3_lpglzi,I find the laksa a little bland for my liking. The variety of toppings are good though!,t3_lpglzi,22-02-2021
247,10,gobod2j,t3_lpglzi,Omg me fam adores the peanut cake here! It’s made by hand from scratch and chock full of peanuts..I sure would be sad to see it go ☹️,t3_lpglzi,22-02-2021
248,10,goehyk5,t3_lpglzi,Where are they relocated to?,t3_lpglzi,23-02-2021
249,10,gobnnd6,t3_lpglzi,"My brother is staying there. As much as it's sad to watch old redevelopments go. 

The area really does need to be demolished. It's a really old neighbourhood!",t3_lpglzi,22-02-2021
250,10,e0bjsmd,t3_8piu3z,Stay at home if possible. ,t3_8piu3z,08-06-2018
251,10,e0bo904,t3_8piu3z,Kim is staying at St Regis while Trump stays at Shangri-la? ,t3_8piu3z,08-06-2018
252,10,e0cz37a,t3_8piu3z,I won't leave my house till those two assholes leave. ,t3_8piu3z,09-06-2018
253,10,e0ceyo0,t3_8piu3z,Gdi I live near there ,t3_8piu3z,08-06-2018
254,10,f0ks41j,t3_d53uks,"In my view, Dempsey should be redeveloped to make it more walkable. It's currently set up for people to drive to their single destination, eat/shop there, and then drive away. Business would improve, I think, if they connected the shops by walkways and cut down on the amount of asphalt. I might eat at one place and then wander around looking at the shops, which I don't do now because it's not pleasant walking in the street under the sun. There aren't even proper sidewalks, much less the shady/green walkways that they could develop.",t3_d53uks,17-09-2019
255,10,f0kka59,t3_d53uks,Dempsey hill is rather lively. Is rejuvenation really need?,t3_d53uks,17-09-2019
256,10,f0jdtnx,t3_d53uks,"SINGAPORE - Before Dempsey Hill sprung up in 2007, Samy's Curry was already drawing legions of loyal diners to the former military barracks.

Now, the Dempsey institution is among a number of businesses in Tanglin Village facing uncertainty over their future as the authorities finalise their plans for the next phase of its transformation.

With six months until master tenant Country City Investment's (CCI) lease for 17 blocks in the Dempsey cluster ends, some 30 sub-tenants are awaiting confirmation on whether their leases will be renewed.

Ms Nagajyothi Mahendran, director of Samy's Curry, said that the no-frills eatery started by her grandfather in the 1960s has been located for 40 years in the same building that once housed the Civil Service Club.

The restaurant was previously located in Tank Road and Pearl's Hill.

""We can't imagine moving anywhere else - we're not even thinking of plan B,"" she said. But she added that she is confident that the eatery will be able to stay.

However, two long-time tenants have already been told that they will have to vacate when their lease expires in March 2020.

Last month, a tender was launched for the four blocks occupied by The Wine Company and furniture store Timothy Oulton at CuriO for spa and wellness use.

The Singapore Land Authority (SLA) told The Straits Times that it is working on ""an overall concept master plan and a thematic approach to rejuvenate the clusters in Tanglin Village"".

Over the last year, six other conserved blocks had been put up for tender after their leases ended. They are now occupied by a co-working and fitness centre, a family club and eateries.

This included the extension of the Como Dempsey complex, which features upmarket eateries and shops, and marks the completion of the first phase of plans to introduce new concepts, the SLA said.

Plans for the remaining blocks will be announced when ready, it added.

Last year, the SLA issued a two-year tenancy term to CCI to ensure business continuity for existing tenants while it carried out enhancements to the area's infrastructure.

Visible improvements to Tanglin Village, which spans 40ha across the Dempsey, Loewen and Minden clusters, include new pedestrian walkways and signs.

The four blocks now up for tender are located adjacent to Como's complex, and observers said that it could be eyeing further expansion with its wellness brand Como Shambhala.

Asked whether it would be participating in the tender, a spokesman for Como said that it was premature to comment.

CCI's general manager Nicholas Ng said that it is working to find alternate locations for the displaced tenants, and awaiting updates from the SLA on its master lease.

The Wine Company's co-owner, Ms Belinda Lim, said that the store will be moving to a smaller unit at Block 9, which has been vacated by gourmet store and bistro Culina.

Culina, which is under Como Lifestyle, is now located within Como Dempsey.

Ms Lim said that while she had been eyeing other locations, she decided to stay within Dempsey as it has been home since 2003.

CCI, which developed Dempsey Hill in 2007, helped to brand the area as a lifestyle enclave and now has more than 50 sub-tenants across the Dempsey and Loewen clusters.

Tanglin Village, which originated as British military barracks in the 1860s, was also headquarters for the Ministry of Defence before being let out mainly to furniture stores in the 1990s.

Mr Ng said that CCI's vision was to create a lifestyle destination, set among lush greenery, that appealed to locals and expats alike.

""We inherited the furniture tenants who were pioneers here, and tried to find ways to fit them into the overall concept we had,"" he said.

Long Beach Seafood was brought in to complement Samy's Curry next door, while Dempsey Hill featured more international concepts, including Jones the Grocer and other new-to-Singapore brands.

The blocks bounded by Loewen Road, meanwhile, focused on commercial schools and family-related activities.

As Tanglin Village enters its next stage of transformation, some long-time tenants worry that they will no longer have a place in it.

Hedger's Carpet Gallery was relocated to another unit within Dempsey when Block 15 was returned to the SLA last year, and the new premises have been in need of repair, said owner Peter Hedger.

But with the two-year lease hanging over his head, he has been putting off renovations.

""We're all in limbo. The sooner we know, the sooner we can make arrangements,"" he said.

Ms Glenda Lim, who has run wood furnishing store Maywell Lifestyles with her husband since 1996, said that business has slowed over the years amid a thinning expat clientele.

The store survives on regular customers and foot traffic from Como Dempsey.

""We hope to stay on because our history here is so long - it's sentimental value more than anything else,"" she said.

Other Dempsey establishments, including Open Farm Community, White Rabbit and Huber's Butchery, which lease their spaces directly from the SLA, said that they have some years left and plan to stay on.

Businesses in the area said that while plans to jazz up Tanglin Village are welcome, they hope that it will retain its unspoilt charm.

IT executive Justin Chin, who has been frequenting Tanglin Village for the last 30 years, said that the area could benefit from more nightlife options, such as cocktail bars.

Mr Chin, who is in his 50s, said: ""The tenant mix now is a bit rojak, but it's not a bad thing. You don't want it to be too homogeneous or commercial, like another mall.""",t3_d53uks,16-09-2019
257,10,f0p2abg,t1_f0ks41j,"Please no, sheltered walkways will ruin the kampung vibe.",t3_d53uks,18-09-2019
258,10,f0kv0hd,t1_f0kka59,I love the rustic feel of Dempsey. I don’t see why they have to modernise anything.,t3_d53uks,17-09-2019
259,10,f0s6won,t1_f0p2abg,"Shady/green meaning trees, not metal.",t3_d53uks,19-09-2019
260,10,f0kw7tw,t1_f0kv0hd,"Same. If anything, they should ""un-modernise"" by making it more green and walkable.",t3_d53uks,17-09-2019
261,10,g1fz4ax,t3_i9m3na,"1: Yes
2: Much Much later episode",t3_i9m3na,14-08-2020
262,10,g1g9wyo,t3_i9m3na,"Yes to the first.

To the second, no idea when she arrived but remember that they ALL found out that Tanya was Liyan and Bhasker's daughter when his son was going for surgery for his cancer(super soap opera this one LOL)",t3_i9m3na,14-08-2020
263,10,eb51u5c,t3_a3c6ly,Go Beyoncé? My initial though was he put a ring on the car...,t3_a3c6ly,05-12-2018
264,10,fztlprz,t3_i0sz18,"ooooooooooh. 

https://www.asiaone.com/News/Latest%2BNews/Singapore/Story/A1Story20120830-368486.html 

Part of campus was old MHA HQ and I heard rumours of cells and even an underground tunnel.",t3_i0sz18,31-07-2020
265,10,fzydunl,t1_fztlprz,I see,t3_i0sz18,01-08-2020
266,10,f2yhbqy,t3_degpmj,"Are you an expat? 

Tanglin ain’t a cheap place to live so there isn’t going to be a good old fashioned body building gym within walking distance because most of the people who live there are white mothers with children and rich hubbies.

Your best bet is taking a bus to orchard road and checking out Pure Gym at Takashimaya",t3_degpmj,07-10-2019
267,10,f2v06ys,t3_degpmj,Your google spoil ah?,t3_degpmj,07-10-2019
268,10,f2v5mdz,t3_degpmj,There's a 24/7 gym at Valley Point Shopping Centre. There's a F45 (fitness class). There's also a golds gym along river valley road.,t3_degpmj,07-10-2019
269,10,f2v3cxi,t3_degpmj,Yeah more details as to what you are looking for in a gym helps. Classes? Machines?,t3_degpmj,07-10-2019
270,10,f2v1la3,t3_degpmj,[deleted],t3_degpmj,07-10-2019
271,10,f3bbxxi,t1_f2yhbqy,Good gym but holy cow expensive af.,t3_degpmj,11-10-2019
272,10,f2ypnc4,t1_f2yhbqy,Thanks will do,t3_degpmj,08-10-2019
273,10,f2v0h57,t1_f2v06ys,"I can google fine, fool, but would like to learn what the reddit community thinks.  Also searched the forum, but nothing on point for my area.",t3_degpmj,07-10-2019
274,10,f2ve56g,t1_f2v5mdz,"I think that Gold's is personal trainer only though.  Not really what I am looking for.  The 24/7 gym looks pretty good, although wish it had Hammer incline.",t3_degpmj,07-10-2019
275,10,f2ve0tn,t1_f2v3cxi,"Good point, please see edit.",t3_degpmj,07-10-2019
276,10,f2ve1mw,t1_f2v1la3,"Good point, please see edit.",t3_degpmj,07-10-2019
