,district_num,title,score,id,url,comms_num,created,body
0,10,TIL Singapore is a part of Holland,1145,c3vtww,https://i.redd.it/0t4lws95qy531.jpg,113,23-06-2019,
1,10,Time to enforce fines again? (At Holland Village; shared on social media),538,hc2y8x,https://i.redd.it/3i18uipf0w551.jpg,204,19-06-2020,
2,10,Holland Village,382,fqjkj9,https://i.redd.it/h0lt9r1ltep41.jpg,20,28-03-2020,
3,10,The rail corridor at Holland area looks almost done,239,ivmlkt,https://i.redd.it/idn430t0j1o51.jpg,50,19-09-2020,
4,10,Holland V again!,215,hcnvnp,https://v.redd.it/krqn24h603651,90,20-06-2020,
5,10,Owner devastated to find 3m-long python swallowing pet dog outside Holland Link condo,198,l39842,https://www.asiaone.com/singapore/owner-devastated-find-3m-long-python-swallowing-pet-dog-outside-holland-link-condo,86,23-01-2021,
6,10,"Authorities close Holland Village eatery, outdoor refreshment areas along the area removed: Lawrence Wong",171,hcj4nu,https://mothership.sg/2020/06/holland-village-phase-2-result/,26,20-06-2020,
7,10,Old but enforced. I was buying a game from Carousell and was meeting the seller at Holland V's MRT. The staff politely told me that standing at unpaid area is not allowed.,112,k30tsl,https://www.todayonline.com/singapore/doing-business-mrt-stations-could-earn-you-fine,48,29-11-2020,
8,10,Dog lost at Old Holland Road. It's a male and he doesn't have a collar. DM if you think he's yours.,96,94jlp2,https://imgur.com/gallery/TJMBxYt,7,04-08-2018,
9,10,"Old school snacks being sold here, it's at Holland village market. The lady there is great. Must walk down to the ""wet market"" area and it's at the right side of the stairs going down to the market.",88,bgepi9,https://i.redd.it/5h3urg0bpzt21.jpg,23,23-04-2019,
10,10,"Sunset, as seen from Holland Village",82,88i1ck,https://i.redd.it/jmv7bsvt23p01.jpg,15,31-03-2018,
11,10,"Suddenly realised I miss the old building that was there before at Holland V, maybe I’m sentimental, but this Monster of a building seemed to have suddenly appeared, quite strangely coloured, mechanical facade fixings and details, cluttered shop layouts, like a mini lost cousin of ion orchard",73,bco06r,https://i.redd.it/nkq1oztzdzr21.jpg,32,13-04-2019,
12,10,"Increased patrols, enforcement action to be taken at nightspots like Holland Village: Masagos",66,hcgz9v,https://mothership.sg/2020/06/holland-village-phase-2-crowded/?fbclid=IwAR1LHAB6scajXMAlBPiIkQxv5HivcaD9fF21goCMQGe-bSrEFFz6BKZjh3Y,43,20-06-2020,
13,10,[SERIOUS] What to ask - Attending a reception with President Halimah Yacob in Holland,29,9ysqsp,https://www.reddit.com/r/singapore/comments/9ysqsp/serious_what_to_ask_attending_a_reception_with/,35,20-11-2018,By luck of the draw I happen to be in Holland at the same time as Madam President's visit and will be attending the reception for Singaporeans in Amsterdam. What are some pressing concerns or topics that would make sense bringing up to her attention? I am going to meet the president and am wondering how I can best make use of this opportunity other than a photo of a lifetime. I am traveling in Europe and working in Switzerland. What should I do with my two-cents?
14,10,Holland Village quiet on phase 2 second night after govt & rain step in,34,hcri0n,https://mothership.sg/2020/06/holland-village-phase-2-lorong-mambong/?fbclid=IwAR2j-HFZ6ABrWV4g0dv3SQ_7__HTQ1n9_vFQGDXFXliSgevXIU_fyMzjPVM,3,21-06-2020,
15,10,2 men arrested after late-night fight at Lorong Mambong in Holland Village,19,hdknol,https://www.channelnewsasia.com/news/singapore/covid-19-police-lorong-mambong-fight-men-arrested-12856656,7,22-06-2020,
16,10,Holland Road Shopping Centre carpark on sale with $32m guide price,10,dhzqr0,https://www.straitstimes.com/business/property/holland-road-shopping-centre-carpark-on-sale-with-32m-guide-price,4,15-10-2019,
17,10,First timer to Singapore! Help me choose between Katong and Holland Villagio.,11,7qu5xk,https://www.reddit.com/r/singapore/comments/7qu5xk/first_timer_to_singapore_help_me_choose_between/,31,17-01-2018,"Hello r/Singapore! I'll be living in Singapore temporarily next month. I'll be working on a short term project with a client, so I'll be around for maybe 3 months, definitely not longer than 4. 

I've been looking at room rentals and narrowed it down to 2 locations at similar prices. 

- Holland Village
- Katong (near Roxy Square mall)

Can someone give me the pros/cons of these two places? From what I can gather 

Holland Village Pros: Right next to MRT subway station, decent nightlife scene, quieter neighborhood. 

Katong Pros: More dining options, the beach is 10mins bike ride away

Their cons are basically the opposite of each other. 

My job during the 3-4 months doesn't require me to go down to the client site everyday. Just twice a week for the mandatory Monday & Wednesday meetings and maybe some Fridays. The client office is in Raffles City financial district and from the maps, Katong and Holland Villagio are somewhat equidistant. 

For me, what's important is having good internet (I'm assuming it's all good in Singapore), easy access to biking or running tracks, easy access to wide variety of food, chance of meeting local people, access to live music at bars and a safe neighborhood. 

I don't plan to be cooking much or at all, so only grocery shopping I need to do is for breakfast food like cereal and milk. 

So with what I've shared, am I better off in Katong or the Holland Villagio?

Thanks!

"
18,10,"Singapore GE2020: PAP, SDP state case to voters in Holland-Bukit Timah",9,hnbe0n,https://www.straitstimes.com/politics/pap-sdp-state-case-to-voters-in-holland-bt-timah?xtor=CS3-18&utm_source=STiPhone&utm_medium=share&utm_term=2020-07-08%2013%3A07%3A40,1,08-07-2020,
19,10,Looking for a salon (previously) at Holland Village,3,bzl5rz,https://www.reddit.com/r/singapore/comments/bzl5rz/looking_for_a_salon_previously_at_holland_village/,7,12-06-2019,"3 Lorong Liput, or Holland Piazza at Holland Village (opposite the Hawker center, and beside the magazine store after a small street) used to have a salon on the second level (turn left from escalator, first store iirc) before it was renovated. After renovation, Saizeriya sits in its place. The salon was ran by Singaporeans, but they follow Japanese style. Any ideas where the salon moved to?"
20,10,Holland Village businesses worry about carpark closure,2,946hmo,https://www.tnp.sg/news/singapore/holland-village-businesses-worry-about-carpark-closure,0,03-08-2018,
21,10,"Singapore GE: Five-year masterplans announced for Tanjong Pagar, Holland-Bukit Timah GRCs",0,hdi5uc,https://www.straitstimes.com/politics/five-year-masterplans-announced-for-tanjong-pagar-holland-bukit-timah-grcs,12,22-06-2020,
