,district_num,title,score,id,url,comms_num,created,body
0,15,Beautiful rainbow seen from Tanjong Rhu— maybe a sign of good things to come?,1150,hb3m5a,https://i.redd.it/558xloq0ak551.jpg,61,18-06-2020,
1,15,Tanjong Rhu in a peaceful late afternoon,904,dx0kj9,https://i.redd.it/cublp3digyy31.jpg,37,16-11-2019,
2,15,Tanjong Rhu at sunset,128,8ck52x,https://i.redd.it/8alvx3q6h6s01.jpg,4,16-04-2018,
3,15,"Reckless cyclists, PMD users spur Braddell Heights, Tanjong Rhu residents into action",8,9femal,https://www.todayonline.com/singapore/reckless-cyclists-pmd-users-spur-braddell-heights-tanjong-rhu-residents-action,3,13-09-2018,
4,15,The view yesterday from the Tanjong Rhu bridge,2,e2cosy,https://i.redd.it/f89xejp2o6141.jpg,0,27-11-2019,
