,district_num,title,score,id,url,comms_num,created,body
0,3,Posted by Bukit Merah West Police on Facebook.,2582,feey2l,https://v.redd.it/5mdas0j4l2l41,69,06-03-2020,
1,3,Bukit Merah West Police is back at it again. Haha. But the first one was definitely better,452,fhzdm1,https://v.redd.it/ixf51g2nvfm41,29,13-03-2020,
2,3,Old is gold: blue/green classic Merc spotted (Bukit Merah),317,h7iibd,https://i.redd.it/o2ckovgulg451.jpg,30,12-06-2020,
3,3,"(Jasper Saga update) Spotted at 10.10am at blk 2 Jalan Bukit Merah, near ABC Market, Alexandra Village.",271,lf33r2,https://i.redd.it/tamybv70d6g61.jpg,11,08-02-2021,
4,3,Spotted at Bukit Merah. Looks like sea otters are now considered auspicious.,271,l5ymxd,https://i.redd.it/jitt4845ptd61.jpg,16,27-01-2021,
5,3,Coronavirus: 21 vacant HDB blocks in Bukit Merah being refurbished to house essential foreign workers,119,fx1c1k,https://www.straitstimes.com/singapore/coronavirus-21-vacant-hdb-blocks-in-bukit-merah-being-refurbished-to-house-essential,35,08-04-2020,
6,3,Long Exposure/HDR from Bukit Merah,107,krcuoh,https://i.redd.it/106bf4d65m961.jpg,12,06-01-2021,
7,3,"Woman dies after taxi ploughs into pedestrians at junction of Jalan Bukit Merah, Alexandra Road",62,b4h9tq,https://www.channelnewsasia.com/news/singapore/smrt-taxi-ploughs-pedestrians-queensway-alexandra-bukit-merah-11372138,17,23-03-2019,
8,3,CNA | Don't Call Us Poor | Ep 1: Life In Bukit Merah,52,blq7m4,https://www.youtube.com/watch?v=Wf6tQcGBpM8,14,07-05-2019,
9,3,"2.5m python caught in HDB flat in Jalan Bukit Merah area, pees while being caught",29,8zr6sx,https://www.straitstimes.com/singapore/environment/25m-python-caught-in-hdb-flat-in-jalan-bukit-merah-area-pees-while-being,15,18-07-2018,
10,3,"Beauty warehouse sale turns into ugly, crowded situation in Bukit Merah",31,dzxc28,https://coconuts.co/singapore/news/black-thursday-beauty-fresh-jalan-kilang-warehouse-sale-turns-into-ugly-crowded-situation-in-bukit-merah/,11,22-11-2019,
11,3,bukit merah swimming complex - what is the history here?,34,kyyqi8,https://remembersingapore.org/2013/01/10/singapore-old-swimming-complexes/bukit-merah-swimming-complex-1982/,22,17-01-2021,
12,3,Sad day for shutdown of Bukit Merah library. Sacrificed for another showcase library for tourists.,17,a23rh4,https://i.redd.it/hcxb2bobno121.jpg,32,01-12-2018,
13,3,Don't Call Us Poor: Ep 1: Life In Bukit Merah,20,bml8b0,https://youtu.be/Wf6tQcGBpM8,16,09-05-2019,
