,district_num,comment_id,comment_parent_id,comment_body,comment_link_id,created
0,3,gdtro8f,t3_k2dk3p,Missed opportunity to color match with Ruby and Sapphire,t3_k2dk3p,28-11-2020
1,3,gdtqu9d,t3_k2dk3p,To me its just lan jiao and ang jiao.,t3_k2dk3p,28-11-2020
2,3,gduajcw,t3_k2dk3p,"Diamond is crazy, and time spent with Gold is definitely an experience.",t3_k2dk3p,28-11-2020
3,3,gdty3me,t3_k2dk3p,My ground floor neighbours across the street have these kind of parrots. I’m on higher floors/level but I still hear their noise.,t3_k2dk3p,28-11-2020
4,3,gdtset2,t3_k2dk3p,wasnt it raining just awhile ago,t3_k2dk3p,28-11-2020
5,3,gdu0ilb,t3_k2dk3p,Pokemon version?,t3_k2dk3p,28-11-2020
6,3,gdu94lu,t3_k2dk3p,Hi latias hi latios,t3_k2dk3p,28-11-2020
7,3,gduhe04,t3_k2dk3p,Bro wtf I remember seeing you at my lift lobby at telok Blangah crescent,t3_k2dk3p,28-11-2020
8,3,gduqny9,t3_k2dk3p,Wow are these birds domesticated? Or wild sightings,t3_k2dk3p,28-11-2020
9,3,gdu0at9,t3_k2dk3p,What about diamond and pearl,t3_k2dk3p,28-11-2020
10,3,gdw4xuj,t3_k2dk3p,Which one speaks Hokkien and which one speaks Csntonese? The owner probably speaks Mandarin....,t3_k2dk3p,28-11-2020
11,3,gducjy2,t3_k2dk3p,"I have been there this morning at 5am. The same empty bottles were present on the stump in the background.  
Now I think I could bump them off to the trash... however I was hoping for a KOM on Strava :D",t3_k2dk3p,28-11-2020
12,3,gdtrzd9,t1_gdtro8f,Maybe some people just don't like hoenn,t3_k2dk3p,28-11-2020
13,3,gduchfo,t1_gdtro8f,Moltress and Articuno,t3_k2dk3p,28-11-2020
14,3,gduiq82,t1_gdtro8f,red & blue more appropriate...Pika!,t3_k2dk3p,28-11-2020
15,3,gdu5s8j,t1_gdtro8f,How about Pearl and Silver,t3_k2dk3p,28-11-2020
16,3,gdudvcc,t1_gdtqu9d,and kukujiao is sleeping,t3_k2dk3p,28-11-2020
17,3,gduu8zl,t1_gduajcw,"I bet the owner's bond with Diamond, is unbreakable",t3_k2dk3p,28-11-2020
18,3,gdui0hn,t1_gduajcw,is that a jojo reference 👀,t3_k2dk3p,28-11-2020
19,3,gdu1e4m,t1_gdty3me,"Similar situation here. Those distress squawks have definitely evolved to be heard from as far away as possible.

Poor macaws.

PS - you can report them using the oneservice app, but no guarantees on the effectiveness of the actions they take.",t3_k2dk3p,28-11-2020
20,3,gducn7e,t1_gdtset2,It stopped after 15 min of intense rain at Mt Faber.,t3_k2dk3p,28-11-2020
21,3,gdujxfb,t1_gdui0hn,yesn't,t3_k2dk3p,28-11-2020
22,3,gdu5d4i,t1_gdu1e4m,"Uh..Report them for what exactly?

Those are NOT distress calls you are hearing. What you are hearing is most likely a contact call, all birds do it from time to time to check whether other members of their flock are around. Depending on the species some birds may do it for hours on end, like lovebirds, and some parrots only make a few calls in the morning, afternoon and evening.",t3_k2dk3p,28-11-2020
23,3,gdud4xx,t1_gdu5d4i,"https://www.animalwised.com/4-signs-of-stress-in-parrots-2714.html

> The second **sign of stress in parrots is continued screaming**. It is also one of the most common causes of pet owners abandoning birds. Oral communication in parrots is a natural and common behavior. **When their vocalization becomes more acute and repetitive, it is often an alarm signal which the bird uses to call out in distress.** They may even be calling out to distant relatives who are not in their vicinity.

> When these cries become constant and repetitive for no apparent reason, it is abnormal and may be a sign of boredom or stress. It has been shown that parrots paired with other birds are less likely to develop these signs of stress. This is from a study carried out on young Orange-winged Amazon parrots in 2003[2].

Yup, calling out to your own species for hours and days on end and not receiving a response, definitely *totally* not distressing at all.

Looks like my comment above found the irresponsible parrot and macaw keepers.

Edit: and to answer your first question, there's a ""Birds Issue"" sub-category under Submit Case -> Animals & Birds, which I presume is for notifying NParks of possible pet neglect.",t3_k2dk3p,28-11-2020
24,3,gduiiqh,t1_gdud4xx,"1) They are not necessarily seeking out their own species. The birds will call to their own owners as well. 

The contact calls you are hearing are for their owners. Do the birds in your apartment actually call for hours on end? Since you say that your neighbour owns macaws, screaming is a given. And they have a morning call, an afternoon call and an evening call. All of this is NORMAL in parrots. Depending on the species, each call session may last up to an hour or a little over that. 

2) I mentioned that they are not seeking out their own species. Why is that? 

That's because a good number of parrots found nowadays are no longer wild caught. Yes we still get exports for certain species of parrot, i.e many Cacatua, Amazona and Psittacula species in the trade are still wild-caught. However, many of the macaws and conures, two of the more common birds found in the trade, tend to be from captive bred origins. In fact, we have a local breeder in Singapore for macaws, where most of the macaw owners in Singapore get their birds from. These parrots are hand-raised, therefore they imprint on humans. In this regard, they will often seek out their owners when they perform their calling. This is a behaviour that cannot be altered, however we can minimise how long the bird calls for.

If, you are absolutely postively sure that the birds in your area are distressed and are not performing their natural calls, then I will apologise. However, from a non-bird owner's POV, it is very easy to assume that the animal's natural behaviour may come across as distressing or abuse. 

Also, the Bird Issue under NParks is not for pet parrots. It is for ""nuisance wild birds"" such as koels, mynahs or parakeets that make their loud evening calls as they settle in for the night or for an overpopulation of birds like pigeons or mynahs near residential areas.",t3_k2dk3p,28-11-2020
25,3,gdufrbg,t1_gdud4xx,"Tbf you responded to the dude saying he could still hear the 'noise'.

He didn't define exactly what type of noise and now we have all this here.",t3_k2dk3p,28-11-2020
26,3,gdui4ml,t1_gdufrbg,"Well, you're right, I can't speak for the dude/dudette (I only know what I'm hearing on a daily basis are the distress squawks of a macaw), that parrot/macaw from across their street could totally be revving its motorcycle at 2am in the middle of the night, perhaps booming manyao in the process.",t3_k2dk3p,28-11-2020
27,3,gdunxm6,t1_gdui4ml,"Once again I ask you, how do you KNOW for sure that the birds are distress calling? How long does the call last? How frequent are the calls in between one another? What is the pitch of the call? 

This video explains what a contact call is as plenty of people often mistake a contact call for a distress/alarm call:
https://youtu.be/ZLdYJhbGMOg

Because to someone who has 13-odd years on avian behaviour and husbandry (I personally keep birds and have worked with them in captive and wild settings, as well as worked as an avian trainer for awhile), what may sound like a distress call to you may be something that we know is totally normal behaviour for these animals.",t3_k2dk3p,28-11-2020
28,3,giwi5js,t3_kv3skb,Wow! When was the picture below taken?,t3_kv3skb,11-01-2021
29,3,gixqwu3,t3_kv3skb,Take one for Clementi Forest also,t3_kv3skb,11-01-2021
30,3,giwkwwf,t3_kv3skb,Are you the OP? Or is there a source for this image? I would love to find out more!,t3_kv3skb,11-01-2021
31,3,giwngdh,t3_kv3skb,"Wow, time has changed so much between the two photos!",t3_kv3skb,11-01-2021
32,3,giybyoa,t3_kv3skb,Is that the same tree?,t3_kv3skb,12-01-2021
33,3,giydklj,t3_kv3skb,Flying cars by the time we get to SG100,t3_kv3skb,12-01-2021
34,3,giymf9s,t3_kv3skb,Hmm that tree looks new,t3_kv3skb,12-01-2021
35,3,giz1135,t3_kv3skb,This photo is amazing.,t3_kv3skb,12-01-2021
36,3,giz2rxv,t3_kv3skb,I just passed by this stretch yesterday morning during a hike. Cooling weather up there.,t3_kv3skb,12-01-2021
37,3,gixx3j6,t3_kv3skb,Hey those people disappeared in the more recent picture too.,t3_kv3skb,11-01-2021
38,3,gizjndg,t1_giwi5js,From the website it states 1969,t3_kv3skb,12-01-2021
39,3,giybp4c,t1_gixqwu3,You can’t... you can’t just go back in time and take a picture man,t3_kv3skb,12-01-2021
40,3,giz7l62,t1_giybp4c,Perhaps he means taking one now for posterity,t3_kv3skb,12-01-2021
41,3,ej6md95,t3_b4f37k,Too much sharpening.,t3_b4f37k,23-03-2019
42,3,ej6eu9t,t3_b4f37k,chill out with the hdr,t3_b4f37k,23-03-2019
43,3,ej6em0n,t3_b4f37k,i'm on top of the world,t3_b4f37k,23-03-2019
44,3,ej6ni1s,t1_ej6md95," 

Thanks for the feedback!

Made some adjustments, do take a look! :)

[https://imgur.com/a/15lcvz7](https://imgur.com/a/15lcvz7)",t3_b4f37k,23-03-2019
45,3,ej6nhpe,t1_ej6eu9t,"Thanks for the feedback! 

Made some adjustments, do take a look! :)

[https://imgur.com/a/15lcvz7](https://imgur.com/a/15lcvz7)

&#x200B;",t3_b4f37k,23-03-2019
46,3,ej6hib7,t1_ej6em0n,Looking down on creation,t3_b4f37k,23-03-2019
47,3,ej6o1t7,t1_ej6ni1s,That’s more natural:).,t3_b4f37k,23-03-2019
48,3,fvi64jr,t3_hcpbp4,Love that double rainbow!,t3_hcpbp4,21-06-2020
49,3,fvhpubz,t3_hcpbp4,Was about to leave Phase1 and all the rainbows appeared at the same time,t3_hcpbp4,21-06-2020
50,3,fvged35,t3_hcpbp4,right on to SGH.,t3_hcpbp4,20-06-2020
51,3,fvgxoyh,t3_hcpbp4,"Wow, rainbow again.  Nice.   This is the third or fourth rainbow pic here.  Rainbow ""visiting""  Sg these few days.  Hope more good things to come.",t3_hcpbp4,20-06-2020
52,3,f0v3kwv,t3_d6qrag," Mount Faber Line of Singapore Cable Car Sky Network Closed for Scheduled Maintenance Works from 16 to 22 September 2019 

&#x200B;

 [https://static1.squarespace.com/static/5bb6e0484d8711057dc744ca/t/5d3eae032c68610001680d4d/1564388870150/Circular\_Mount+Faber+Line\_Final.pdf](https://static1.squarespace.com/static/5bb6e0484d8711057dc744ca/t/5d3eae032c68610001680d4d/1564388870150/Circular_Mount+Faber+Line_Final.pdf)",t3_d6qrag,20-09-2019
53,3,f0v3ecv,t3_d6qrag,Time for Lee Hsien Loong to organise another rescue mission?,t3_d6qrag,20-09-2019
54,3,f0xp0u0,t1_f0v3kwv,Ohhh,t3_d6qrag,21-09-2019
55,3,f0va9z1,t1_f0v3ecv,Brigadier General Lee,t3_d6qrag,20-09-2019
56,3,f95hfkb,t3_e3vhz0,have you not seen damn clouds before?,t3_e3vhz0,30-11-2019
57,3,f95j1j2,t1_f95hfkb,dont likedat la. people like to blog about it ma. oh wait is this place a blog?,t3_e3vhz0,30-11-2019
