,district_num,title,score,id,url,comms_num,created,body
0,3,Sunset over Harbourfront,1230,dkft7s,https://i.redd.it/tzt1okswzmt31.jpg,14,20-10-2019,
1,3,Security Exercise at Harbourfront MRT today. Guess I'll take a grab instead...,730,ckwg59,https://i.redd.it/fmlptkwmexd31.jpg,60,02-08-2019,
2,3,View from Harbourfront this morning,60,bz6huu,https://i.redd.it/uiy4m5d5wm331.jpg,4,11-06-2019,
3,3,New library@harbourfront in VivoCity opening 12 Jan,51,9t78n0,https://www.straitstimes.com/singapore/new-libraryharbourfront-in-vivocity-expected-to-draw-15-million-visitors-a-year,16,01-11-2018,
4,3,Don Don Donki at HarbourFront Centre to open on Oct. 30,54,jgk3do,https://mothership.sg/2020/10/don-don-donki-harbourfront-centre-october-30/,30,23-10-2020,
5,3,Found wallet on MRT when boarded at Harbourfront belonging to Ian Ang,25,7pne9q,https://www.reddit.com/r/singapore/comments/7pne9q/found_wallet_on_mrt_when_boarded_at_harbourfront/,13,11-01-2018,"But unfortunately, no ID inside, except for a few coins.

Sorry dude. I have no idea how to return this to you.

[https://i.imgur.com/bnc5Rqp.jpg](https://i.imgur.com/bnc5Rqp.jpg)

EDIT: claim it at Punggol MRT!"
6,3,MRT commuters at Harbourfront station to undergo screening as part of exercise on Aug 2,12,cea6so,https://www.straitstimes.com/singapore/mrt-commuters-at-harbourfront-station-to-undergo-screening-as-part-of-exercise-on-aug-2,4,17-07-2019,
7,3,Marine Parade cat carer disputes town council’s allegations in moving 2 cats to Harbourfront,10,b6v3f7,https://mothership.sg/2019/03/marine-parade-town-council-cat-caregiver/,13,29-03-2019,
8,3,[PSA] Circle line towards HarbourFront delayed,1,824ij6,https://www.reddit.com/r/singapore/comments/824ij6/psa_circle_line_towards_harbourfront_delayed/,0,05-03-2018,"I'm in the train now and we aren't leaving the station. They are apparently experiencing a train fault. Don't waste your time, take the bus instead.

Edit : Service resumed now"
