,district_num,title,score,id,url,comms_num,created,body
0,3,A picture I took while visiting home for the holidays. At Keppel Bay.,722,emia0o,https://i.redd.it/y01qi9ngbu941.jpg,22,10-01-2020,
1,3,Spotted in Keppel Bay - the US$100 million White Rabbit - largest trimaran superyacht in the world - owned by Singapore’s richest man Goh Cheng Liang,482,bqelen,https://i.redd.it/k2fp4zv0r4z21.jpg,80,19-05-2019,
2,3,Reflections @ Keppel Bay viewed from Labrador Nature Reserve,412,9qty85,https://i.imgur.com/x5MhDic.jpg,21,24-10-2018,
3,3,Sea Turtle spotted near Keppel Island on National Day,365,i7ru49,https://v.redd.it/qigqtffzkdg51,30,11-08-2020,
4,3,Keppel Reservoir,225,jys0zc,https://i.redd.it/kcrunp1gzq061.jpg,6,22-11-2020,
5,3,Caught a gorgeous sunset at Keppel Bay,179,k0qniv,https://i.redd.it/02hm8bmthd161.jpg,5,25-11-2020,
6,3,Anyone knows who owns this at Keppel Island Marina,138,c41nf0,https://i.redd.it/ar962c68r2631.jpg,29,23-06-2019,
7,3,"Of no blank Cheques, Here are two blank cheques from Defunct Singapore Banks — Keppel- TatLee, part of OCBC now and OUB, part of UOB now.",86,hllqfd,https://i.redd.it/7e360u1x61951.jpg,10,05-07-2020,
8,3,Motor Yacht A (MY A) has docked in Keppel Bay and is a Philip Starck designed yacht owned by Russian billionaire Andrey Melnichenko,43,c57lx5,https://i.redd.it/168i1jc9uh631.jpg,10,25-06-2019,
9,3,"Keppel, The Story of a Bribe",28,7pcto1,https://anticorruptiondigest.com/anti-corruption-news/2018/01/10/keppel-the-story-of-a-bribe/,6,10-01-2018,
10,3,Temasek said to be keeping tabs on Keppel results as $4 billion bid hangs in balance,29,hiesj5,https://www.straitstimes.com/business/companies-markets/temasek-said-to-eye-keppel-results-as-4-billion-bid-hangs-in-balance?utm_medium=Social&utm_campaign=STFB&utm_source=Facebook&fbclid=IwAR1vTDM3-aj7JnZP8H1CzH-W_-BOu04c6GFQxG_nnz6bheIQIGRweYRVvV4#Echobox=1593424014,2,30-06-2020,
11,3,"[Today] CPIB cannot comment on Keppel O &M case, says Singapore Corruption control framework is effective.",20,l5tv6j,https://www.todayonline.com/voices/cpib-cannot-comment-on-keppel-o&m-case-says-singapore-corruption-control-framework-effective,20,27-01-2021,
12,3,Sunset at Keppel Bay,16,lfbn4u,https://i.redd.it/89ah560j89g61.jpg,1,08-02-2021,
13,3,Unit at Reflections at Keppel Bay incurs $2.15 mil loss,17,htxcad,https://sg.finance.yahoo.com/news/unit-reflections-keppel-bay-incurs-220000448.html,13,19-07-2020,
14,3,Keppel Offshore & Marine damages Singapore’s no corruption image,12,7r7dip,https://www.aseantoday.com/2018/01/keppel-offshore-marine-damages-singapores-no-corruption-image/,7,18-01-2018,
15,3,Keppel posts $698 million net loss for Q2; fails to meet pre-condition for Temasek takeover bid,9,i11mco,https://www.straitstimes.com/business/companies-markets/keppel-posts-698-million-net-loss-for-q2-fails-to-meet-pre-condition-for?utm_medium=Social&utm_campaign=STFB&utm_source=Facebook#Echobox=1596113437,0,31-07-2020,
16,3,Temasek abandons $3 billion bid for Keppel after conglomerate's loss,9,i74by1,https://sg.finance.yahoo.com/news/temasek-drops-3-billion-bid-075046811.html,5,10-08-2020,
17,3,"Keppel Corporation pledges to plant 10,000 trees in Singapore",11,icpk3n,https://www.kepcorp.com/en/media/media-releases-sgx-filings/keppel-corporation-pledges-to-plant-10000-trees-in-singapore/,2,19-08-2020,
18,3,"Parliament to discuss Keppel O&amp;M corruption scandal, e-scooter misuse on Jan 8",6,7oazxq,https://www.channelnewsasia.com/news/parliament/parliament-to-discuss-keppel-o-m-corruption-scandal-e-scooter-9835836,1,05-01-2018,
19,3,Switching to keppel electricity. Thoughts?,3,9yzo3a,https://www.reddit.com/r/singapore/comments/9yzo3a/switching_to_keppel_electricity_thoughts/,2,21-11-2018,"Thinking of switching to keppel electric and go for fixed 24 month plans. Any thoughts?   


[https://www.keppelelectric.com](https://www.keppelelectric.com)"
