,district_num,title,score,id,url,comms_num,created,body
0,3,Meet diamond and gold at Mount Faber. So pretty.,1187,k2dk3p,https://i.redd.it/d2yskpl2pv161.jpg,29,28-11-2020,
1,3,"Aerial views of Mount Faber decades apart, the change of our landscape can clearly be seen.",537,kv3skb,https://i.redd.it/0mey2lz4spa61.jpg,14,11-01-2021,
2,3,Mount Faber Park looking down,93,b4f37k,https://imgur.com/jfJcqnu,7,23-03-2019,
3,3,Was about to leave mount faber when a rainbow suddenly appeared,87,hcpbp4,https://i.redd.it/sf8eyirlf3651.jpg,4,21-06-2020,
4,3,Cable car service for mount faber has apparently stopped,3,d6qrag,https://i.redd.it/c3mlbzqryon31.jpg,4,20-09-2019,
5,3,Clouds from Mount Faber Park,2,e3vhz0,https://i.redd.it/03x6a8ncgt141.jpg,2,30-11-2019,
