,district_num,title,score,id,url,comms_num,created,body
0,3,Singapore Scenes: Telok Blangah Rise,435,klian1,https://www.reddit.com/gallery/klian1,32,28-12-2020,
1,3,"Man who lost job voluntarily cleans up Telok Blangah hawker centre tables for few days, grateful patron gives him hong bao token",300,lrad8r,https://mothership.sg/2021/02/man-clean-up-telok-blangah-hawker-centre/,17,24-02-2021,
2,3,Jerk setting traps at Telok Blangah Hill Park. Be careful if you use the park.,198,a9pe3r,https://i.redd.it/tye9e2744n621.jpg,30,26-12-2018,
3,3,Telok Blangah,84,kcuzrh,https://i.redd.it/wiy6fakin4561.jpg,11,14-12-2020,
4,3,Telok Blangah resident raises 28 pigeons and chickens in HDB corridor,74,ldnntt,https://theindependent.sg/telok-blangah-resident-raises-28-pigeons-and-chickens-in-hdb-corridor/,32,06-02-2021,
5,3,The sky in Telok Blangah earlier today,53,m2thal,https://i.redd.it/2lyjs9939fm61.jpg,0,11-03-2021,
6,3,"4 S'porean men arrested for suspected drug activities at Telok Blangah, over 1kg of heroin & cannabis seized",45,l16dan,https://mothership.sg/2021/01/drugs-seized-telok-blangah-arrested/,22,20-01-2021,
7,3,Overlooking the city skyline at Telok Blangah this morning,27,9qa6v7,https://i.redd.it/eywtzso6unt11.jpg,11,22-10-2018,
8,3,In case it gets taken down (PAP West Coast GRC candidate Rachel Ong runs door-to-door during home visits at Telok Blangah St 31),8,hmk7dh,https://v.redd.it/nyxg3gbryb951,43,07-07-2020,
9,3,Telok Blangah thanks you Frontliners!,0,g7sg1b,https://v.redd.it/oj4vp6hqfyu41,1,25-04-2020,
