,district_num,title,score,id,url,comms_num,created,body
0,18,Emily in Pasir Ris,2830,jdsbov,https://i.redd.it/sm0k6gc7cyt51.jpg,88,19-10-2020,
1,18,Otters in Pasir Ris Park,2180,jzh4bt,https://i.redd.it/ye9obpm9mz061.jpg,49,23-11-2020,
2,18,Saw these 2 hornbills outside my condo (Pasir Ris) gym. Check out the lizard in its mouth!,2059,fiusfs,https://i.redd.it/6yknadwv5rm41.jpg,80,15-03-2020,
3,18,Met this fella at Pasir Ris park. He seems almost disappointed the BBQ pit is closed.,1801,jc81e0,https://i.redd.it/sho2zn21yft51.jpg,72,16-10-2020,
4,18,Pasir ris park after the rain.,1598,f1744z,https://i.redd.it/55a1cf77ovf41.jpg,46,09-02-2020,
5,18,Looks like it belongs in a painting! I took this picture at Pasir Ris Beach two days ago!,1307,c6546n,https://i.redd.it/hxskuj45bw631.jpg,51,27-06-2019,
6,18,Owl in Pasir Ris Park,559,dk49eo,https://i.redd.it/6mj6m9tq9it31.jpg,42,19-10-2019,
7,18,"HI EVERYONE, my dad found this Pomeranian Chihuahua mix at the carpark of Pasir Ris BLK 648 with no collar, hoping that reddit will be able to help me find the owner of this puppy so we can get him home safe to his loved ones!! Thanks 🙏🏻",433,djyfds,https://i.redd.it/5jbw5gx14ft31.jpg,30,19-10-2019,
8,18,I see your Telok Kurau chickens and raise you my Pasir Ris Cocks,360,9ds1hc,https://i.redd.it/r1sh5wfrtrk11.jpg,44,07-09-2018,
9,18,Umbrella Sharing in Pasir Ris :-)),364,a61vml,https://i.redd.it/5pgpeo5ni6421.jpg,53,14-12-2018,
10,18,"LOST DOG FOUND IN PASIR RIS!!! If anyone has any details, please PM!!!",254,85iep1,https://i.redd.it/p1u82z9h4pm01.jpg,10,19-03-2018,
11,18,Fell into quicksand at Pasir Ris Park,241,ap3otn,https://www.reddit.com/r/singapore/comments/ap3otn/fell_into_quicksand_at_pasir_ris_park/,38,10-02-2019,"So this happened about a week ago during the CNY holidays.

Seeing that we're not Chinese, me and my family decided to spend a relaxing day at Pasir Ris Park. We bought a mat, snacks, frisbee, you know, the usual picnic stuff. When we reached the park, it was sometime after lunch in the afternoon (don't quite remember the exact time) and we ready for a day of relaxation under the sun.

Just about then, low tide had set in causing the shoreline to recede quite a bit, exposing sand filled with seashells, hermit crabs and even the odd mussel shell. I had decided to venture into the shore. 

About 10 minutes later, I saw a man buried waist deep in what appeared to be some black mud-like substance. He wasn't sinking any further but I could tell he was anxious and was struggling to pull himself out. In a moment of brainfade, I stepped nearer to him and bam; found my legs sinking into the disgusting sand. I was probably knee deep in the muck and every moment I made  would suck me deeper. Eventually me and the other guy got an all fours and crawled/pulled our way out of the quicksand. My shoes and shorts were covered into black muck.

All in all it was a pretty surreal experience. I don't think there was any risk at any point because it only pulls you about waist deep. The danger probably only comes in during high tide when the water obscures the quicksand and you can quickly get pulled below the water level.

TL;DR : Got pulled into quicksand at beach, ruined my shoes and shorts."
12,18,Pasir Ris Park :)),239,gfposl,https://i.redd.it/wbnerh98bix41.jpg,14,08-05-2020,
13,18,"I conceived a weird logic problem involving the MRT system. Can you travel from Tuas Link to Pasir Ris, but every time you come across a station you can change lines at, you must change to the other line? And if so, what is the minimum number of changes required?",168,chzfqn,https://i.redd.it/pch22ypjglc31.jpg,49,26-07-2019,
14,18,Found this creature (still alive) along Pasir Ris Beach. Anyone seen this before?,162,kwghj9,https://i.redd.it/763m5fyyq3b61.jpg,25,13-01-2021,
15,18,"Painted Bronzeback, Pasir Ris Park",156,bkf5hr,https://imgur.com/CF1BXOM,11,04-05-2019,
16,18,Beautiful day for camping at Pasir Ris beach,140,lywy2l,https://i.redd.it/l0uc2gz16dl61.jpg,10,06-03-2021,
17,18,Migrant worker helps elderly woman cross road in Pasir Ris,138,m11pd9,https://youtu.be/_appJ0LCe-Q,8,09-03-2021,
18,18,Saw 10 hornbills in the wild on New Year's Day - pasir ris park,124,aikpm7,https://i.redd.it/0zkuu6xgmxb21.jpg,16,22-01-2019,
19,18,"Girl, 13, falls to death from 6th floor of Pasir Ris car park after allegedly losing control of bicycle",111,em9pnr,https://www.mothership.sg/2020/01/pasir-ris-bicycle-death/,32,09-01-2020,
20,18,"Pasir Ris chalet units for lease from S$1,300 per month with swimming pool, free wi-fi & BBQ pit",100,kx2bbw,https://mothership.sg/2021/01/cherry-loft-chalet-rent/,47,14-01-2021,
21,18,Pretty Pasir Ris Park(this morning)🥰,98,lwhnjq,https://i.redd.it/2nha1jnespk61.jpg,1,03-03-2021,
22,18,Pasir Ris,90,8hea39,https://imgur.com/WYXpVNq,20,06-05-2018,
23,18,"Pasir Ris beach this morning. Uncle, thanks for cleaning up.",100,m071la,https://i.redd.it/kywmjmkn7ql61.jpg,3,08-03-2021,
24,18,Pasir Ris D’Resort to become isolation facility for Covid-19 patients who are well but still test positive,95,fo5oml,https://mothership.sg/2020/03/covid-19-isolation-facility/,22,24-03-2020,
25,18,Pasir Ris-Punggol & AMK town councils ready for handover since last week: Janil Puthucheary,91,hub06g,https://mothership.sg/2020/07/sengkang-town-council-handover-janil/?fbclid=IwAR1-JiLNCejzjgFz4wSHTmyk50e9uqHtpUfqVPWAOkm61HNjTMQKY-VjzZM,90,20-07-2020,
26,18,Pasir Ris double deaths: 'Depressed' father was worried about future of autistic daughter,84,9duvwg,https://www.channelnewsasia.com/news/singapore/pasir-ris-deaths-depressed-father-worried-autistic-daughter-stab-10695024?cid=fbcna,35,07-09-2018,
27,18,What's going on near Tampines/Pasir Ris?,85,hs4jy8,https://i.redd.it/x1gqbb94x5b51.jpg,47,16-07-2020,
28,18,Time to head to Pasir Ris to catch some 'Fresh'-er air before the Haze engulfs us,83,d3iw1d,https://i.redd.it/09q16ncwz9m31.jpg,15,13-09-2019,
29,18,This happened in Pasir Ris,76,e3chiv,https://i.redd.it/4aua3a8xel141.jpg,17,29-11-2019,
30,18,Huge double rainbow that stretched from Bishan (I think) to Pasir ris,77,a3n1uo,https://i.redd.it/9q0skl6m4n221.jpg,10,06-12-2018,
31,18,At least 10 hawker stalls folded at Pasir Ris Central Hawker Centre run by NTUC Foodfare,78,9dsfzr,https://www.theonlinecitizen.com/2018/09/07/at-least-10-hawker-stalls-folded-at-pasir-ris-central-hawker-centre-run-by-ntuc-foodfare/,48,07-09-2018,
32,18,Lost cat in Pasir Ris,73,a6xn9i,https://i.redd.it/xlj5dr0rhs421.jpg,10,17-12-2018,
33,18,Pasir Ris beach: A great place to explore with small kids,72,lxa5w3,https://i.redd.it/exbaodpo6xk61.jpg,16,04-03-2021,
34,18,"This plaque was found washed ashore of the Pasir Ris, Singapore by a friend of mjne. The last image was an attempt to stencil what's being engraved. What is this thing? The Star of David is not perfectly centred.",74,ko90ki,https://www.reddit.com/gallery/km9rx3,23,01-01-2021,
35,18,Man arrested after crashing e-scooter into girl in Pasir Ris,63,8bweys,https://www.channelnewsasia.com/news/singapore/man-arrested-after-crashing-e-scooter-into-girl-in-pasir-ris-10133766,39,13-04-2018,
36,18,"In separate cases, one Pasir Ris Primary School student, and another from Tampines North Primary School test positive to Covid-19",63,fvupjr,https://www.todayonline.com/singapore/separate-cases-one-pasir-ris-primary-school-student-and-another-tampines-north-primary?fbclid=IwAR0ryh0MjYYpqyjgG8ZxeEp0tVJuWAcD9nbmFfO6GqJGPpP9Vy1F2Iygwfg,6,06-04-2020,
37,18,Whose cock is in Pasir Ris?,63,fhg4ik,https://i.redd.it/hqmt4bhjr8m41.jpg,25,12-03-2020,
38,18,Hawkers at new Pasir Ris centre upset over cashless payment system,54,931qwf,https://www.tnp.sg/news/singapore/hawkers-new-pasir-ris-centre-upset-over-cashless-payment-system?utm_term=Autofeed&utm_campaign=Echobox&utm_medium=Social&utm_source=Twitter#Echobox=1532901829,41,30-07-2018,
39,18,Very heavy traffic at Pasir Ris Industrial Drive 1 (and along drive 12). Any idea what happened?,54,ibzp3m,https://i.redd.it/i6mhy7dz3rh51.jpg,10,18-08-2020,
40,18,Hornbill spotted grabbing & shaking smaller bird at Pasir Ris Park,57,jwtve4,https://mothership.sg/2020/11/hornbill-shake-smaller-bird/,32,19-11-2020,
41,18,Cat rescued from canal filled with rushing water in Pasir Ris,51,9cjfva,https://www.straitstimes.com/singapore/cat-rescued-with-life-buoy-from-canal-filled-with-rushing-water-in-pasir-ris,15,03-09-2018,
42,18,PMD E-Scooter Crash along Pasir Ris Drive 1- Video by SG Road Vigilante,53,d81huq,https://www.youtube.com/watch?v=ZUwYVq03MW4,37,23-09-2019,
43,18,Pasir Ris-Punggol GRC: People's Voice lose deposit in 3-way fight after scoring 12.18%,59,hp2edi,https://mothership.sg/2020/07/pasir-ris-punggol-grc-peoples-voice/,22,11-07-2020,
44,18,"Heroin, ecstasy, Ice, weapons seized in Pasir Ris during Central Narcotics Bureau operation",51,7x7rxw,https://www.channelnewsasia.com/news/singapore/heroin-ecstasy-ice-weapons-seized-in-pasir-ris-during-central-9955072,21,13-02-2018,
45,18,"Cyclist at Pasir Ris whacks side mirror of lorry, gets knocked off road by lorry shortly after",52,a8ryx9,https://mothership.sg/2018/12/cyclist-hit-lorry-mirror-accident-pasir-ris/,25,23-12-2018,
46,18,Picked up marine litter at Pasir Ris for an hour. First attempt at making content. Critique welcomed.,51,lwnf4d,https://www.youtube.com/watch?v=iGjjiCtUQX4&t=7s,15,03-03-2021,
47,18,Former SMRT engineer jailed 4 weeks for negligence in fatal Pasir Ris track accident,50,840t1r,https://www.channelnewsasia.com/news/singapore/smrt-pasir-ris-accident-engineer-jailed-4-weeks-negligence-10036170,24,13-03-2018,
48,18,"Cyclist, lorry driver involved in viral Pasir Ris altercation arrested",47,a93vtk,https://www.straitstimes.com/singapore/cyclist-lorry-driver-arrested-after-altercation-in-pasir-ris,62,24-12-2018,
49,18,"GE2020: Tan Cheng Bock shows up in Pasir Ris, calls SDA’s Desmond Lim 'good friend'",49,hmnis4,https://sg.news.yahoo.com/ge-2020-tan-cheng-bock-shows-up-in-pasir-ris-calls-sd-as-desmond-lim-good-friend-110652995.html,9,07-07-2020,
50,18,26feb2021 punggol & pasir ris wild boar did a hit and run on cyclist,48,lugfuy,https://youtu.be/lNCzbq3w2CI,19,28-02-2021,
51,18,Man wants to withdraw guilty plea of raping drunk teen at Pasir Ris block,47,e4th3r,https://www.channelnewsasia.com/news/singapore/court-crime-man-withdraw-guilty-plea-raping-drunk-teen-defence-12143646,11,02-12-2019,
52,18,Snapshots of Mobile Column taken from Pasir Ris! Happy 55th Birthday Singapore!,42,i6l0mg,https://www.reddit.com/gallery/i6l0mg,2,09-08-2020,
53,18,"Former Pasir Ris senior constituency manager cheated Residents' Committee vice-chairman of cash, gets jail",52,hs5lcx,https://www.channelnewsasia.com/news/singapore/former-pasir-ris-constituency-manager-cheating-money-12937322,13,16-07-2020,
54,18,Pasir Ris this morning before the rain,36,9cvmy8,https://i.redd.it/7ev92rm558k11.jpg,21,04-09-2018,
55,18,"An Evening in Pasir Ris Park, Singapore | What a Magnificent View",36,9u6b2y,https://v.redd.it/qmcqdevt8dw11,2,05-11-2018,
56,18,ITAP of the sunset in Pasir Ris!,34,8f232u,https://i.redd.it/hd28i0njt8u01.jpg,10,26-04-2018,
57,18,Iridescent cloud above Pasir Ris Park. Probably due to the crazily hot weather?,35,gq9htd,https://i.redd.it/kswzhg9zdw051.jpg,3,25-05-2020,
58,18,HDB 'jungle house' in Pasir Ris,33,btt835,https://www.straitstimes.com/singapore/hdb-jungle-house-in-pasir-ris,5,28-05-2019,
59,18,The view of Johor from Pasir Ris (Punggol on the left),33,htxukz,https://i.redd.it/ae8da96k9sb51.jpg,2,19-07-2020,
60,18,"Where can I but these incense-like pods and what are they called? I smelt them burning in a bar/restaurant and asked about them, but they just showed me this and said I can get them at a Chinese store. Does anyone know where specifically? I’m in Pasir Ris area. Thanks!",33,bmvna1,https://i.imgur.com/dRd5Wtz.jpg,13,10-05-2019,
61,18,Singapore story: Joseph Gordon-Levitt calls for one-sentence stories based on picture taken in Pasir Ris,34,i3f00d,https://www.asiaone.com/entertainment/singapore-story-joseph-gordon-levitt-calls-one-sentence-stories-picture-pasir-ris,18,04-08-2020,
62,18,Big mudskipper at Pasir Ris park mangrove,31,lsq76f,https://v.redd.it/z6l9x3po5rj61,9,26-02-2021,
63,18,M1 fiber service down (LOS red) in Pasir Ris,32,9wxuhe,https://www.reddit.com/r/singapore/comments/9wxuhe/m1_fiber_service_down_los_red_in_pasir_ris/,13,14-11-2018,"Happened suddenly around 14:30, contacted support who said there had been multiple similar reports from Pasir Ris

Any other ISPs or regions affected ?

Edit: According to article by netlinktrust, issue is expected to be fixed around late afternoon tomorrow (15th nov) 

http://www.netlinktrust.com/medias/investor-media/media/press-releases/229-fibre-cable-cut-affecting-vicinity-around-pasir-ris-tampines-changi-and-loyang.html?fbclid=IwAR17shOK61P3uF7pG2v5LG77jiyHAURsJ9n8No1uPnQ0ldnNGwRY8OJWqSg

Edit 2: Woke up at 12:20, already fixed on my side."
64,18,‘Haunted’ Red House at Pasir Ris converted to a pre-school,31,96oq3t,https://mothership.sg/2018/08/pasir-ris-red-house/,29,12-08-2018,
65,18,British cyclist in viral road rage incident in Pasir Ris fined,28,bcc5rv,https://sg.news.yahoo.com/british-cyclist-viral-road-rage-incident-pasir-ris-fined-100019707.html?fbclid=IwAR2O3OdAo16g33tBL4TJJI-dVaI_kbR4qMEgLGUGeVY-2s4bxUwWYNXjcn8,30,12-04-2019,
66,18,"Umbrella-sharing initiative launches in Pasir Ris, but it only takes one idiot to steal them all",26,a70bx8,https://sg.news.yahoo.com/amphtml/umbrella-sharing-initiative-launches-pasir-062721729.html,15,17-12-2018,
67,18,Strong burnt smell at Pasir Ris,25,ey6znd,https://www.reddit.com/r/singapore/comments/ey6znd/strong_burnt_smell_at_pasir_ris/,8,03-02-2020,"Anyone has any idea wtf is going on. All of a sudden the air is filled with acrid smoke and now the whole area is hazy as fuck and smells really bad.

Checked the area there aren't any burning of offerings at all, and this don't smell like the usual.

Someone please... Enlighten me?"
68,18,Punggol and Pasir Ris residents to get four more train stations by 2031,24,fgbkqn,https://www.straitstimes.com/singapore/transport/punggol-residents-to-get-four-more-train-stations-by-2031,16,10-03-2020,
69,18,'Hipster' Pasir Ris hawker centre opens,22,7sv427,http://www.straitstimes.com/singapore/long-awaited-hipster-pasir-ris-central-hawker-centre-opens,12,25-01-2018,
70,18,"GE2020: Pasir Ris-Punggol GRC, Pioneer SMC set for three-cornered fights",22,hihq3d,https://www.todayonline.com/singapore/ge2020-pasir-ris-punggol-grc-pioneer-smc-set-three-cornered-fights,6,30-06-2020,
71,18,NParks looking into cause of hundreds of dead fish washed up at Pasir Ris Park,27,ey7d65,https://www.straitstimes.com/singapore/environment/nparks-looking-into-cause-of-hundreds-of-dead-fish-washed-up-at-pasir-ris-park,7,03-02-2020,
72,18,Decorative structure on HDB block in Pasir Ris falls from 8-storey height; no one injured,20,8s0mkl,https://www.straitstimes.com/singapore/decorative-structure-on-hdb-block-in-pasir-ris-falls-from-8-storey-height-no-one-injured,4,18-06-2018,
73,18,"found these by pasir ris beach, what are these?",25,lvxe6l,https://imgur.com/gallery/sQa04v0,19,02-03-2021,
74,18,Should wildlife stay or go? Pasir Ris residents to have a say,26,jz6z89,https://www.straitstimes.com/singapore/should-wildlife-stay-or-go-pasir-ris-residents-to-have-a-say,16,23-11-2020,
75,18,"GE2020: In Pasir Ris-Punggol broadcast, PAP offers stable and secure future; PV promises to put people first; SDA says 'enough is enough'",19,hm8wxy,https://www.channelnewsasia.com/news/singapore/ge2020-pasir-ris-punggol-broadcast-pap-peoples-voice-sda-12906306,4,06-07-2020,
76,18,Peoples Voice members stopped at Pasir Ris MRT for demonstrating: Police,21,hgpmll,https://www.todayonline.com/singapore/peoples-voice-members-stopped-pasir-ris-mrt-demonstrating-police,8,27-06-2020,
77,18,Cross Island Line – Punggol Extension: Better Rail Connectivity for Punggol and Pasir Ris Residents,15,fgxsw8,https://www.lta.gov.sg/content/ltagov/en/newsroom/2020/march/news-releases/Cross_island_line_Punggol_extension.html,1,11-03-2020,
78,18,"Bus drives into road divider along Pasir Ris Drive 1, no injuries reported",15,du9ypm,https://www.straitstimes.com/singapore/transport/bus-drives-into-road-divider-along-pasir-ris-drive-1-no-injuries-reported,1,10-11-2019,
79,18,Hawkers at new Pasir Ris centre upset over cashless payment system,12,93fs7p,https://www.straitstimes.com/singapore/hawkers-at-new-pasir-ris-centre-upset-over-cashless-payment-system,6,01-08-2018,
80,18,Teenager allegedly sets fire to sofa at Pasir Ris HDB lift lobby; police investigating,10,btgmle,https://www.straitstimes.com/singapore/courts-crime/teenager-allegedly-sets-fire-to-sofa-at-pasir-ris-hdb-lift-lobby-police,8,27-05-2019,
81,18,"Lorry driver jailed 7 weeks, banned from driving following accident with cyclist in Pasir Ris",8,eon9ai,https://www.straitstimes.com/singapore/courts-crime/lorry-driver-jailed-7-weeks-banned-from-driving-following-accident-with,4,15-01-2020,
82,18,Anyone staying at Sea Horizon Condo - Pasir Ris that has a black kitty?,6,d5j242,https://www.reddit.com/r/singapore/comments/d5j242/anyone_staying_at_sea_horizon_condo_pasir_ris/,2,18-09-2019,"Wondering if anyone staying at Sea Horizon Condo - Pasir Ris opposite Pasir Ris Dr 6 Blk 479 that has a black kitty? 

Saw a black kitty with a collar that was drinking a puddle of water at the road side, at the bus stop.  [https://www.google.com/maps/place/Sea+Horizon/@1.3759019,103.9566885,19z/data=!4m12!1m6!3m5!1s0x0:0xff7fa61193144f8e!2sBlk+479!8m2!3d1.3753829!4d103.9580226!3m4!1s0x31da3db31aa001ed:0xee03b77ab68b7805!8m2!3d1.3756799!4d103.9579661](https://www.google.com/maps/place/Sea+Horizon/@1.3759019,103.9566885,19z/data=!4m12!1m6!3m5!1s0x0:0xff7fa61193144f8e!2sBlk+479!8m2!3d1.3753829!4d103.9580226!3m4!1s0x31da3db31aa001ed:0xee03b77ab68b7805!8m2!3d1.3756799!4d103.9579661) 

A bus driver almost drove over her. Letting house kitties out of the house is dangerous, especially beside roads.

Photos of the location and the kitty below:

https://preview.redd.it/bxf6jsabg6n31.jpg?width=2736&format=pjpg&auto=webp&s=b3eca8b43608de974682a3c5b4e19371e3bbdfd3

https://preview.redd.it/9dvvu9bbg6n31.jpg?width=2736&format=pjpg&auto=webp&s=2734a27f658e55952370451f5e86375345111dab

https://preview.redd.it/goc9yaabg6n31.jpg?width=2736&format=pjpg&auto=webp&s=9d490a3edb83d07b34124664831a57ca0ceedb29

https://preview.redd.it/m24n8mabg6n31.jpg?width=2736&format=pjpg&auto=webp&s=238e75c935775eb91c9eff0f637d4848b872d39d"
83,18,Could anyone help me with some advice? I want to put in a requisition for a dog run in the park I live close to (Pasir Ris park). How do I go about doing such a thing?,4,bi9zm2,https://www.reddit.com/r/singapore/comments/bi9zm2/could_anyone_help_me_with_some_advice_i_want_to/,5,28-04-2019,"Dogs are allowed on a leash, but it would be so great if there was an open space available for dogs to mingle with other dogs and be off a leash! The closest such facility is about 2km away and it would be so much better if one was closer to where I live, and Pasir Ris park is pretty big - it would be an ideal spot considering so many people walk their doggos there."
84,18,Escooter collision along Pasir Ris Dr 1,4,b2e7fm,https://www.reddit.com/r/singapore/comments/b2e7fm/escooter_collision_along_pasir_ris_dr_1/,10,18-03-2019,"This happened over the weekend at a traffic crossing in the vicinity of my flat. LTA had better impose stricter measures on curbing reckless riding soon. More frequent spot checks would help, especially in the evenings when these punks seem to be most active. Just imagine if it had collided into an elderly person or young child..."
85,18,The alarm in my HDB's pump room at Pasir Ris has been going on for 15 minutes now. Does anyone know whats going on in there?,6,8ordyj,https://v.redd.it/sjna158e37211,10,05-06-2018,
86,18,Gaming stores near Pasir Ris?,4,b21koj,https://www.reddit.com/r/singapore/comments/b21koj/gaming_stores_near_pasir_ris/,14,17-03-2019,Are there any stores that sell Steam gift cards near here?
87,18,Pasir Ris Central Hawker Centre. Go or no go?,2,7vvrip,https://www.reddit.com/r/singapore/comments/7vvrip/pasir_ris_central_hawker_centre_go_or_no_go/,6,07-02-2018,Been a couple weeks since they publicly launched this hipster place with young hawkers. Seldom have a reason to go that far East except to and fro the airport. Any reviews or reccos for the food there? Last heard the Yishun one was a flop so am not thaaaaat keen but a couple of reviews might twist that view. TIA!
88,18,M1 Service Outage in Pasir Ris,0,gk32qi,https://www.reddit.com/r/singapore/comments/gk32qi/m1_service_outage_in_pasir_ris/,8,15-05-2020,"Anyone experiencing it? 

My wifi is down now, of all the days this happened while I was submitting my SUSS online exam due at 1230. Realised that it wasnt working at 1225, luckily mobile hotspot (circles life) workws. Heart attack man"
89,18,Bunch of keys found at Pasir Ris Park,0,coukj6,https://www.reddit.com/r/singapore/comments/coukj6/bunch_of_keys_found_at_pasir_ris_park/,3,11-08-2019,"Found at 5:30 am on the 11th of August close to the bridge between area 1 and area 2. 

They're housed in a brown leather key pouch. DM me with a description of them and I'll pass them to you, meetups preferably in Pasir Ris.

That said, does anyone have any suggestions on what I should do with them? I couldn't find a Pasir Ris Park lost and found or main office. Was thinking I'd hand them to the nearest police post, but it's really not that close by at all."
