,district_num,title,score,id,url,comms_num,created,body
0,18,"Sunset, Simei Station.",3472,jk0omm,https://i.redd.it/p53mso7hpxv51.jpg,87,29-10-2020,
1,18,Interesting clouds over Simei in the early evening today,970,c44n4v,https://i.redd.it/cmrvtdsgy3631.jpg,41,23-06-2019,
2,18,The pink sky a few months ago in Simei,414,8cvbtd,https://i.redd.it/ul245qo9xfs01.jpg,31,17-04-2018,
3,18,Scruffy cat found in Simei reunited with owner after it went missing at Jurong West in 2018,207,ld2vd3,https://mothership.sg/2021/02/missing-cat-jurong-2018-reunited/,18,05-02-2021,
4,18,Just saw this at Simei station.,168,g766py,https://i.redd.it/41nmry5hvqu41.jpg,33,24-04-2020,
5,18,Bus accident at Simei Road,124,cb13ll,https://i.redd.it/ox7lk5mk8a931.jpg,6,09-07-2019,
6,18,Second case of Wuhan Virus suspected in Simei,88,et5q0w,https://www.zaobao.com.sg/news/singapore/story20200124-1023577?utm_medium=Social&utm_source=Facebook#Echobox=1579839691,34,24-01-2020,
7,18,"Christmas lights at Easpoint mall, Simei",75,jtwm3z,https://www.reddit.com/gallery/jtwm3z,6,14-11-2020,
8,18,Four arrested after man purportedly slashed in Simei,51,lm814z,https://www.channelnewsasia.com/news/singapore/simei-slashing-knife-dispute-four-arrested-police-14220656?cid=FBcna&fbclid=IwAR2DimntCE_tDtarOybHEzrcBrbhnN1QFxP8aa8Fy4qHrMtBziUcAHg5IMw,18,18-02-2021,
9,18,Twin sisters in Simei Green condo ruckus lose appeal against conviction,24,c8oqrr,https://www.todayonline.com/singapore/twin-sisters-simei-green-condo-ruckus-lose-appeal-against-conviction,14,03-07-2019,
10,18,Cafes or Co-working spaces with reliable internet near Simei?,3,aryxi2,https://www.reddit.com/r/singapore/comments/aryxi2/cafes_or_coworking_spaces_with_reliable_internet/,2,19-02-2019,"Hello wonderful people of reddit! 

Tourist here looking for a place(*preferably near Simei*) with a reliable internet connection, to take a work related video call(30-60 minutes). Ideally would love a closed sound-proof room, but if that isn't available, I could do a cafe or a co-working space. 

Would love any recommendation from y'all. Did a quick google search and [found this](https://medium.com/@teoyusiang/work-friendly-cafes-in-singapore-you-can-really-get-work-done-in-f3f51b01b7e6), but I'd really like a local recommendation. 

TIA!"
11,18,"Yesterday some asked about bad taxi stand placement, this is LTA’s current response to a similar situation in Simei",1,9xjgn6,https://imgur.com/a/yGlVWBy/,8,16-11-2018,
