,district_num,title,score,id,url,comms_num,created,body
0,9,Orchard MRT sure has some great facilities,1653,fjkvq5,https://i.redd.it/m8htiw98d1n41.jpg,53,16-03-2020,
1,9,My favourite “random people” memory of Singapore - taken in Orchard Rd circa 2012; is uncle still around?,972,dya4q8,https://i.redd.it/8fkgr1xomiz31.jpg,60,19-11-2019,
2,9,Orchard Road’s Presbyterian Church is back at it again,514,bj3rlv,https://i.redd.it/0ohii89dudv21.jpg,30,30-04-2019,
3,9,Taxi touting at ION Orchard,509,a9t97u,https://www.reddit.com/r/singapore/comments/a9t97u/taxi_touting_at_ion_orchard/,70,27-12-2018,"I was queuing for taxi at the ION taxi stand where this uncle approached everyone in the queue asking about their destination. He mentioned he have a taxi waiting to go anytime, asking price is $70 (7 seater). 

Two foreigners going to harbourfront from ION, uncle quoted them $40. The queue that I’m in, nobody accepted the offer. 

Moments later, a 7-seater legit taxi (with the green taxi hood thing) slowly cruised by asking everyone in the queue once more... departing at $40. 

Isn’t this illegal in Singapore? How do we report such a case?

I really don’t want to go into JB style where passengers need to ask every taxi in queue for the best price. It kinda ruin the environment... I feel.."
4,9,Foot Locker at Orchard Gateway ordered to suspend operations for breaching COVID-19 rules,473,k745k8,https://www.channelnewsasia.com/news/singapore/foot-locker-orchard-gateway-suspended-breach-covid-19-measures-13706026,77,05-12-2020,
5,9,Is this the only traffic light crossing that has lights on the ground in the whole of SG? Located at Traffic Light between Buyong Rd and Orchard Rd near Istana,464,l7xg9z,https://i.redd.it/e4ngj0qywae61.jpg,52,30-01-2021,
6,9,"On my recent visit to your lovely country, I saw this sign in a supermarket somewhere on orchard road. Honestly the last place I'd expect to find wholesome signs in the entire country and it really made me feel great. Thanks, SG.",360,8gene3,https://imgur.com/0uArDSt,24,02-05-2018,
7,9,"Orchard, Outside Somerset 313 the traffic light crossing 25 December 2020",355,kjxzo4,https://i.redd.it/yoq05cvopb761.jpg,59,25-12-2020,
8,9,NEA: Orchard Road to become a smoke-free zone from 1 July 2018,325,8porro,http://www.nea.gov.sg/public-health/smoking/orchard-road-precinct-smoke-free-zone-and-cessation-of-smoking-corners,115,09-06-2018,
9,9,Keeping it classy on Orchard Road,321,bapd0n,https://i.imgur.com/QZEol3s.jpg,55,08-04-2019,
10,9,Dozens ill after wedding banquet: Mandarin Orchard Singapore investigated for food poisoning cases,245,a37vjs,https://www.tnp.sg/news/singapore/dozens-ill-after-wedding-banquet-mandarin-orchard-singapore-investigated-food,69,05-12-2018,
11,9,Orchard Road to be smoke-free zone from January 2019,226,a1c982,https://www.channelnewsasia.com/news/singapore/orchard-road-to-be-smoke-free-zone-january-2019-10977260,89,29-11-2018,
12,9,Grand Park Orchard staycation guests forced to wait 4+ hours in crowded conditions for check-in,175,kbrxpn,https://mothership.sg/2020/12/grand-park-orchard-queues/,54,13-12-2020,
13,9,Orchard Gateway dessert shop sends lawyer’s letter to customer who left 2-star review,163,7uo1eu,https://mothership.sg/2018/02/fantasy-desserts-sends-customer-lawyers-letter/,81,02-02-2018,
14,9,Why did the rooster go to Orchard Road?,153,m3fzk7,https://i.redd.it/mxgc8fbu5lm61.jpg,21,12-03-2021,
15,9,Karaoke outlet in Orchard Road suspended after 51 people found drinking alcohol on Christmas Day,152,kmudth,https://www.channelnewsasia.com/news/singapore/mzs-family-karaoke-suspended-covid-19-crowd-alcohol-christmas-13864500,22,30-12-2020,
16,9,"Sneaker enthusiasts crowd Orchard Rd shoe retailer in breach of Covid-19 rules, prompting investigation",138,k6ps9i,https://www.straitstimes.com/singapore/sneaker-enthusiasts-crowd-orchard-rd-shoe-retailer-in-breach-of-covid-19-rules-prompting,68,05-12-2020,
17,9,Sunshine hour at Orchard Road. I’m thinking of learning urban sketching around Singapore.,133,fbspfw,https://i.redd.it/ccfz081no1k41.jpg,5,01-03-2020,
18,9,Was out at Orchard when someone came up to me with this :) thank you!,132,fbw38j,https://i.redd.it/d0kwzpgm43k41.jpg,5,02-03-2020,
19,9,Third Shake Shack outlet in Singapore to open at Orchard Road,116,gwqdab,https://cnalifestyle.channelnewsasia.com/dining/third-shake-shack-outlet-singapore-orchard-road-liat-towers-12802682,41,05-06-2020,
20,9,"Sex, spas, sleaze: what Orchard Road of Singapore hides in plain sight",101,8v8yps,https://sg.news.yahoo.com/sex-spas-sleaze-orchard-road-010822810.html,40,01-07-2018,
21,9,Long shot but... anyone know where I can find this artist? He was at orchard road this evening but I cant find him a bit later on. He live paints multi layered glass paintings.,100,a95nwt,https://i.redd.it/pv8b5q2bq8621.jpg,12,24-12-2018,
22,9,Orchard Road in 2001,97,alnqmq,https://imgur.com/a/edCrt8G,15,31-01-2019,
23,9,Don Don Donki says Orchard Central landlord stopped it from selling sex toys,96,8t79zn,https://sg.style.yahoo.com/amphtml/don-don-donki-says-orchard-central-landlord-stopped-selling-sex-toys-104509508.html,53,23-06-2018,
24,9,"'Frustrating' to have possibly caught Covid-19 while on SHN at Mandarin Orchard, says Briton",98,khbagf,https://www.straitstimes.com/singapore/mandarin-orchard-cases-frustrating-to-have-possibly-caught-covid-19-while-on-shn-says-64,61,21-12-2020,
25,9,Always walking past Delfi Orchard - until one day I decided to enter and check out its 2nd floor,94,garowr,https://i.redd.it/mo6nq3t6zwv41.jpg,12,30-04-2020,
26,9,Otters crossing busy Orchard Road outside Plaza Singapura almost hit by taxi that braked in time,94,l4cjme,https://mothership.sg/2021/01/otters-cross-orchard-road/,25,25-01-2021,
27,9,Police arriving to shut down an illegally organised motorcycle race at Orchard [22/11/1977],74,hy54lf,https://www.nas.gov.sg/archivesonline/photographs/record-details/b817b6da-1162-11e3-83d5-0050568939ad,11,26-07-2020,
28,9,Two maintenance workers injured after fire in train tunnel between Orchard and Somerset,72,jc7ezq,https://www.straitstimes.com/singapore/transport/fire-in-north-south-line-mrt-tunnel-between-orchard-and-somerset-stations-two,12,16-10-2020,
29,9,"Suddenly realised I miss the old building that was there before at Holland V, maybe I’m sentimental, but this Monster of a building seemed to have suddenly appeared, quite strangely coloured, mechanical facade fixings and details, cluttered shop layouts, like a mini lost cousin of ion orchard",68,bco06r,https://i.redd.it/nkq1oztzdzr21.jpg,32,13-04-2019,
30,9,"(27 Mar 2019) Fire at Grand Hyatt in Orchard Road area, video off CNA",74,b60asf,https://v.redd.it/nqmcqrnbglo21,6,27-03-2019,
31,9,Man Born In Tekong Opens Stall Called Tekong Island Fish Soup At Orchard Food Court,70,jj2623,https://www.8days.sg/eatanddrink/newsandopening/man-born-in-tekong-opens-stall-called-tekong-island-fish-soup-at-13385276,17,27-10-2020,
32,9,"Woman allegedly sneezes in another woman's direction at ION Orchard, charged with causing harassment",68,g5w3cn,https://www.channelnewsasia.com/news/singapore/woman-charged-sneezing-ion-orchard-sun-szu-yen-12666002,21,22-04-2020,
33,9,8 arrested in connection with Orchard Towers murder where man’s throat slit,61,c8k7ge,https://mothership.sg/2019/07/8-arrested-orchard-towers-murder/,32,03-07-2019,
34,9,Smokers lament the Orchard Road smoking ban,60,a2jmxe,https://www.channelnewsasia.com/news/singapore/orchard-road-smoking-ban-visitor-experience-inconvenience-10989300,65,03-12-2018,
35,9,"Orchard Spa Clarifies They Welcome All Helpers, But Consent Letter From Employers Required",62,j5b973,https://mustsharenews.com/spa-helpers-consent-letter/,48,05-10-2020,
36,9,"8 men, women arrested for murder after man collapsed at Orchard Towers and died",58,c88zj8,https://sg.news.yahoo.com/8-men-and-women-arrested-for-murder-after-man-collapsed-at-orchard-towers-and-died-125750733.html,32,02-07-2019,
37,9,Orchard Gateway dessert shop apologises to 2-star review customer,60,7uq9xg,https://mothership.sg/2018/02/orchard-gateway-fantasy-desserts-apologises/,23,02-02-2018,
38,9,"Ferrari driver, 73, admits causing Orchard Road obstruction leading to peak-hour jam",58,8z8rj1,https://www.straitstimes.com/singapore/courts-crime/ferrari-driver-73-admits-causing-orchard-road-obstruction-leading-to-peak?utm_campaign=Echobox&utm_medium=Social&utm_source=Facebook&xtor=CS1-10#Echobox=1531723943,34,16-07-2018,
39,9,Man arrested for allegedly having sex outside Orchard Towers,54,93ybhd,https://www.channelnewsasia.com/news/singapore/man-arrested-for-having-sex-outside-orchard-towers-10583722?cid=fbcna,53,02-08-2018,
40,9,Rating Work/Study Area (Part 2) - Orchard Hotel: Work from Hotel,53,jxq6q0,https://www.reddit.com/r/singapore/comments/jxq6q0/rating_workstudy_area_part_2_orchard_hotel_work/,7,20-11-2020,"hey kiddos im back with a part 2! check out [part 1](https://www.reddit.com/r/singapore/comments/jtfyjb/rating_workstudy_areas_part_1_golden_village_gold/?utm_source=share&utm_medium=web2x&context=3) if you're new here :D Let's jump right in! TL;DR at the end\~

**Assessibility:** 👍

\- 10 minute walk from Orchard MRT

\- Wifi a bit slow compared to the GV lounge one, cannot watch twitch :( probably due to the large amount of people using it 

\- Charging sockets can be found right below the table for easy access

\- toilet just outside the bar!

&#x200B;

**Comfort:** 👍👍👍

\-  Hotel mah so super comfortable chair with backing lol

\- table quite big, enough space for 4 coms + mouse

\- aircon also just nice, never get chills

\- dim lighting just enough to see comfortably

\- very awesome to fall asleep on. i sat on the lower chairs and they were huuge, big enough to curl up and fall asleep on (my friend fell asleep on it so i guess it is fit for a nap :D)

\- staff also super nice. made my day with their smiles :D

&#x200B;

**Price:** 👍

\- i signed up for the member thing so i can get the 10% off lol

\- altogether with service charge and GST, i paid $26.50 for 8 hours (U.P $29.50)

\- got free flow of coffee/tea and apple juice for non-caffeine people like me :D

\- also got one snack thing from the restaurant across. served around 10am. i got a curry puff and my friend got this spinach potato pie. both tasted super good. we both wanted seconds but too paiseh to ask lol

\- 30% off food from restaurant across. didnt want to take the chance of getting small fancy dishes for lunch so we went next door :P

&#x200B;

other stuff:

\- used to have to contact the hotel via whatsapp/email for booking but they changed it to be on their website and you can make payment on the website

\- customer service excellent. all the staff r rlly nice :D

\- shld b able to print your stuff (b&w only) as stated on website but i too paiseh to ask so i nv print LOL

\- also got complimentary mailing service but idk where to find also lol (maybe ask concierge) 

\- most of the people in the bar actually went out to eat lunch outside, leaving their valuables ~~totally not me as well~~ on their tables so my friend and i decided to follow suit. we ate at the mall next door ~~that only has a starbucks and that restaurant~~

\- by 5pm, literally noone left LOL poor staff :( left around 5.05pm so idk how long till they chase u out

&#x200B;

**Overall:** 4/5, -1 bc of the price lol. will come back when im no longer a broke kpop fan :)

&#x200B;

Book Here: [Orchard Hotel: Work From Hotel](https://www.millenniumhotels.com/en/destinations/asia/singapore/orchard-hotel-singapore/work-from-hotel/)

Part 3/4 maybe: might be checking out also [MOX Katong](https://app.bizcnd.com/spaces/10274) and [Hilton Hotel](https://www.hiltonsingaporerestaurants.com/offers) that's opposite Orchard Hotel lolll 

If anyone got go before, also can share your experience. if u got other good places can also recc! and pls give feedback HAHA Thanks for reading all the way here <3 

TL;DR: Super comfy place, worth your money if you love smiles, expensive vibes, and comfy chairs :D"
41,9,Orchard Towers: From family mall to sleaze and brawls,56,ccy6ts,https://www.straitstimes.com/singapore/courts-crime/orchard-towers-fall-from-grace,21,14-07-2019,
42,9,"Man, 65, found dead in car along Claymore Road in Orchard",53,ln290c,https://mothership.sg/2021/02/orchard-man-dead-car/,14,19-02-2021,
43,9,"Teen who kicked and shattered Orchard MRT screen door, costing LTA S$3000, gets probation.",54,ce87tu,https://www.channelnewsasia.com/news/singapore/teen-kicked-shattered-orchard-mrt-screen-door-lta-11727440,34,17-07-2019,
44,9,Disnoo at Orchard,51,a0v0sh,https://i.redd.it/5k564txzov021.png,8,27-11-2018,
45,9,28-year-old actor-singer Aliff Aziz arrested for creating public annoyance when drunk at Orchard Road,45,dudgpi,https://mothership.sg/2019/11/aliff-aziz-orchard-road-arrested/?fbclid=IwAR1-5C2VEEjMMMo-4pXQWus5cN0U2phlJUXCbfGvU7dH8YZwQ8gahvpVnCo,42,11-11-2019,
46,9,City Hall-Orchard Singapore MRT March 1991,54,jbtil2,https://www.youtube.com/watch?v=Xp6LFZzOss0,39,16-10-2020,
47,9,Orchard Road c.2019,48,l177du,https://i.redd.it/dnuk73nl0hc61.jpg,15,20-01-2021,
48,9,8 more serological tests of staff at Mandarin Orchard come back positive; likely past infections: MOH,47,khes59,https://www.todayonline.com/singapore/8-more-serological-tests-staff-mandarin-orchard-come-back-positive-likely-past-infections,11,21-12-2020,
49,9,Street art along Orchard Rd,44,atk65s,https://i.redd.it/oezpt1knk4i21.jpg,1,23-02-2019,
50,9,"Orchard Towers murder: AGC explains sentencing of those involved, including Natalie Siow & Chan Jia Xing",43,jejp4l,https://mothership.sg/2020/10/tan-sen-yang-high-court/?fbclid=IwAR2rXBF8ooa8dYZnku68C_17LnnIHfEdSJM13BrPlQdBeFNm83uJJq52oS0,18,20-10-2020,
51,9,Orchard Towers murder accused persons brought back to crime scene,45,cbag5n,https://mothership.sg/2019/07/orchard-towers-murder-suspects-return-crime-scene/,27,10-07-2019,
52,9,Another 2 men to be charged with Orchard Towers murder,42,c8wxg1,https://www.tnp.sg/news/singapore/another-2-men-be-charged-orchard-towers-murder,36,04-07-2019,
53,9,Man originally charged with murder in Orchard Towers case gets conditional warning,40,jbizg0,https://www.channelnewsasia.com/news/singapore/orchard-towers-murder-chan-jia-xing-lesser-charge-warning-13285232,15,15-10-2020,
54,9,Orchard Towers partygoers plead guilty to intimidating anti-smoking enforcement officers,44,b8sngl,https://www.todayonline.com/singapore/orchard-towers-partygoers-plead-guilty-intimidating-anti-smoking-enforcement-officers?utm_source=dlvr.it&utm_medium=twitter,25,03-04-2019,
55,9,"Mandarin Orchard cases: Human factor most likely cause if Covid-19 had spread within hotel, say experts",45,kg8fpa,https://www.straitstimes.com/singapore/health/mandarin-orchard-cases-human-factor-most-likely-cause-if-covid-19-had-spread-within,30,19-12-2020,
56,9,"Smoker fined along Orchard Road, allegedly because 1 foot was outside yellow box",36,bbjzl2,https://mothership.sg/2019/04/smoker-fined-1-foot-outside-box-orchard/,21,10-04-2019,
57,9,Same man spotted in Orchard area over a few weeks asking passers-by for money,40,jrii09,https://mothership.sg/2020/11/same-man-orchard-money/,18,10-11-2020,
58,9,Orchard Towers murder: Police investigating two women who accused court of preferential treatment based on race,39,jmo19s,https://www.straitstimes.com/singapore/orchard-towers-murder-police-investigating-two-women-who-accused-court-of-preferential?xtor=CS3-18&utm_source=STiPhone&utm_medium=share&utm_term=2020-11-02%2022%3A11%3A30,35,02-11-2020,
59,9,Teenager pays taxi driver S$17.20 fare with 4 packets of coins after a ride from Orchard to Bukit Batok,44,i2swem,https://mothership.sg/2020/08/taxi-fare-paper-packet-coins/,19,03-08-2020,
60,9,"Orchard Towers' Assailant has beauty brand endorsements now, with followers slowly growing.",37,j8jy6e,https://mustsharenews.com/natalie-siow-followers/,55,10-10-2020,
61,9,Warrant of arrest issued after man allegedly linked to Orchard Towers murder skips court appearance,34,cwxg94,https://www.straitstimes.com/singapore/courts-crime/warrant-of-arrest-issued-after-man-allegedly-linked-to-orchard-towers-murder,34,29-08-2019,
62,9,"Orchard Towers death: 2 more get murder charges downgraded, leaving one facing capital charge",32,f7865y,https://www.channelnewsasia.com/news/singapore/orchard-towers-death-2-more-get-murder-charges-downgraded-12457450?cid=fbcna&fbclid=IwAR15pg6hgC3INqAvnBuj87ns-w1iVoolqBRxw1o_foH5zsidSLKLDTs6Huk,6,21-02-2020,
63,9,"Orchard Towers fatal brawl: AGC directs police to investigate ‘false, baseless’ claims of preferential racial treatment of offenders",33,jc79en,https://www.todayonline.com/singapore/orchard-towers-fatal-brawl-agc-directs-police-investigate-false-baseless-claims,35,16-10-2020,
64,9,"Murders and fights, but some tenants say Orchard Towers is safe",30,ca21nk,https://www.channelnewsasia.com/news/singapore/orchard-towers-is-safe-murders-and-fights-but-some-tenants-say-11697022,21,07-07-2019,
65,9,Grand Park Orchard says long check-in queues caused by surge in bookings,35,kcg5ct,https://www.straitstimes.com/singapore/grand-park-orchard-says-long-check-in-queues-on-saturday-caused-by-surge-in-bookings?utm_medium=Social&utm_campaign=STFB&utm_source=Facebook#Echobox=1607872192,30,14-12-2020,
66,9,Woman linked to Orchard Towers murder sentenced to five months' jail,31,j7r9tz,https://www.straitstimes.com/singapore/courts-crime/woman-linked-to-orchard-towers-murder-sentenced-to-five-months-jail?xtor=CS3-18&utm_source=STiPhone&utm_medium=share&utm_term=2020-10-09%2010%3A10%3A05,18,09-10-2020,
67,9,Commentary: Is COVID-19 the final straw that breaks the Orchard Road camel’s back?,31,h9srsi,https://www.channelnewsasia.com/news/commentary/covid-19-coronavirus-orchard-road-impact-implications-footfall-12835912,39,16-06-2020,
68,9,Couple makes sexy time outside Orchard Towers as bystanders provide commentary,31,90wmc4,https://mothership.sg/2018/07/sex-public-orchard-towers-claymore/,14,22-07-2018,
69,9,"Part of Orchard Road to be pedestrianised, Istana Park expanded as part of revamp",32,f3j6xr,https://str.sg/JGwz,1,14-02-2020,
70,9,Woman jailed for assaulting and hurling vulgarities at SMRT staff at Orchard MRT station,28,c64zh7,https://sg.news.yahoo.com/woman-jailed-for-assaulting-and-hurling-vulgarities-at-smrt-staff-at-orchard-mrt-station-114633244.html,11,27-06-2019,
71,9,Viral: Humanity for smokers has been reduced to squeezing into a tiny smoking box in Singapore’s Orchard Road,27,bir2vr,https://sg.news.yahoo.com/viral-humanity-smokers-reduced-squeezing-085315288.html?fbclid=IwAR1XP6cvkujEnD76WkW4yD8UT2BMIjPCZvjolv3e7zgX1PGbLPseQDloAn8,28,29-04-2019,
72,9,Crowds turn up in Orchard Road on Black Friday morning even as sales move online,36,k1wbey,https://www.straitstimes.com/singapore/long-queue-at-takashimaya-on-black-friday-morning,22,27-11-2020,
73,9,Why is the Chinese translation for Orchard ‘乌节’?,29,iqrk07,https://www.reddit.com/r/singapore/comments/iqrk07/why_is_the_chinese_translation_for_orchard_乌节/,48,11-09-2020,"Was at orchard today and saw the sign. Anyone have any explanations? 
For the non-chinese speaking friends,
乌 is pronounced wu(ooo) - means crow (?)
节 is pronounced jie(g-eh) - means festival 

If anyone have other information about the MRT chinese translations, that’d be interesting too."
74,9,"LTA catches motorcyclists, including delivery riders, parking on pavements around Orchard Road",25,j67cks,https://mothership.sg/2020/10/motorcyclists-fined-orchard-road/,37,06-10-2020,
75,9,Singapore City Christmas Walk (Orchard District) in 2020,21,kjyz99,https://youtube.com/watch?v=l0mUXMRxZos,3,25-12-2020,
76,9,"Christmas Village S’pore in Orchard has carnival rides, street food, nightly music acts till Dec. 26, 2019",19,e0t1ik,https://mothership.sg/2019/11/the-great-christmas-village-singapore-2019/,1,24-11-2019,
77,9,Orchard Towers brawl: Tears as woman gets murder charge reduced,20,dk3cwa,https://www.todayonline.com/singapore/orchard-towers-brawl-tears-woman-gets-murder-charge-reduced,36,19-10-2019,
78,9,Orchard Road’s Unknown Foodie History In The ‘60s | There's Something About Orchard | Ep 3/3,18,lt5kiw,https://youtu.be/LRLcZeZNzSY,1,27-02-2021,
79,9,"Naiise exits Design Orchard, halves headcount",17,hrkncf,https://www.businesstimes.com.sg/consumer/naiise-exits-design-orchard-halves-headcount,14,15-07-2020,
80,9,"Orchard Road Christmas light-up 2018 to feature Disney, Pixar characters",17,9cv3ow,https://www.channelnewsasia.com/news/singapore/orchard-road-christmas-light-up-2018-disney-pixar-characters-10683218,5,04-09-2018,
81,9,Hokkaido's Bake Cheese Tart to close last remaining Ion Orchard outlet by end October,18,dbs3kl,https://www.straitstimes.com/lifestyle/food/hokkaidos-bake-cheese-tart-to-close-last-remaining-ion-orchard-outlet-by-end-october?utm_term=Autofeed&utm_campaign=sttw&utm_medium=social&utm_source=Twitter#Echobox=1569928473,13,01-10-2019,
82,9,Orchard Towers murder case: New rioting charge for suspect who jumped bail,14,d9wt12,https://www.todayonline.com/singapore/orchard-towers-murder-case-new-rioting-charge-suspect-who-jumped-bail,6,27-09-2019,
83,9,"Jail for two assailants in Orchard Towers pub brawl which left one man dead, Courts & Crime News & Top Stories - The Straits Times",13,fdbjot,https://www.straitstimes.com/singapore/courts-crime/jail-for-two-in-orchard-towers-brawl-which-left-one-man-dead,4,04-03-2020,
84,9,As a fellow Singaporean. What do you think will rejuvenate orchard road?,14,8rvcau,https://www.reddit.com/r/singapore/comments/8rvcau/as_a_fellow_singaporean_what_do_you_think_will/,71,18-06-2018,"Sorry I don't have 1.3 mil to pay you. But as a Singaporean what can you contribute to rejuvenation of orchard road.
For me the road from Tang all the way to intersection before plaza Singapore should be car free. Only public vehicle should be allowed on weekdays. On Saturday and Sunday total vehicle free.. everyone should be able to make full use of the road. Performance arts etc should be encouraged right in the smack of the road.

That's for a start.. for now orchard road looks too commercialised.. everything is too fast paced.. you just want to get there do that and get out.. we need to slow the pace down."
85,9,"Crowds return to Orchard Road, long lines at mall entrances as shops reopen after more than 2 months",12,hc0a9k,https://www.channelnewsasia.com/news/singapore/covid-19-phase-2-reopening-crowds-orchard-road-long-lines-12852216?cid=telegram_cna_social_28112017_cna,6,19-06-2020,
86,9,Police investigate unnatural death at Orchard Central,11,auywg9,https://www.channelnewsasia.com/news/singapore/orchard-central-mall-unnatural-death-police-investigating-11290788,0,26-02-2019,
87,9,"Orchard Road malls, Geylang Serai market among new places visited by Covid-19 patients while infectious",10,iivoru,https://www.straitstimes.com/singapore/health/orchard-road-malls-geylang-serai-market-among-new-places-visited-by-covid-19?xtor=CS3-18&utm_source=STiPhone&utm_medium=share&utm_term=2020-08-30%200%3A08%3A44,0,30-08-2020,
88,9,Orchard Towers murder case: Natalie Siow faces 2 new charges,13,dn7k09,https://sg.news.yahoo.com/orchard-towers-murder-case-natalie-siow-faces-2-new-charges-081440118.html,1,26-10-2019,
89,9,Orchard Road shophouse picks up restoration award; URA marks 30 years of conservation,12,dl1eyg,https://www.straitstimes.com/singapore/orchard-road-shophouse-picks-up-restoration-award-ura-marks-30-years-of-conservation?&utm_source=google_gmail&utm_medium=social-media&utm_campaign=addtoany,1,21-10-2019,
90,9,Cabby who sped in Orchard Road and caused retiree's death jailed 8 weeks,10,9kwz62,https://sg.news.yahoo.com/cabby-sped-orchard-road-caused-retirees-death-jailed-8-weeks-133742394.html,2,03-10-2018,
91,9,"North-South Line, Circle Line hit by power faults; service between Marina South Pier and Orchard resumes",8,bt2zl2,https://www.straitstimes.com/singapore/transport/north-south-line-circle-line-hit-by-power-faults-on-sunday-morning?utm_medium=Social&utm_campaign=STFB&utm_source=Facebook&fbclid=IwAR0lhAb-yMPivwLcnKKcCoTA3D-Yn5AAWxpY4L5JSKplq39Iou55bOvxAyo#Echobox=1558832180,1,26-05-2019,
92,9,"Woman, 21, jailed for charging at policeman, putting him in chokehold at Orchard Towers",8,c5o9df,https://sg.news.yahoo.com/woman-jailed-for-charging-at-policeman-putting-him-in-chokehold-outside-orchard-towers-nightclub-2-073015248.html,19,26-06-2019,
