,district_num,title,score,id,url,comms_num,created,body
0,9,[Oxley] Lee Wei Ling produces email to support allegations of Kwa Kim Li lying about not being involved in the preparation of the final will,142,biz1gf,https://i.redd.it/pdstjlv3tbv21.png,63,30-04-2019,
1,9,Singapore in 'very sad state' if I depend on living in Oxley Road house to 'exude magic aura': PM Lee in libel trial,39,k4mbo1,https://www.channelnewsasia.com/news/singapore/toc-defamation-trial-pm-lee-oxley-road-terry-xu-13675796,43,01-12-2020,
2,9,Retired diplomat Bilahari Kausikan apologises to Lee Wei Ling for comments on 38 Oxley Road,41,hs1f95,https://mothership.sg/2020/07/bilahari-kausikan-lee-wei-ling-apology/,26,16-07-2020,
3,9,Spotted this nugget when reading the transcript of the 1988 TV debate on the Elected Presidency. Reminds anyone of the Oxley Saga?,36,jiw2y1,https://i.redd.it/9ss3qemd0lv51.png,2,27-10-2020,
4,9,38 Oxley Road report: 3 pieces of evidence ministerial committee relied on to determine Lee Kuan Yew's thinking on house,4,88xvnv,http://www.straitstimes.com/politics/3-pieces-of-evidence-the-ministerial-committee-relied-on-to-determine-lee-kuan-yews?utm_campaign=Echobox&utm_medium=Social&utm_source=Facebook&xtor=CS1-10,5,02-04-2018,
5,9,Reasons to conserve Oxley Road,3,896jkv,https://www.channelnewsasia.com/news/singapore/38-oxley-road-a-rare-early-style-bungalow-only-16-conserved-in-10096450,16,03-04-2018,
6,9,Parliament -- The correct place to discuss 38 Oxley?,0,8ae7zj,https://www.reddit.com/r/singapore/comments/8ae7zj/parliament_the_correct_place_to_discuss_38_oxley/,6,07-04-2018,"I think so. It concerns the founding father, ruling party and the current head of state with trust in our government. The argument however, can also be said that it is a private affair and it is just a building.


What do you think?"
7,9,"Watch ""The Show with PJ Thum - Ep 7 - How Oxley Road Shows the Weakness of Public Institutions in Singapore"" on YouTube",0,gbpi6d,https://youtu.be/ikJq1xEzUhI,0,02-05-2020,
