,district_num,title,score,id,url,comms_num,created,body
0,9,"TIL in the 1959 GE, someone from the PAP won a seat by 5 votes for the ward of river valley.",111,humlet,https://i.redd.it/6r3rs3ojz0c51.png,10,20-07-2020,
1,9,"Singapore's a pretty place from any angle. River Valley, Singapore - 01/03/2020",101,fbp0km,https://i.redd.it/hxsj2ghtpzj41.jpg,11,01-03-2020,
2,9,"999-year leasehold River Valley condo sells for S$3.2 million, makes S$1.83 million profit after 18 years",70,k9hw7m,https://mothership.sg/2020/12/river-valley-condo-999-year/?fbclid=IwAR2cltMyvexizTLnTfT7dEfYia0cj-FqgES1yNef229Rb5qOFEQpbpjoqjY,54,09-12-2020,
3,9,Rainbow over River Valley Road (shot a few days ago).,65,k0mu1v,https://i.redd.it/0li3rryoyb161.jpg,2,25-11-2020,
4,9,"Rain, rain go away: River Valley Road sunrise today.",55,ebej1p,https://i.redd.it/0yppsss8oz441.jpg,2,16-12-2019,
5,9,ikea trolley found in jurong west (opposite river valley high),42,dlggxy,https://i.redd.it/i1pxfi7wt2u31.jpg,9,22-10-2019,
6,9,Early morn on River Valley Road,35,f60ofe,https://i.redd.it/pq318ub6krh41.jpg,4,19-02-2020,
7,9,"Dunman High, River Valley High to accept O-Level students from other schools",27,9hmfr7,https://www.channelnewsasia.com/news/singapore/dunman-river-valley-high-accept-o-level-students-other-schools-10743982,10,21-09-2018,
8,9,Spize Restaurant at River Valley suspended amid 49 gastroenteritis cases,23,9vl35t,https://sg.news.yahoo.com/spize-restaurant-river-valley-suspended-amid-gastroenteritis-outbreak-141304584.html?fbclid=IwAR00Z5D8zLQ8beWHfw4twPdyM_EpTQyrYKK42tf6yWOaT6p8J3mZl87BNkE,13,09-11-2018,
9,9,"Since it is election season, and people are already tearing down posters, Here's a letter from Ho Kok Hoe when he ran. He was the Labour Front (LF) candidate for the River Valley ward in the 1957 City Council Election.",30,hjlygk,https://i.redd.it/7ll0h1ok0c851.png,3,02-07-2020,
10,9,River Valley pre-dawn skyline,19,gl3zj1,https://i.redd.it/s5mup6zqg7z41.jpg,1,17-05-2020,
11,9,River Valley High students recite National Pledge on video every morning before home-based learning,5,g2ck0w,https://mothership.sg/2020/04/river-valley-high-students-pledge-zoom/?fbclid=IwAR0RFzBPExtJDkRTYt4YuDULY-L1VKe4j2mYllIz9ivqNOVDCoPaqvfVXoA,13,16-04-2020,
12,9,Smoking area around river valley road ?,0,8zcrf5,https://www.reddit.com/r/singapore/comments/8zcrf5/smoking_area_around_river_valley_road/,3,17-07-2018,Just arrived at sg been craving for a cigar. Dropped by local 711 to get fresh pack of Marlboro. Just need a place to smoke without violating any laws. Thanks. 
13,9,Looking for Gyms in Tanglin/River Valley Road Area,0,degpmj,https://www.reddit.com/r/singapore/comments/degpmj/looking_for_gyms_in_tanglinriver_valley_road_area/,11,07-10-2019,"Hi all, just moved to Singapore and would greatly appreciate gym recs.  My focus is strength training but cardio is important for me as well.  I checked out True Fitness in Great World City and was very disappointed.  There’s gotta be something better!

Edit:  I am looking more towards a hardcore bodybuilding gym, with a wide variety of free weights apparatus, benches, machines, dumbbells, etc.  Classes not a priority, nor are the gyms that require a personal trainer (seem to be so many of those here).  Atmosphere is key, so ideally it is a place where a lot of other meatheads like to train."
