,district_num,title,score,id,url,comms_num,created,body
0,1,Boat Quay car chase + Shootout - From the film 2000 AD (2000),1367,ieupp7,https://v.redd.it/cc7u7smznni51,149,23-08-2020,
1,1,Boat Quay X'mas Royal Rumble. Merry X'mas all!,635,kjryun,https://v.redd.it/fzv6yy3tz8761,121,25-12-2020,
2,1,There was a short period this evening when the skies perfectly reflected the buildings in the water in Boat Quay.,417,jzhybz,https://i.redd.it/l7lvvddtvz061.jpg,8,23-11-2020,
3,1,Just saw the aftermath of a violent crime near Boat Quay,84,jcyvue,https://www.reddit.com/r/singapore/comments/jcyvue/just_saw_the_aftermath_of_a_violent_crime_near/,28,18-10-2020,"I'm out on a run after midnight and I see a group of people were crowding around this unconscious and bleeding dude on the ground. Apparently he was just assaulted and the assaulters made a run for it (probably just drunk people fighting, I dunno). The cops arrived followed by an ambulance shortly afterwards. This is outside BQ on the riverfront area in front of UOB building.

Wonder if it will make the news."
4,1,Otters at Boat Quay,58,m2o1rp,https://v.redd.it/85n5uylzvdm61,2,11-03-2021,
5,1,"Couple who ran Boat Quay nightclubs gets jail, fine in Singapore's first labour trafficking sentencing",42,f22axq,https://www.channelnewsasia.com/news/singapore/court-couple-ran-boat-quay-nightclubs-labour-trafficking-crime-12420676?cid=FBcna&fbclid=IwAR2G0KXYQDOXEbkiL3gsuVzwJjH84LqmB0_D-IWXdG29pkMrh9X7_7jQ3DY,10,11-02-2020,
6,1,"Singapore Awakening in 1983 - A film showcasing employees performing their daily tasks, in this case, Goh Seng Lai firm employees that start constructing a platform at North Boat Quay",35,bnet44,https://www.youtube.com/watch?v=e2BeLr-sXmo,3,12-05-2019,
7,1,MBS from Boat Quay,23,ay87yw,https://i.redd.it/wwmheajbdmk21.jpg,2,07-03-2019,
8,1,Man jailed for causing death in 'vicious and brutal' rampage at Boat Quay club,21,9ko8ib,https://sg.news.yahoo.com/man-jailed-causing-death-vicious-brutal-rampage-boat-quay-club-143118991.html,11,02-10-2018,
9,1,Boat Quay,19,arub5f,https://i.redd.it/szrs1pabv9h21.jpg,1,18-02-2019,
10,1,"Boat quay, singapore",9,f17oii,https://www.picturesforwalls.com/photo/singapore/acrossboatquaybw.htm,0,09-02-2020,
