,district_num,title,score,id,url,comms_num,created,body
0,1,There's something special about Chinatown,3685,e78fga,https://i.redd.it/lh6er99pf4341.jpg,210,07-12-2019,
1,1,"Our video game, Chinatown Detective Agency, based on a cyberpunk Singapore now has a Steam page and trailer",1795,dfzdot,https://v.redd.it/s7pb8nl0bqr31,171,10-10-2019,
2,1,"School had a 30 minute trip to Chinatown, but we just walked around and did nothing because everything was still closed. Thank you, school.",1654,ept6g4,https://i.redd.it/2fky6crcr8b41.jpg,139,17-01-2020,
3,1,"Update from last week: Mount E sent me free hospital gowns in the mail! This is my first gown outfit, shot behind Chinatown MRT",1395,bhv2c1,https://i.redd.it/hskoameahmu21.jpg,112,27-04-2019,
4,1,Evening in Chinatown,1288,i8gxd7,https://i.redd.it/xxoa618cmlg51.jpg,39,13-08-2020,
5,1,"Chinatown Detective Agency, cybernoir adventure game based in Singapore, has launched on Kickstarter",1266,fpc1sl,https://v.redd.it/89yk8v8ex0p41,85,26-03-2020,
6,1,"I tried to cook Singapore laksa today, it didn’t work out. So here's a photo of laksa from Chinatown I had last year",1238,gcvfh7,https://i.redd.it/7kc4zrnaelw41.jpg,82,04-05-2020,
7,1,Chestnuts at Chinatown,1237,je4rdw,https://i.redd.it/tmqiyfmbu2u51.jpg,49,20-10-2020,
8,1,The Buddha Tooth Relic Temple in Chinatown,1198,ii3a8u,https://i.redd.it/viduzp8pdpj51.jpg,35,28-08-2020,
9,1,"Same place, same time, but 1 year apart. Chinatown during CNY period.",1161,ldtyf2,https://i.redd.it/bboyoee4utf61.jpg,24,06-02-2021,
10,1,A shot of the People's Park Complex in Chinatown,862,e841wc,https://i.imgur.com/htSfSb8.jpg,37,09-12-2019,
11,1,Chinatown Singapore - darkmode,825,db66w8,https://i.redd.it/97bqj9mnonp31.jpg,20,30-09-2019,
12,1,Rain at Chinatown,673,jy9o7j,https://i.redd.it/umgb5d403l061.jpg,20,21-11-2020,
13,1,Yesterday's mildly interesting sight at Chinatown.......🐓,621,eykb1t,https://v.redd.it/mwe3auot2ue41,88,04-02-2020,
14,1,"Chinatown, before and after it became a tourist trap. Top Pic, 1980s. Bottom Pic, 2004.",437,ii20vc,https://i.redd.it/3cneuclwsoj51.jpg,47,28-08-2020,
15,1,"We made this for our game, Chinatown Detective Agency. Being set in Singapore, we had to showcase the cuisine! Suggestions for next batch of dishes?",304,ecdj6j,https://i.redd.it/26r9hcscme541.png,66,18-12-2019,
16,1,The Photographer’s Viewfinder. Chinatown | Mamiya RB67 with Portra 800,286,llteqp,https://www.reddit.com/gallery/llteqp,18,17-02-2021,
17,1,Shoe Cobbler outside Chinatown MRT ( before covid ),265,hoiycp,https://i.redd.it/8buu0lyzpy951.jpg,17,10-07-2020,
18,1,Alternate view of Chinatown from January last year,239,lekdio,https://i.redd.it/cwk4qissd1g61.jpg,18,07-02-2021,
19,1,Members of public suspect Chinatown Point CNY mascot is a rat recycled as an ox,229,l153ii,https://mothership.sg/2021/01/chinatown-point-rat-ox-chinese-new-year/?fbclid=IwAR2DwPOQMGpyN7IQ72-UCU_bLtO9y7VR32iWD64wlu0rwW3yj7YxOQ8qppI,51,20-01-2021,
20,1,Almost empty Chinatown,205,fqarw1,https://i.redd.it/zgsydbvmibp41.jpg,16,28-03-2020,
21,1,"Unedited Empty Chinatown, Shot on iPhone 11",210,iq2uzq,https://i.redd.it/osym9j2pjbm51.jpg,23,10-09-2020,
22,1,Spotted in Chinatown...I get that it’s a tourist trap but not like this.,206,9zdrx3,https://i.imgur.com/RR6crYm.jpg,46,22-11-2018,
23,1,8am at Chinatown,194,awq5d5,https://i.redd.it/7hn6ly9kstj21.jpg,14,03-03-2019,
24,1,Chinatown in the morning.,150,algdg1,https://i.redd.it/sutme8ku6jd21.jpg,2,31-01-2019,
25,1,Shop owner at Chinatown Complex and son who have Covid-19 didn’t see doctor or use TraceTogether token or app,152,lht17s,https://www.todayonline.com/singapore/new-covid-19-cases-Feb-11-2021,60,12-02-2021,
26,1,54-year-old record shop in Chinatown Complex Centre closing down end-Nov. 2019,145,dwklf6,https://mothership.sg/2019/11/foo-leong-record-shop-chinatown-close/,4,15-11-2019,
27,1,Found this in a CD shop at Chinatown which closes down today!,147,e6tdq3,https://i.redd.it/aiywfj63ux241.jpg,37,06-12-2019,
28,1,Chinatown and its many charms,136,j7s94s,https://i.imgur.com/zX7lgk4.jpg,9,09-10-2020,
29,1,Coronavirus: American pilot sentenced to 4 weeks' jail for breaching stay order to go to Chinatown Point,135,gir4sr,https://www.straitstimes.com/singapore/courts-crime/coronavirus-american-pilot-sentenced-to-4-weeks-jail-for-breaching-stay-order,42,13-05-2020,
30,1,Chinatown so crowded that safe distancing is not possible,124,l9u7du,https://www.tnp.sg/news/singapore/chinatown-so-crowded-safe-distancing-not-possible,67,01-02-2021,
31,1,Made pixel art of Chinatown in pixelplace.io,118,jy76pd,https://www.reddit.com/gallery/jy76pd,5,21-11-2020,
32,1,Detective Conan mural in Chinatown,98,dppsan,https://i.redd.it/pizx706x4vv31.jpg,8,01-11-2019,
33,1,Just got into the hobby of shooting with film. Chinatown. [Yashika FX-7 | Probably mouldy and expired film that has been sitting in the camera for a few years],94,dmvmyc,https://i.redd.it/q0fbt7932ou31.png,9,25-10-2019,
34,1,Man arrested for knocking down woman with e-scooter at Chinatown MRT station,96,7taxg6,https://www.channelnewsasia.com/news/singapore/man-arrested-for-knocking-down-woman-with-e-scooter-at-chinatown-9901902,28,27-01-2018,
35,1,53-year-old record shop in Chinatown has been losing S$1k a month for the past 3 years,89,9zesra,https://mothership.sg/2018/11/foo-leong-records-chinatown-lose-money-cannot-survive/?fbclid=IwAR3m9cQk9UkrYV8dA1O2UWfU5hxA9Qs9lqhqhq0G8hRhROFRqYmtjsNYdLk,35,22-11-2018,
36,1,Haliluya (spotted in Chinatown),97,elrafg,https://i.redd.it/flha6oevdj941.jpg,21,08-01-2020,
37,1,"Chinatown MRT station has escalator announcements in Hokkien, Cantonese, English, & Mandarin",90,j6oz0h,https://railtravelstation.com/chinatown-mrt-station-dialect-escalator-announcements/,91,07-10-2020,
38,1,food collection in Chinatown on Saturday,82,jmdezj,https://i.redd.it/nec99mbs0qw51.jpg,22,02-11-2020,
39,1,Chinatown [Olympus Infinity Stylus | CInestill 800t],77,bk52ly,https://i.redd.it/ow6pfme9sxv21.jpg,11,03-05-2019,
40,1,Street Hawker in Chinatown circa 1970s,72,idde0s,https://imgur.com/JoWEhqH,7,21-08-2020,
41,1,9 suspects arrested for rioting at Chinatown apartment block following police manhunt over three days,66,gisuk2,https://www.straitstimes.com/singapore/courts-crime/9-suspects-arrested-for-rioting-following-police-manhunt-over-three-days?utm_medium=Social&utm_campaign=STFB&utm_source=Facebook#Echobox=1589326298,24,13-05-2020,
42,1,One Afternoon At The Most Touristy Zi Char In Chinatown,58,dfvnpc,https://www.ricemedia.co/food-reviews-afternoon-touristy-zi-char-singapore-chinatown/,17,10-10-2019,
43,1,"Chinatown quieter this year, shopkeepers say business is dwindling",67,etjziy,https://www.todayonline.com/singapore/chinatown-quieter-year-shopkeepers-say-business-dwindling?utm_source=dlvr.it&utm_medium=twitter,13,25-01-2020,
44,1,This TCM shop @ Chinatown is not just selling remedies against virus...,50,f5opje,https://i.redd.it/yj7fu8xh8nh41.jpg,19,18-02-2020,
45,1,2 community cases among 18 COVID-19 infections in Singapore; new cluster formed at Chinatown Complex,50,liel3r,https://www.channelnewsasia.com/news/singapore/covid-19-new-community-cases-feb-12-chinatown-complex-cluster-14177770,19,13-02-2021,
46,1,Chinatown Complex visited 14 times between Jan. 28 & Feb. 10 by infectious Covid-19 case,52,lhoqwc,https://mothership.sg/2021/02/covid-19-update-11-feb/,7,12-02-2021,
47,1,Chinatown street vendor’s instructions to his new store,52,elrcoc,https://i.redd.it/g2ig3i39fj941.jpg,5,08-01-2020,
48,1,2 men involved in rioting with knives at Chinatown still at large after 3-day manhunt,50,giexuh,https://mothership.sg/2020/05/chinatown-fight-2-men/,21,13-05-2020,
49,1,Sundays at Chinatown,47,k1f5xt,https://www.reddit.com/gallery/k1f5xt,2,26-11-2020,
50,1,Crowds still seen in Chinatown despite new measures,48,lf15c1,https://www.tnp.sg/news/singapore/crowds-still-seen-chinatown-despite-new-measures,26,08-02-2021,
51,1,"To celebrate Chinese New Year 2021, the Singapore BTE Team has built Chinatown on a 1:1 scale in Minecraft. It took one month.",48,leehs2,https://www.reddit.com/gallery/ldwy8y,6,07-02-2021,
52,1,"Chang'e Appears In Chinatown Again, People Say She Looks Pregnant This Time",45,iuhmpi,https://mustsharenews.com/change-chinatown-pregnant/,22,17-09-2020,
53,1,"Clicked this random pic at Chinatown today. Something about this pic is quite appealing, but I just can’t figure out what.",44,f8r6sq,https://i.redd.it/s133gx1kivi41.jpg,14,24-02-2020,
54,1,"Chinatown, Singapore",47,hfjs3c,https://i.redd.it/2r710pmvkw651.jpg,3,25-06-2020,
55,1,Chinatown [OC],43,hso9il,https://i.redd.it/1roerr1q4cb51.jpg,11,17-07-2020,
56,1,Next year's Chinese New Year Bazaar at Chinatown called off,39,k084sg,https://www.straitstimes.com/singapore/consumer/next-years-chinese-new-year-bazaar-at-chinatown-called-off,20,25-11-2020,
57,1,"Dunno, somewhere in Chinatown (Shen Hao HZX45-IIA , 90mm, Arista EDU ultra 100)",31,7w51x8,https://i.redd.it/azt6hdeayze01.jpg,5,08-02-2018,
58,1,"100 evacuated, 1 taken to hospital after fire in Chinatown Point shop",32,m3bqrg,https://www.straitstimes.com/singapore/chinatown-point-evacuated-after-shop-catches-fire,12,12-03-2021,
59,1,Chinese auspicious saying decoration in S'pore Chinatown contains obvious typo,29,l5t39l,https://mothership.sg/2021/01/typo-chinatown-cny-saying/?fbclid=IwAR3yyzPHtTZAfN9ImCgAV0jVnPSbZn44DNbtruHxZOtLSb4zERB0qOgOVmI,11,27-01-2021,
60,1,Luxury Handbag Resale Shop At Chinatown Point Catches Fire,33,m4189q,https://www.todayonline.com/8days/liveandlearn/style/luxury-handbag-resale-shop-chinatown-point-catches-fire,13,13-03-2021,
61,1,Hawkers at Chinatown Complex Food Centre offer discounts to bring back the crowds,33,fesd9b,https://www.straitstimes.com/singapore/hawkers-at-chinatown-complex-food-centre-offer-discounts-to-bring-back-the-crowds,2,07-03-2020,
62,1,"Queues for S$1.20 FRIED BEEHOON & PORRIDGE in Chinatown, Singapore!",23,dj5lq2,https://www.youtube.com/watch?v=joY1mQVOT8c,11,17-10-2019,
63,1,Could cancellation of Chinese New Year bazaar in Chinatown have been avoided?,33,kw9bv8,https://www.todayonline.com/singapore/could-cancellation-chinese-new-year-bazaar-chinatown-have-been-avoided,36,13-01-2021,
64,1,My article on Singapore Chinatown & cultivating a Chinese cultural identity (feedback from locals appreciated),25,7x35d1,https://www.lowdownonchinatown.com/home/singapore-chinatown,15,13-02-2018,
65,1,"Sri Mariamman Temple Chinatown, Singapore",26,e3f4sg,https://i.redd.it/17n2rwlbtm141.jpg,1,29-11-2019,
66,1,"Since we’re all sharing..( Chinatown , 2011 )",24,9piw8e,https://i.redd.it/wbj6o3aym4t11.jpg,3,19-10-2018,
67,1,Chinatown CNY atmosphere,31,ep0ey3,https://i.redd.it/1ifiyagd1xa41.jpg,7,15-01-2020,
68,1,Chinatown Chinese New Year street light-up will be turned off on weekends to deter crowds,28,ld0l5m,https://mothership.sg/2021/02/chinatown-cny-crowded/,13,05-02-2021,
69,1,Struggling Chinatown Food Street to close till June 1,26,fsako6,https://www.asiaone.com/lifestyle/struggling-chinatown-food-street-close-till-june-1,6,31-03-2020,
70,1,"chinatown, 2020 [canonflex rp, kodak ultramax 400]",27,l4k2k8,https://i.redd.it/lj4oiebw1gd61.jpg,8,25-01-2021,
71,1,Power Fault at Chinatown MRT.,20,aqg9ze,https://www.reddit.com/r/singapore/comments/aqg9ze/power_fault_at_chinatown_mrt/,16,14-02-2019,"Date: 14 Feb 2019

Time: 1315h

The platform’s light are off but MRT still working. "
72,1,Man admits to slashing victim in Chinatown brawl during circuit breaker,18,jg2mo8,https://www.straitstimes.com/singapore/courts-crime/man-admits-to-slashing-victim-in-chinatown-brawl-during-circuit-breaker?utm_campaign=STFB&utm_medium=Social&utm_source=Facebook&fbclid=IwAR1C99SY9z0MVmpj8jx0lPru_dOJK8xtE5o-ammY1MN2dAFa5yN9dtkxbms,5,23-10-2020,
73,1,Fourth man charged over alleged involvement in Chinatown riot,25,gk28vs,https://www.straitstimes.com/singapore/courts-crime/fourth-man-charged-over-alleged-involvement-in-chinatown-riot,4,15-05-2020,
74,1,Experts concerned Chinatown is straying too far from roots,15,8ztlf4,https://www.tnp.sg/news/singapore/experts-concerned-chinatown-straying-too-far-roots?utm_term=Autofeed&utm_campaign=Echobox&utm_medium=Social&utm_source=Twitter#Echobox=1531865220,20,18-07-2018,
75,1,New Year Shopping at Chinatown (1965),10,lopxah,https://www.nas.gov.sg/archivesonline/photographs/record-details/c20913ca-1161-11e3-83d5-0050568939ad,3,21-02-2021,
76,1,A Trip Around Singapore: From Chinatown to Tiong Bahru | Our Grandfather Story [19:21],8,be6brk,https://youtu.be/deHhRCP83D4,2,17-04-2019,
77,1,Three men charged over alleged involvement in Chinatown brawl,9,gjerij,https://www.straitstimes.com/singapore/courts-crime/three-men-charged-over-alleged-involvement-in-chinatown-brawl,1,14-05-2020,
78,1,Youth on the run over cheating offences caught by police after he was slashed in Chinatown brawl,9,jmlr48,https://www.straitstimes.com/singapore/courts-crime/youth-on-the-run-over-cheating-offences-was-caught-when-he-was-slashed-in?utm_medium=Social&utm_campaign=STFB&utm_source=Facebook&fbclid=IwAR2Egbqi2wlfvcnmgJNQxp5-57yb6qtPLxSzPcJ9015wj9EypLiAgd88tSY#Echobox=1604315282,9,02-11-2020,
79,1,Any good LANs around the Chinatown area?,4,98ixsi,https://www.reddit.com/r/singapore/comments/98ixsi/any_good_lans_around_the_chinatown_area/,25,19-08-2018,"There was one nearby Spout Arena LAN at Lucky Chinatown level 3 but it shut down recently. I frequented there often, but now that it’s closed, I have no where to kill time on. 

Preferably, the LAN should be within an 8KM or take less than 30 minutes from Chinatown to travel there on MRT or Bus.

Thanks!"
80,1,"Best laksa, Char Kway Teow and other Singaporean food near Chinatown..",6,ba0q8b,https://www.reddit.com/r/singapore/comments/ba0q8b/best_laksa_char_kway_teow_and_other_singaporean/,9,06-04-2019,I will now be leaving SG tomorrow and still not tried your famous laksa and char kway teow.. Any recommendations?
81,1,Heritage lesson in Chinatown mouse hunt,4,envtpv,https://www.straitstimes.com/singapore/heritage-lesson-in-chinatown-mouse-hunt,3,13-01-2020,
82,1,Why is Chinatown = 牛车水 = cow car water?,4,agfsp9,https://www.reddit.com/r/singapore/comments/agfsp9/why_is_chinatown_牛车水_cow_car_water/,18,16-01-2019,Weirdest translation ever.
83,1,Programmes | Chinatown Festivals,0,ekvpv2,https://chinatownfestivals.sg/programmes/?fbclid=IwAR3b4-JlKlvRm35xVvS0T49FULbkHv8s3zxRbC5dRJ8WVfplHPn-M70_xp8,0,06-01-2020,
84,1,"Chinatown, on medium format film.",2,e7sfqk,https://youtu.be/nsgicc2lbLE,3,08-12-2019,
85,1,Chinatown at night! (Shot on iPhone 7+),0,8c7vlx,https://i.redd.it/9t52nms0xvr01.jpg,2,14-04-2018,
86,1,Fewer visitors at Chinatown Complex wet market as experts remind shoppers of Covid-19 risk,0,lc1o9k,https://www.straitstimes.com/singapore/fewer-visitors-at-chinatown-complex-wet-market-as-experts-remind-shoppers-of-covid-19-risk?utm_campaign=stfb&utm_medium=social&utm_source=facebook&fbclid=IwAR1aM7p8iSzLNsnfi3yt92iYoUoK6FTHbO61bPez5NqyyEqxsDdlTdmcPsg,1,04-02-2021,
87,1,Chinatown,0,8thsjx,https://i.redd.it/6gf7pddsay511.jpg,5,24-06-2018,
88,1,Recommendation for safe walking route between Chinatown and Bedok Reservoir,0,7sw3tp,https://www.reddit.com/r/singapore/comments/7sw3tp/recommendation_for_safe_walking_route_between/,7,25-01-2018,"I checked google map, and even with satellite/streetview, I can't tell if some sections of it have pedestrian path. 

If you have biked/walked from the 2 points, or know of a website with info, appreciate any help on this.

P.s safe = Got some sort of path and I'm not like walking on the highway road or anything

Thanks!"
89,1,[Singapore Walk 4K 60] Chinatown during COVID19,0,g9mey3,https://youtu.be/uI7QpTEMEGM,5,28-04-2020,
