,district_num,title,score,id,url,comms_num,created,body
0,1,At People's Park Complex,1295,kbjm9q,https://www.reddit.com/gallery/kbjm9q,22,12-12-2020,
1,1,A shot of the People's Park Complex in Chinatown,860,e841wc,https://i.imgur.com/htSfSb8.jpg,37,09-12-2019,
2,1,"A whole little city by itself, People's Park Complex, Singapore [1067×1600]",372,c6x2r9,https://live.staticflickr.com/65535/47097963814_69f490d160_h.jpg,35,29-06-2019,
3,1,Teen slashed in People's Park brawl during circuit breaker faces multiple charges,45,jgk5q2,https://www.straitstimes.com/singapore/courts-crime/teen-slashed-in-brawl-during-circuit-breaker-faces-charges-including-multiple?utm_campaign=STFB&utm_medium=Social&utm_source=Facebook,10,23-10-2020,
4,1,"People's Park Complex, People's Park Centre, Golden Mile Complex and Golden Mile Tower attempting collective sales",17,82td8r,https://www.businesstimes.com.sg/real-estate/peoples-park-complex-peoples-park-centre-golden-mile-complex-and-golden-mile-tower,17,08-03-2018,
5,1,People's Park Complex,1,aunsqn,https://www.reddit.com/r/singapore/comments/aunsqn/peoples_park_complex/,5,26-02-2019,Does anyone here live in the apartment at People's Park Complex? What's it like to live there? and how do you go up because I've been there quite a few times and I've never seen anyway to go up
