,district_num,title,score,id,url,comms_num,created,body
0,1,Does anyone still remember the Old Suntec City with Carrefour as the anchor supermarket and Eng Wah cinemas at the top level? Source: Wikipedia. (Not able to find pictures from other sources.),680,lf518e,https://i.redd.it/hfijzdl0x6g61.jpg,107,08-02-2021,
1,1,"Queue for masks, Suntec City",371,evidev,https://i.redd.it/5d59utfujnd41.jpg,68,29-01-2020,
2,1,Rating Work/Study areas (Part 1 ?) - Golden Village Gold Class Lounge Suntec City,124,jtfyjb,https://www.reddit.com/r/singapore/comments/jtfyjb/rating_workstudy_areas_part_1_golden_village_gold/,13,13-11-2020,"hey kiddos! ive seen a lot of people (students) asking about areas to study/work and decided to just jot down my thoughts on my experience and have something to do other than my assignments hehe :D if anyone wants, i'll try to do this every week (depends on my workload ;\_;) to help out whoever needs it lol. didnt post on sgexams bc i had no idea how to tag it \\\^\^"" TL;DR at the end\~

&#x200B;

**Assessiblity:** 👍👍👍 out of 3👍s

\- About 5 minute walk from Promenade MRT

\- Free wifi that is not slow :D managed to watch all my lectures and another long video without buffering (long video was in HD too!)

\- Got socket to charge your devices! Staff also got give extension cord so everyone can use

\- Toilet is in the lounge too!

&#x200B;

**Comfort:** 👍👍

\- Free-seating but only a few tables got access to the socket

\- I sat in the chair with no backing so my back is like crying after 6 hours. Chair is soft soft cushion kind so quite comfy la

\- Aircon is good! Not super strong its like low low temp and the fan speed low so just nice no need jacket. Also heard today very hot and i hate the hot weather so thats a plus!

\- Table is literally stone cold kind so i started sneezing and everyone scared of me now ;\_;

\- Table also a bit small because i went with two other friends, didn't really have space to write anything since i had my laptop. But if you're going alone or with one other person, there should be enough space :D

\- Got this two TVs flashing all the movie trailers a bit distracting lol so i sat with my back to it :D

\- good lighting

&#x200B;

**Price:** 👍👍

\- $15 for 6 hours (12pm-6pm) until 20 Nov, subsequently $25 after 20 Nov

\- Inclusive of a cup of coffee or tea (I dont drink either ;\_;) and a regular popcorn + Free flow of cold/normal (probably tap) water in plastic cup with straw

\- Includes a $9.50 discount movie ticket voucher) valid for 2 weeks on Friday-Sunday only because i went on Friday (If you go Mon-Thurs, then you get Mon-Thurs discount voucher)

\- Not good for broke students lol

&#x200B;

Other stuff:

\- Eat before you come lol i forgot to eat breakfast/lunch so i wanted to buy their lounge food (range from $10-$20 - GV Movie Club got 10% off!!) but they only open at 3pm -\_- so i brought in food from BK next door - staff nv chase us out so i guess its sort of ok

\- You can purchase the ""pass"" for access to the lounge beforehand in the same week, but tbh it wasnt crowded at all so walking in to buy is ok la

\- Please remember wear mask after you eat finish. The two guys next to me just maskless like majority of the time i was there ;\_;

&#x200B;

**Overall:** 4/5, could be 4.5 if i got a better chair :P probably won't go back when price becomes $25 lol

&#x200B;

Website: [Golden Village Gold Class Lounge Suntec City](https://www.gv.com.sg/GVPromotionDetails#/promotion/5fa2259d-4f52-4310-8f8a-4ea312ec6baa)

Part 2 maybe: Trying to book a place at [Orchard Hotel](https://www.millenniumhotels.com/en/offers/asia/orchard-hotel-singapore/work-from-hotel/?hotel=orchard-hotel-singapore&holdPosition=true) for next week!

If anyone got go before, also can share your experience. if u got other good places can also recc! and pls give feedback idk how to do these review things HAHA Thanks for reading all the way here <3

TL;DR: If you have some money this is a good place to study/work until 20 Nov :D  


Edit: [Part 2](https://www.reddit.com/r/singapore/comments/jxq6q0/rating_workstudy_area_part_2_orchard_hotel_work/?utm_source=share&utm_medium=web2x&context=3)!"
3,1,Suntec City - Circuit Breaker Day 1 (grocery run),94,fxoy9o,https://i.redd.it/0hikzezj9rr41.jpg,9,09-04-2020,
4,1,"Spotted at Harvey Norman, Suntec City. 🤷🏻‍♂️",89,7vnvur,https://i.redd.it/g0yx1aeyxle01.jpg,25,06-02-2018,
5,1,Shake Shack opening 4th outlet at Suntec City 'soon',90,ig3cu7,https://mothership.sg/2020/08/shake-shack-suntec-city/,40,25-08-2020,
6,1,Suntec City Koi Pond,27,ab745m,https://www.reddit.com/r/singapore/comments/ab745m/suntec_city_koi_pond/,11,31-12-2018,Does anyone remember the koi pond that was once in suntec city? When was it closed down and why? I’ve had a lot of great childhood memories in there and was sad to realise it wasn’t there anymore since it’d been a while since i’d last gone there. :/
7,1,"Ex-security guard who sexually assaulted drunk man in Suntec City toilet jailed, caned",23,9z1r4w,https://sg.news.yahoo.com/ex-security-guard-sexually-assaulted-drunk-man-suntec-city-toilet-jailed-caned-080419608.html,13,21-11-2018,
8,1,Found the world’s first coconut vending machine - in Suntec City no less!,14,bdu7po,https://i.redd.it/azb75585tms21.jpg,13,16-04-2019,
9,1,"Suntec City, Plaza Singapura among places visited by COVID-19 cases while infectious",17,hupgba,https://www.channelnewsasia.com/news/singapore/covid-19-suntec-plaza-singapura-waterway-point-community-cases-12948222,16,21-07-2020,
10,1,Maxwell Food Centre - Singapore - Toastbox - Suntec City - Maxwell Hawker Centre,2,ego1cw,https://youtu.be/vn7JhgWihi8,0,28-12-2019,
