,district_num,title,score,id,url,comms_num,created,body
0,27,Two Lamborghinis crash along Sembawang road.,1086,gyg8t2,https://i.redd.it/k8yna8imqh351.jpg,118,08-06-2020,
1,27,A Morning in Sembawang,679,8cs1k9,https://i.redd.it/cvpahctjucs01.jpg,20,17-04-2018,
2,27,"Missing dog, lost in Sembawang area. Appreciate your help to share!",679,eh3014,https://imgur.com/ExfrBx2,24,29-12-2019,
3,27,Double points if it's on the north south line near Sembawang,549,hyjokp,https://i.redd.it/o6nm869s6bd51.jpg,14,27-07-2020,
4,27,[Sembawang Park] Doggy days,527,ccn9vk,https://i.redd.it/gbxy3sp9d1a31.jpg,23,13-07-2019,
5,27,I get mocked a lot for staying in Sembawang but where else in Singapore am you get this kind of kickass views? Right from my bedroom!,381,dfvkiq,https://i.imgur.com/kj0mqdF.jpg,92,10-10-2019,
6,27,Caught a bunch of people getting out of their cars and off the road to help a McDelivery rider who fell off his bike at the Yishun Ave 5/ Sembawang Rd intersection.,346,i1q5h4,https://i.redd.it/44q044uhcde51.jpg,18,01-08-2020,
7,27,Full-time National Serviceman found dead at Sembawang Air Base,221,9jkpyr,http://www.channelnewsasia.com/news/singapore/full-time-national-serviceman-found-dead-at-sembawang-air-base-10767644,99,28-09-2018,
8,27,"Found a cat near sembawang station, just in case owner is looking for him",171,8y9mi9,https://i.redd.it/6psow3srni911.jpg,19,12-07-2018,
9,27,Sembawang hot springs before renovation. Before all the hype. Taken in 2016,170,jvp255,https://i.redd.it/0rz8fkcl9rz51.jpg,31,17-11-2020,
10,27,Sunset after a heavy rain in Sembawang,158,ibx7qh,https://i.redd.it/czyq07j43qh51.jpg,4,18-08-2020,
11,27,"Missing bird, Sembawang.",149,m4otsf,https://i.redd.it/b9p751y1jxm61.jpg,15,14-03-2021,
12,27,This was on 'NSF found dead in Sembawang Air Base',120,9jtp8y,https://i.redd.it/0ouuod0ar3p11.png,68,29-09-2018,
13,27,"Pink evening at Sembawang Park, August 2018 (adjacent to Simpang)",118,arqdtu,https://i.redd.it/ix2zxbrzn7h21.jpg,3,18-02-2019,
14,27,Heavy rain in Sembawang.,118,9mxb6c,https://i.redd.it/6a125mee7br11.jpg,37,10-10-2018,
15,27,'Ashamed of being Singaporean': Blogger highlights bad behaviour at Sembawang Hot Spring Park,118,emn9us,https://www.asiaone.com/singapore/ashamed-being-singaporean-blogger-highlights-bad-behaviour-sembawang-hot-spring-park,51,10-01-2020,
16,27,Japanese Reviewing the Only Hot Spring in Singapore | Sembawang Onsen Park🇸🇬,117,emjb16,https://www.youtube.com/watch?v=xn4g2somO7I,30,10-01-2020,
17,27,Family of 4 allegedly drives to Sembawang with fishing nets & abducts 20 wild chickens in 3 days,109,h09vto,https://mothership.sg/2020/06/sembawang-chickens/?fbclid=IwAR2eBIHlGsfmzJ_BhC9LgF68tfTQZncOukY4pW8rBo_y5bGYNESqRMurOKs,43,10-06-2020,
18,27,"Sembawang is abit ulu, but you get the best views.",96,c9sev7,https://i.imgur.com/14cpfs9.jpg,6,06-07-2019,
19,27,Sembawang God of Wealth temple on fire,98,iv8psi,https://www.channelnewsasia.com/news/singapore/sembawang-god-of-wealth-temple-fire-13124592,49,18-09-2020,
20,27,Sembawang Park,94,m1613w,https://i.redd.it/0qdlxmwu40m61.jpg,4,09-03-2021,
21,27,"Teo Heng KTV Plans To Close 7 Branches, Including OG Katong & Sembawang Outlets",84,hwcio2,https://mustsharenews.com/teo-heng-close-branches/,26,23-07-2020,
22,27,"2 teens arrested for Sembawang carpark graffiti that read ""Catch me if you can""",72,8992br,https://www.channelnewsasia.com/news/singapore/2-teens-arrested-for-sembawang-carpark-graffiti-10098362,20,03-04-2018,
23,27,Sembawang Park Fishing Jetty. The water here is pretty clean and clear despite being beside the docks. Saw a family doing a baptism at sea here too this morning,73,li4ejk,https://www.reddit.com/gallery/li4ejk,5,12-02-2021,
24,27,Man dresses up as handyman and steals cash register from coffeeshop in Sembawang.,73,edh0f7,https://www.asiaone.com/singapore/fake-handyman-steals-cash-register-and-equipment-worth-10000-sembawang?utm_source=share&utm_medium=ios_app&utm_name=iossmf,6,21-12-2019,
25,27,Sembawang NPC jumping on the Thanos bandwagon,58,beznu4,https://i.redd.it/zfimitjwc8t21.jpg,6,19-04-2019,
26,27,Otters in Sembawang!,44,dei4e9,https://v.redd.it/mt3kckgjt3r31,5,07-10-2019,
27,27,"7 urban farm sites on HDB rooftops launched for public tender in Bukit Panjang, Woodlands, Sembawang",50,lqu9ng,https://www.straitstimes.com/singapore/hdb-rooftops-to-get-more-urban-farms,10,24-02-2021,
28,27,Sembawang during and after the blackout,47,9gmmyx,https://i.redd.it/x7g6yicr8um11.jpg,10,18-09-2018,
29,27,Spotted scanners at Sembawang MRT: I guess it is not just “high target” mrt anymore.,44,b6s1k9,https://i.imgur.com/BgbpyxF.jpg,20,29-03-2019,
30,27,"Tower Transit to run Sembawang and Yishun bus interchanges, taking over from SMRT",45,j2k5o5,https://www.channelnewsasia.com/news/singapore/tower-transit-bulim-sembawang-yishun-bus-interchanges-lta-13164090?cid=FBcna,29,30-09-2020,
31,27,"Fierce fight breaks out at Sembawang, innocent boy gets phone thrown away by mistake",43,aoz064,https://www.reddit.com/r/singapore/comments/aoz064/fierce_fight_breaks_out_at_sembawang_innocent_boy/,14,10-02-2019,https://mothership.sg/2019/02/driver-fight-singapore-throw-phone/
32,27,Staying in Sembawang? A&W and Daiso are coming your way at Canberra Plaza,41,i0gd2s,https://www.asiaone.com/lifestyle/staying-sembawang-aw-and-daiso-are-coming-your-way-canberra-plaza,21,30-07-2020,
33,27,Flashback: Jalan Ulu Sembawang in 1993. Within 5 years this view would be that of the new HDB flats of Woodlands. (Note the 3 smokestacks of Senoko).,42,dr0qso,https://i.redd.it/6ex7yhul9hw31.jpg,9,03-11-2019,
34,27,Overhead bridge @ Sembawang,32,b1rots,https://i.redd.it/2pbw0dwrzgm21.jpg,2,16-03-2019,
35,27,Man arrested for assaulting 2 Certis officers in Sembawang; allegedly slashed 1 of them with sickle,28,jrnbxc,https://www.todayonline.com/singapore/man-arrested-assaulting-2-certis-officers-sembawang-allegedly-slashed-1-them-sickle,8,10-11-2020,
36,27,NTUC Sembawang Sun plaza egg section :(,27,fpbj5u,https://i.redd.it/an8rximmr0p41.jpg,19,26-03-2020,
37,27,A quirky photo essay on the patrons of Sembawang hot springs,24,87rp72,https://backstory.sg/hotspring/,1,28-03-2018,
38,27,"Graffiti found scrawled on Sembawang carpark walls, police investigating",23,85rwzw,http://www.straitstimes.com/singapore/graffiti-found-scrawled-on-sembawang-carpark-walls-police-investigating,16,20-03-2018,
39,27,Tampines GRC / Sembawang GRC resident view on NSP,22,hndlj2,https://www.reddit.com/r/singapore/comments/hndlj2/tampines_grc_sembawang_grc_resident_view_on_nsp/,25,08-07-2020,"Share your view on NSP ? 

Seriously till now have not see NSP people around my neighbourhood at tampines west. Seems like their focus in tampines at tampines round market, tampines street 11 according to their fb post.

Last day before cooling off period."
40,27,Anyone else hear an air raid siren going off? I'm in the Sembawang area.,26,jsmz9y,https://www.reddit.com/r/singapore/comments/jsmz9y/anyone_else_hear_an_air_raid_siren_going_off_im/,25,12-11-2020,It has been going off for the past like 5 mins. Wondering what's happening
41,27,14 people taken to hospital after tree falls in Sembawang Park,19,a7zql0,https://www.straitstimes.com/singapore/14-people-taken-to-hospital-after-tree-falls-in-sembawang-park,12,21-12-2018,
42,27,Gearing up for 2021: Things to expect ahead of the Sembawang–Yishun Bus Package transition,17,j8z5jz,https://landtransportguru.net/sembawang-yishun-2021-gearing-up/,10,11-10-2020,
43,27,"Singapore GE2020: Two new faces in PAP's Sembawang GRC team, led by Ong Ye Kung",17,hh05o0,https://www.straitstimes.com/politics/singapore-ge2020-two-new-faces-in-paps-sembawang-grc-team-led-by-ong-ye-kung,14,28-06-2020,
44,27,"Python bite at Sembawang HDB block a freak incident, uncommon in Singapore: Experts",17,9ngtp7,https://www.straitstimes.com/singapore/environment/python-bite-at-sembawang-hdb-block-a-freak-incident-uncommon-in-singapore,9,12-10-2018,
45,27,"Groundbreaking ceremony for Sembawang integrated hub, hawker centre and pools ready by 2020",13,8v7vgg,https://www.straitstimes.com/singapore/groundbreaking-ceremony-for-sembawang-integrated-hub-hawker-centre-and-pools-ready-by-2020?utm_campaign=Echobox&utm_medium=Social&utm_source=Facebook&xtor=CS1-10#Echobox=1530415893,3,01-07-2018,
46,27,Woman bitten by python on second storey of Sembawang HDB block,14,9n2qpv,https://www.straitstimes.com/singapore/woman-bitten-by-python-on-second-storey-of-sembawang-hdb-block?xtor=CS1-10,17,11-10-2018,
47,27,"Singapore GE: NSP to contest in Sembawang and Tampines GRCs, Pioneer and MacPherson SMCs",10,fn0j4h,https://www.straitstimes.com/politics/singapore-ge-nsp-to-contest-in-sembawang-and-tampines-grcs-pioneer-and-macpherson-smcs?utm_medium=Social&utm_campaign=STFB&utm_source=Facebook&fbclid=IwAR2iqmU4BuFkzmz7_RaVvMZYRMYV--fQz1Qjs4YE5at6ZLAH8J_SgBUkjKg#Echobox=1584883151,8,22-03-2020,
48,27,"Sembawangers, how do you commute to the CBD?",9,a0gyvf,https://www.reddit.com/r/singapore/comments/a0gyvf/sembawangers_how_do_you_commute_to_the_cbd/,15,26-11-2018,"I have an upcoming appointment at HDB. The estate  that I'm looking at are the upcoming flats at Sun Natura. It is about a 700m walk from the mrt. For my current commute, I take the city direct bus which takes about an hour on average. But that estate does not seem to be served by any city direct busses.

So Sembawangers, how bad is the morning train commute to CBD? How long does it take you to get to Raffles Place on average and every train a sardine can by the time the mrt pulls into Sembawang? "
49,27,Thing to do in Sembawang Hot Spring,6,enm283,https://youtu.be/ehHzYKkWH7w,0,12-01-2020,
50,27,Woman bitten by python on second storey of Sembawang HDB block,6,9n7f3u,http://www.asiaone.com/singapore/woman-bitten-python-second-storey-sembawang-hdb-block,5,11-10-2018,
51,27,Major vapourwave vibes with vertical rainbow in Sembawang,6,guis4l,https://i.imgur.com/8AU2tKD.jpg,0,01-06-2020,
52,27,dead bees everywhere in sembawang?,4,9a73ew,https://www.reddit.com/r/singapore/comments/9a73ew/dead_bees_everywhere_in_sembawang/,10,25-08-2018,so i was strolling back home and saw a pavement filled with dead bees. some were even twitching! My friend also told me that a shit ton of bees flew into his condo. Can anyone explain this? Its really unsettling for someone like me with entomophobia .
53,27,"'Sister flower' Lee Bee Wah brings us around her hood to eat lobster porridge and soak in Sembawang hot spring, Lifestyle News",5,k8605v,https://www.asiaone.com/lifestyle/heartland-tour-dr-lee-bee-wah-takes-us-her-must-visit-spots-nee-soon-south,5,07-12-2020,
54,27,Anyone knows any LAN shops around/near Sembawang?,2,7qri6w,https://www.reddit.com/r/singapore/comments/7qri6w/anyone_knows_any_lan_shops_aroundnear_sembawang/,7,16-01-2018,"If so, pls recommend, thanks. Sembawang Camp to be precise. The nearer/cheaper the better."
55,27,Statue in memory of LKY erected in Sembawang GRC,0,f4nu5a,https://i.redd.it/xky5q5xcw8h41.png,28,16-02-2020,
56,27,Ultimate at Sembawang?,0,bdd1nq,https://www.reddit.com/r/singapore/comments/bdd1nq/ultimate_at_sembawang/,3,15-04-2019,I pass by Sembawang MRT Station on my way back from school and usually see tens of people playing ultimate frisbee at the court right in front of the station. Anyone know who they are and if they let anyone just join them to play or is it like a select group of people invited to join?
57,27,Are there any lan gaming shops near sembawang?,0,a8saq0,https://www.reddit.com/r/singapore/comments/a8saq0/are_there_any_lan_gaming_shops_near_sembawang/,9,23-12-2018,"Specifically near sembawang camp, I want to be able to book in quickly."
58,27,Lamborghini 'twins' collide in Sembawang after 1 fails to stop in time,0,gyrzxj,https://youtu.be/uxoyE7K9Kh8,6,08-06-2020,
59,27,Got covid can go sembawang hot springs not?,0,fkglbw,https://www.reddit.com/r/singapore/comments/fkglbw/got_covid_can_go_sembawang_hot_springs_not/,14,18-03-2020,Can I get infected from ppl sneezing into the water?
