,district_num,comment_id,comment_parent_id,comment_body,comment_link_id,created
0,6,fgeyr83,t3_ey2k7t,"""I got a bad connection about this.............hotspot.""",t3_ey2k7t,03-02-2020
1,6,fgezg8m,t3_ey2k7t,"""It's over, Anakin! I have the higher fps!""
         
""You underestimate my bandwidth!""",t3_ey2k7t,03-02-2020
2,6,fgf242g,t3_ey2k7t,"*Hello There.*

Brigadier General Lee, you are a bold one!",t3_ey2k7t,03-02-2020
3,6,fgexydm,t3_ey2k7t,The dark side of the Force is a pathway to many wifi networks some consider to be... unnnsecured.,t3_ey2k7t,03-02-2020
4,6,fgf7pen,t3_ey2k7t,Spotted the same when I first visited Singapore in 2016. It has been my phone wallpaper for at least a year.,t3_ey2k7t,03-02-2020
5,6,fgf2aee,t3_ey2k7t,Hackers when you use free WiFi: _Hello There_,t3_ey2k7t,03-02-2020
6,6,fgf7wew,t3_ey2k7t,"I disconnected them all! Not just the men, but the women and children too!",t3_ey2k7t,03-02-2020
7,6,fgfismk,t3_ey2k7t,UNLIMITED DATAAAAAAAAAA,t3_ey2k7t,03-02-2020
8,6,fgf59bh,t3_ey2k7t,IT'S A TRAP!,t3_ey2k7t,03-02-2020
9,6,fgf3dpp,t3_ey2k7t,OP goes on to change the i to e... and become that annoying cny relative,t3_ey2k7t,03-02-2020
10,6,fgfb0r8,t3_ey2k7t,Execute mobile data 66.,t3_ey2k7t,03-02-2020
11,6,fgf9ifx,t3_ey2k7t,"if u swipe, there's actually 2 more msgs or photos",t3_ey2k7t,03-02-2020
12,6,fgfhum8,t3_ey2k7t,This actually has been around for a long time now,t3_ey2k7t,03-02-2020
13,6,fgfl1w2,t3_ey2k7t,I dont understand this picture :’) Anyone care to explain?,t3_ey2k7t,03-02-2020
14,6,fggqbki,t3_ey2k7t,I bet the password is Ih8tesand66,t3_ey2k7t,03-02-2020
15,6,fgh0cyy,t3_ey2k7t,"""I find your lack of mobile data disturbing """,t3_ey2k7t,03-02-2020
16,6,fgezfo0,t3_ey2k7t,😂😂😂Thts so cool,t3_ey2k7t,03-02-2020
17,6,fgfe4pn,t3_ey2k7t,r/OTmemes would probably enjoy it too haha,t3_ey2k7t,03-02-2020
18,6,fgffet3,t3_ey2k7t,"Takes out 56k modem...
Starts Dial Up",t3_ey2k7t,03-02-2020
19,6,fgg5i5l,t3_ey2k7t,The bandwidth is strong with this one,t3_ey2k7t,03-02-2020
20,6,fgf4o4w,t3_ey2k7t,vandalism,t3_ey2k7t,03-02-2020
21,6,fgf16th,t3_ey2k7t,"Great kid, don't get cocky.... vandalism is still against the law, no ?",t3_ey2k7t,03-02-2020
22,6,fgf4ffi,t1_fgeyr83,This access point is now the ultimate power in the universe. I suggest we use it,t3_ey2k7t,03-02-2020
23,6,fgi5ipp,t1_fgezg8m,"Anakin would have higher faps per second though, what with his robot arm",t3_ey2k7t,04-02-2020
24,6,fgf7dia,t1_fgf242g,"You fool, i've been trained in your political arts by LKY",t3_ey2k7t,03-02-2020
25,6,fgf1x4v,t1_fgexydm,Did you hear about the tragedy of Darth Wifi the unsecured? I thought not. It's not a story a telco would tell you. It's an old legend,t3_ey2k7t,03-02-2020
26,6,fgf7u0s,t1_fgf7pen,cool! can i see your shot?,t3_ey2k7t,03-02-2020
27,6,fgiiywg,t1_fgf3dpp,E fend your lack of wefe desturbeng,t3_ey2k7t,04-02-2020
28,6,fgfissc,t1_fgfhum8,yeah read a comment they said they saw it in 2016,t3_ey2k7t,03-02-2020
29,6,fgfla97,t1_fgfl1w2,"it's a reference to star wars ""I find your lack of faith disturbing"" which is also a meme",t3_ey2k7t,03-02-2020
30,6,fgf1rjj,t1_fgf16th,relak,t3_ey2k7t,03-02-2020
31,6,fgf3i7s,t1_fgf16th,Ok boomer,t3_ey2k7t,03-02-2020
32,6,fgf6di8,t1_fgf4ffi,Do not be too proud of this technological terror you have connected.,t3_ey2k7t,03-02-2020
33,6,fgi5myh,t1_fgi5ipp,Hahaha wasn't talking about masturbation but i get the misunderstanding and tbh its funnier now that i think about it,t3_ey2k7t,04-02-2020
34,6,fgf8pwl,t1_fgf7dia,Tan Cheng Bock: *smirks*,t3_ey2k7t,03-02-2020
35,6,fgfgry0,t1_fgf1x4v,Sponsored by singtel,t3_ey2k7t,03-02-2020
36,6,fgf87dm,t1_fgf7u0s,https://66.media.tumblr.com/190b458e93186ce7549ac1475bc3b4e5/tumblr_o8cplv9SHX1vwigs3o1_1280.jpg,t3_ey2k7t,03-02-2020
37,6,fgfaq5d,t1_fgf7u0s,[Me too!](https://i.imgur.com/9tmXfQc.jpg),t3_ey2k7t,03-02-2020
38,6,fgfj2ok,t1_fgfissc,Oops! Missed it out 😋,t3_ey2k7t,03-02-2020
39,6,fggxdyl,t1_fgfla97,ahh I see. Thank you!,t3_ey2k7t,03-02-2020
40,6,fgfnczq,t1_fgf6di8,The ability to get a secure connection is insignificant next to the power of an unlimited mobile data plan.,t3_ey2k7t,03-02-2020
41,6,fgi5o2k,t1_fgi5myh,pun was intended lol,t3_ey2k7t,04-02-2020
42,6,fgfay29,t1_fgfaq5d,nice haha,t3_ey2k7t,03-02-2020
43,6,fgfvlmy,t1_fgfnczq,Enough of this! Release....the wifi password!,t3_ey2k7t,03-02-2020
44,6,fgip5fd,t1_fgfvlmy,You are part of MyRepublic and a traitor! Take her away!,t3_ey2k7t,04-02-2020
45,6,eercxtr,t3_aiynpi,Quality,t3_aiynpi,23-01-2019
46,6,eerd0b8,t3_aiynpi,Wow they're actually really in the loop hahaha ,t3_aiynpi,23-01-2019
47,6,eerdiq6,t3_aiynpi,But is it really against the law to assault an anime character ,t3_aiynpi,23-01-2019
48,6,eereehn,t3_aiynpi,At least this meme is fresh rather than making a meme 5 months after the meme has gone beyond stale,t3_aiynpi,23-01-2019
49,6,eerdz9j,t3_aiynpi,"Eh ok leh, the meme is damn fresh lol. Prolly a younger social media person with a tumblr/Twitter account lol ",t3_aiynpi,23-01-2019
50,6,eerdxru,t3_aiynpi,Damn our police force is dank,t3_aiynpi,23-01-2019
51,6,eerhsxf,t3_aiynpi,"Please, I did my reservist once in NPC and first thing they ask is 'Bro, you play mobile legend?'",t3_aiynpi,23-01-2019
52,6,eerkf7c,t3_aiynpi,inb4 LKY is Madara. ,t3_aiynpi,23-01-2019
53,6,eerfxrr,t3_aiynpi,I chuckled a bit,t3_aiynpi,23-01-2019
54,6,eerd0id,t3_aiynpi,"~~Post this on~~ r/FellowKids ~~for more upvotes~~

[It's here](https://www.reddit.com/r/FellowKids/comments/aiyo3p/crime_never_pays_fellow_kids/)",t3_aiynpi,23-01-2019
55,6,eerdn0z,t3_aiynpi,"Dem hashtags. 

D A T T E B A Y O",t3_aiynpi,23-01-2019
56,6,eergns6,t3_aiynpi,After posting this crimes increased by 280%,t3_aiynpi,23-01-2019
57,6,eerid2y,t3_aiynpi,Yeah nice try konoha police force ,t3_aiynpi,23-01-2019
58,6,eerm8r0,t3_aiynpi,Theyre quite woke tbh considering that its part of a govt agency,t3_aiynpi,23-01-2019
59,6,eergz67,t3_aiynpi,have to give em this one,t3_aiynpi,23-01-2019
60,6,ees7rv2,t3_aiynpi,I saw the pic before reading the message and thought the cops were waiting for their turn to choke Sasuke. ,t3_aiynpi,23-01-2019
61,6,eereq96,t3_aiynpi,10/10 wew ,t3_aiynpi,23-01-2019
62,6,eernwrq,t3_aiynpi,...This is actually pretty good. Relevant and pulled it off well. ,t3_aiynpi,23-01-2019
63,6,eerimul,t3_aiynpi,Keeping up with the trend I see. ,t3_aiynpi,23-01-2019
64,6,eerti0j,t3_aiynpi,sgsecure ,t3_aiynpi,23-01-2019
65,6,eest86r,t3_aiynpi,But state-sanctioned violence is an acceptable solution in cases of civil disobedience.,t3_aiynpi,23-01-2019
66,6,eete4gz,t3_aiynpi,"Thank you Rochor Police Centre, very cool! ",t3_aiynpi,24-01-2019
67,6,eerj1h1,t3_aiynpi,I like this. Modified Petting Dog Meme.,t3_aiynpi,23-01-2019
68,6,eerh0zx,t1_eercxtr,decent 10/10,t3_aiynpi,23-01-2019
69,6,eerj547,t1_eerd0b8,Sometimes to educate public requires humbling down to a level whereby it conveys the message across as an objective ◡̈ ,t3_aiynpi,23-01-2019
70,6,eerldae,t1_eerdiq6,would u like a kopi session?,t3_aiynpi,23-01-2019
71,6,eeroajz,t1_eerdiq6,Someone should send a pic of Sasuke being strangled and submit in SGSecure app.,t3_aiynpi,23-01-2019
72,6,eerldsn,t1_eerdiq6,Apparently it is for these officers,t3_aiynpi,23-01-2019
73,6,eerkqbq,t1_eereehn,"Yeah, this isn't that bad given most SG meme pages still use rage comics.",t3_aiynpi,23-01-2019
74,6,eerp1is,t1_eerdz9j,"my friend stationed there says the guy who made the meme calls it ""me-me"" HAHAHA",t3_aiynpi,23-01-2019
75,6,eerpnu0,t1_eerhsxf,"Not Fortnite, hearthstone, pubg?",t3_aiynpi,23-01-2019
76,6,eeu4pnt,t1_eerhsxf,"I grew up with Dota, and now everyone from my little cousin to managers are playing mobile legends smh",t3_aiynpi,24-01-2019
77,6,eerq8k8,t1_eerkf7c,"Amos Yee fits as Sasuke. You know, how he got banished from Konoha Village, long black edgy hair....",t3_aiynpi,23-01-2019
78,6,eernd72,t1_eerkf7c,Is there a character that could even possibly EVEN TOUCH Lee Kuan Yew? Let alone defeat him.,t3_aiynpi,23-01-2019
79,6,eerq01c,t1_eerkqbq,Rage comics is timeless...,t3_aiynpi,23-01-2019
80,6,eertys7,t1_eerp1is,"Lowkey I still call em memes too

It's cute tbh LOL ",t3_aiynpi,23-01-2019
81,6,eetw4zx,t1_eerp1is,"I call it ""me-me"" to meme about it with my friends LOL",t3_aiynpi,24-01-2019
82,6,eerpsq5,t1_eerpnu0,Well you can't play fortnite on the phone while waiting for case mah.,t3_aiynpi,23-01-2019
83,6,eerrqmr,t1_eerq8k8,"Bratty, spoiled, illusions of grandeur... I see it, I see it... ",t3_aiynpi,23-01-2019
84,6,ees1g92,t1_eernd72,His Susanoo is in the form of Merlion. ,t3_aiynpi,23-01-2019
85,6,eetf4i8,t1_eernd72,[deleted],t3_aiynpi,24-01-2019
86,6,ees6oej,t1_ees1g92,Wielding the Hatchet of Cul-de-sac.,t3_aiynpi,23-01-2019
87,6,eetk15m,t1_eetf4i8,Must be equivalent to Madara at his prime with First Hokage’s cell embedded ,t3_aiynpi,24-01-2019
88,6,e87r8xm,t3_9q8wv9,Feel like people have been saying goodbye to Rochor for like 3 years now.,t3_9q8wv9,22-10-2018
89,6,e87kk7p,t3_9q8wv9,"Was driving past the area and the demolition works are in full swing now. I reckon it's almost 60% gone. 

Quite sad as it was one of my favorite places to photograph / document. 

This was sometime back in Feb 2016. ",t3_9q8wv9,22-10-2018
90,6,e87mf3k,t3_9q8wv9,"I bet this place holds a lot of memories for a lot of people...  Sad to see that only part of Singapore's history is preserved but not all of it... Anyway, nice photo!",t3_9q8wv9,22-10-2018
91,6,e87xh6x,t3_9q8wv9,"I would like to ask, what’s with the interest in the Rochor flats? Didn’t they only become “notable” in 1994 when they became repainted with the current colour scheme? Did they really have some sort of cultural value, or are people sad because this is just another example of “old” Singapore disappearing forever?",t3_9q8wv9,22-10-2018
92,6,e87qm37,t3_9q8wv9,How old were the buildings?,t3_9q8wv9,22-10-2018
93,6,e87rdp1,t3_9q8wv9,"I’m an exchange student, can someone explain exactly why they are knocking these down? Is there any abject danger to living in these flats? Do they not recognize the value that “old” carries? Some of the most popular neighborhoods in the US are “old,” so why not keep these for cultural value?",t3_9q8wv9,22-10-2018
94,6,e87srai,t3_9q8wv9,"A lot of people are criticising the expressway, but think about it. The government has no choice. We are a tiny country with very little land. How would you as the government cater to our cultural needs while still moving the country forward? We need the expressway to move our people.

Singaporean culture is just doomed to make way for utility.",t3_9q8wv9,22-10-2018
95,6,e87r842,t3_9q8wv9,F,t3_9q8wv9,22-10-2018
96,6,e881pts,t3_9q8wv9,I have some drone footage of the place! Got to find it,t3_9q8wv9,22-10-2018
97,6,e8849bb,t3_9q8wv9,[deleted],t3_9q8wv9,22-10-2018
98,6,e884mqz,t3_9q8wv9,"The Waterloo Centre has a similar construction, albeit less color",t3_9q8wv9,22-10-2018
99,6,e886xvu,t3_9q8wv9,So rochor is gone??,t3_9q8wv9,22-10-2018
100,6,e887atk,t3_9q8wv9,Thank you for the comic book/ action figure store there... i never bought anything there though,t3_9q8wv9,22-10-2018
101,6,e88017n,t3_9q8wv9,This place looks like one of the scenes from the monogatari series.,t3_9q8wv9,22-10-2018
102,6,e87rcx6,t3_9q8wv9,The old must make way for the new! They wouldn't have demolished it if it were not a dead place.,t3_9q8wv9,22-10-2018
103,6,e87ojln,t3_9q8wv9,SG country progress over SGreans'. BTW dun say SGreans is same as SG. Human is not country. Country is not human.,t3_9q8wv9,22-10-2018
104,6,e8843kn,t1_e87r8xm,I was at a Valueshop’s moving out sale. They still haven’t moved out...,t3_9q8wv9,22-10-2018
105,6,e87tig9,t1_e87r8xm,I was at a friend's moving out party. That was over 4 years ago.,t3_9q8wv9,22-10-2018
106,6,e881uao,t1_e87r8xm,The longest goodbye was the old national stadium.. 😂,t3_9q8wv9,22-10-2018
107,6,e886lp8,t1_e87r8xm,Singaporeans are a nostalgic bunch ,t3_9q8wv9,22-10-2018
108,6,e88bq1j,t1_e87r8xm,"Yea at some point you gotta say, enough. I bet these same people wouldn't care a shred if it wasn't as Instagrammy. ",t3_9q8wv9,22-10-2018
109,6,e88b13g,t1_e87r8xm,"I was at an SDP rally where CSJ said we would say goodbye to the PAP, that was 12 years ago.",t3_9q8wv9,22-10-2018
110,6,e87ri4s,t1_e87kk7p,"https://i.imgur.com/QLSMJtN.jpg

edit:
more
https://imgur.com/a/RLdDnmi",t3_9q8wv9,22-10-2018
111,6,e87qjmb,t1_e87mf3k,"Thanks! It has a heartland feel right smack in the middle of the CBD, and with it gone, the likes of these type of HDB estates can be counted with one hand now ( I can only think of a couple in Chinatown, Tanjong Pagar and Beach Road ) - won’t be surprised if those go within the next couple of years.

If you haven’t , I urge you to drop by these places, even if just for a stroll. They are time capsules, a throwback to days where things were slightly simpler, where people were less befuddled with the pace of progress ( I mean there would have been, but not at the speed in which things are moving now ). And the scary thing? It wasn’t even that long ago. ",t3_9q8wv9,22-10-2018
112,6,e87y25h,t1_e87xh6x,"it's the novel color scheme + intense gentrification of the bugis area, which had itself operated as a refuge from Chinatown's changes",t3_9q8wv9,22-10-2018
113,6,e8ado2r,t1_e87xh6x,"This typology of HDB flats was introduced post-independence and are vastly different from others found outside the city. Influenced by the Brutalist and Japanese Metabolist movements, mixed used developments that are in itself a self-contained ecosystem were aspirational. We thrived for vibrancy not just in the city, but within buildings themselves. People's Park, Golden Mile, Bukit Timah Plaza / Shopping Centre, Beauty World are contributions from the private sector side to these movements. In public sector, there's Rochor Centre, Bras Basah Complex, Waterloo Centre, Tanjong Pagar Plaza and Upper Cross Street HDBs. There are a few more, but these are off the top of my head. These buildings were our first experiment when we became independent, and you can attribute the normalisation of mixed used developments to them (compared to European / American cities, our buildings are rarely used for singular purposes).

To me, we are at an awkward crossroad where pre-independence shophouses and SIT flats are adored (and statutorily conserved), but post-independence developments are considered an eyesore. Conservation efforts, first and foremost, should always start from high-level. We know that we cannot do much about private developments (after all, they are mostly 99 years leasehold, owners want to sell for en-bloc, what can government do without coming across as draconian). But, this problem ideally shouldn't exist with public developments. Drastic measures to dictate conservation for buildings of historical significance should ideally, be easy to implement in public buildings. Yet, it is not. Conversely, it became the convenient scapegoat to ease traffic congestion and placate the common people. On the left is Kampong Glam conservation district. On the right are private developments. For every architectural historian, there are 10 others who complain about Bukit Timah Road's congestion. What can we do? 

And yes, it irks me a lot when people were talking about how the rainbow colours are part of their unique ""architectural qualities"". No, it is not. It was beautiful even before it became rainbow coloured.",t3_9q8wv9,23-10-2018
114,6,e87qppy,t1_e87qm37,"Built in 1977, so 41 this year. ",t3_9q8wv9,22-10-2018
115,6,e87rmaq,t1_e87rdp1,No danger whatsoever. They are being demolished to make way for a new expressway. Perhaps they see no intrinsic cultural value to these flats ( after all flats are ubiquitous in Singapore - they just happen to be one of the more interesting variants around ). ,t3_9q8wv9,22-10-2018
116,6,e87ro6h,t1_e87rdp1,"If memory serves, government is building a new expressway over it. ",t3_9q8wv9,22-10-2018
117,6,e87riey,t1_e87rdp1,"I cannot gue$$, there i$ probably $ome rea$on for it.",t3_9q8wv9,22-10-2018
118,6,e87w0y5,t1_e87rdp1,[deleted],t3_9q8wv9,22-10-2018
119,6,e87tuu4,t1_e87srai,As an outsider it seems to me that utility and relentless economic progress is a major part of Singapores culture.,t3_9q8wv9,22-10-2018
120,6,e87sruc,t1_e87r842,F,t3_9q8wv9,22-10-2018
121,6,e881wt8,t1_e881pts,Share share leh ,t3_9q8wv9,22-10-2018
122,6,e884z78,t1_e8849bb,😢,t3_9q8wv9,22-10-2018
123,6,e87vb5t,t1_e87rcx6,It was not a dead place. It is not super lively but it had more activities going on than Brah Barash Complex,t3_9q8wv9,22-10-2018
124,6,e87zeof,t1_e87ojln,"if the country is not for human, what else is it for?",t3_9q8wv9,22-10-2018
125,6,e88csec,t1_e8843kn,"LMAO and it's like ""closing down"" but ""help wanted"" next to it ",t3_9q8wv9,22-10-2018
126,6,e87rnv0,t1_e87ri4s,I’ve always wondered if the flats were built to take the load of an excavator 😂,t3_9q8wv9,22-10-2018
127,6,e880we0,t1_e87qjmb,">They are time capsules, a throwback to days where things were slightly simpler, where people were less befuddled with the pace of progress ( I mean there would have been, but not at the speed in which things are moving now ).

I think we always overlook that back then moving into HDBs like this would *definitely* have been befuddling. Entire communities were thrown together and had to learn new ways of living. In no way were those simpler times. 

We can definitely cherish the memories of these iconic old HDB estates but we shouldn't lose sight of the fact that in the 60s and 70s these were stunning experiments in cutting-edge urban development. ",t3_9q8wv9,22-10-2018
128,6,e87y73y,t1_e87qjmb,i remember going there for the tcm as a kid very often,t3_9q8wv9,22-10-2018
129,6,e87ton0,t1_e87qppy,"Oh, wow. Why are they being demolished?",t3_9q8wv9,22-10-2018
130,6,e87tvmy,t1_e87rmaq,"To be fair, it's not about not recognising the cultural value, but making a decision that economic development and progress is more important than retaining the cultural heritage.",t3_9q8wv9,22-10-2018
131,6,e880min,t1_e87ro6h,"Not consider as a expressway any more, more of a major artery road into the city from lentor... With dedicated bus lane.",t3_9q8wv9,22-10-2018
132,6,e87rzx2,t1_e87riey,That i$ true. Many people think the government doe$ thing$ for no rea$on. But we as loyal citizen$ know that i$ fal$e. ,t3_9q8wv9,22-10-2018
133,6,e87xm06,t1_e87w0y5,"> NINE OUT OF 10 HOUSEHOLDS MOVING TO KALLANG TRIVISTA
To make way for Singapore’s eleventh expressway, residents at Rochor Centre will be offered relocation benefits similar to those offered under the Selective En Bloc Redevelopment Scheme (SERS). They will have the opportunity to move to a new, 99-year lease home and will be given a package comprising compensation and rehousing benefits.

>A spokesperson for HDB also told Channel NewsAsia that Rochor residents must move out of their flats by the end of this year. As part of the acquisition package, they are assured of a replacement flat at Kallang Trivista.
Of the 567 households in Blocks 1 to 4 Rochor Road, nine out of 10 households will be moving to a replacement at Kallang Trivista, said the spokesperson. Almost all the households have collected their keys, she added.

",t3_9q8wv9,22-10-2018
134,6,e88do6e,t1_e87w0y5,"Depends on when the flat was bought back by the government. 5-10 years ago you would have benefitted financially. Now, factoring in the depreciating lease and slow down in government re-development, you could be looking at a net loss.",t3_9q8wv9,22-10-2018
135,6,e87twmd,t1_e87tuu4,"Yes, paradoxically, the sacrifice of traditional culture can be our culture.",t3_9q8wv9,22-10-2018
136,6,e88c265,t1_e87tuu4,"We have ""leaders"" who steamroll over any kind of rootedness we may find or have with this country, and yet turn around and label some of us as ""quitters"" when they up stakes and leave the country for fairer pastures. They don't realize it's their actions which steadily erode the social glue which binds us together.",t3_9q8wv9,22-10-2018
137,6,e881dsj,t1_e87tuu4,"Unfortunately, you are right. Economics tend to define Singaporean culture. Culture is an afterthought.",t3_9q8wv9,22-10-2018
138,6,e888bav,t1_e87sruc,F,t3_9q8wv9,22-10-2018
139,6,e880pyf,t1_e87rnv0,"To be frank, Singapore buildings and infrastructures are built to extreme margin of error. Due to the hotel new world incident... Partly",t3_9q8wv9,22-10-2018
140,6,e87u10q,t1_e87ton0,MRT lines iirc,t3_9q8wv9,22-10-2018
141,6,e87srsr,t1_e87rzx2,Government building demoli$hing old building$ for an expre$$way i$ totally related to money. Look guy$!!! I'm $o woke!!! ,t3_9q8wv9,22-10-2018
142,6,e87wf22,t1_e87u10q,Actually a highway,t3_9q8wv9,22-10-2018
143,6,e87wgir,t1_e87srsr,Majulah $ingapura!,t3_9q8wv9,22-10-2018
144,6,g7iwy85,t3_j4gl4s,"They say the richer you are, the further away your sofa is from the wall.",t3_j4gl4s,03-10-2020
145,6,g7irloo,t3_j4gl4s,Had a lot of memories eating at the small coffee shop inside Rochor Centre when I was younger several years ago. Luckily managed to [snag a shot](https://flic.kr/p/XFhKcf) just before it got torn down. Only regretted never being able to climb up the higher floors like this one and take more shots. Not sure what are they building on the empty site now though...,t3_j4gl4s,03-10-2020
146,6,g7lgozh,t3_j4gl4s,"We only start to miss things when they are gone.

Ah that sofa. Then lotsa other thrash came along as well as the residents did the clear out. 
I went when the whole courtyard was filled with thrash. There was a run down play corner on the same level as well. 

The flagship stores there were the NTUC fairprice and a DBS branch office + a host of shops selling altars and offerings for the deceased. There was also a 7-11 which leads to an overhead bridge up across to FuLouShou complex.",t3_j4gl4s,04-10-2020
147,6,g7lho8p,t3_j4gl4s,Still wish they could have preserved that HDB :(,t3_j4gl4s,04-10-2020
148,6,g7n366h,t3_j4gl4s,"Even though Rochor Centre no longer exist, many youtubers still put a stock video of this HDB. It kinda consider as false advertising if the tourist expect to go there to take pictures but in reality, it's gone.",t3_j4gl4s,04-10-2020
149,6,g7na3ez,t3_j4gl4s,Prime phototaking spot for Singaporean influencers.,t3_j4gl4s,04-10-2020
150,6,g7m49qf,t3_j4gl4s,"Also piss and feces on some places. Worse if those things is on the stairs, oh and the lift broke down. 

Have fun.",t3_j4gl4s,04-10-2020
151,6,g7iyxqm,t1_g7iwy85,It's so far away,t3_j4gl4s,03-10-2020
152,6,g7or0ox,t1_g7iwy85,Only 1 sofa?,t3_j4gl4s,04-10-2020
153,6,g7jyo9f,t1_g7irloo,"> Not sure what are they building on the empty site now though

A new condo tower complex with shops below, and also access ramps for the new NSC tunnel connecting to Ophir Road (southbound exit) and Rochor road (northbound entrance).",t3_j4gl4s,03-10-2020
154,6,g7isiyu,t1_g7irloo,Have a few relatives living there and this was my playground when I was much younger. How I miss it 🥺🥺,t3_j4gl4s,03-10-2020
155,6,g7miww8,t1_g7irloo,I agree. I also frequent some of these places. Now many shops are close. Should have stopped and took more pics then.,t3_j4gl4s,04-10-2020
156,6,g7mipr2,t1_g7iyxqm,What wall???,t3_j4gl4s,04-10-2020
157,6,g7m2dx0,t1_g7jyo9f,I see. Wish they could have preserved even a small part of it but I guess it's the price of redevelopment with scarcity of land in Singapore I guess.,t3_j4gl4s,04-10-2020
158,6,g7mjvdr,t1_g7isiyu,I read that a lot of the Rochor Centre residents were given offers to move to a new HDB development around the Kallang area though IIRC.,t3_j4gl4s,04-10-2020
159,6,g7mjf8d,t1_g7miww8,"Yup, take the chance to take photos when they are still around and have no regrets but memories when they are gone and become consigned to history.",t3_j4gl4s,04-10-2020
160,6,g7m3x8g,t1_g7m2dx0,"I think a lot of people share that sentiment, but Rochor Centre was ultimately sacrificed for the NSC project. It just wasn't feasible to retrofit the road connectors and leave the buildings standing. 

A lot of care went into minimizing damage to the area however. For example they adjusted the curve of the tunnel to preserve the Rex Cinema. It's currently mothballed but can reopen in the future. 

The NSC planners also did what hey could to avoid having to damage the iconic Ellison building on the Selegie Road corner where the tunnel cuts through the building foundation necessitating the temporary removal of one half of the curved facade. After the NSC construction is done, the Ellison building will be fully restored.",t3_j4gl4s,04-10-2020
161,6,g7q19nz,t1_g7mjvdr,"Yup, they were given a rather good deal for this. Imagine your rochor flat is like almost 40 years old but now you get a new flat that restarts at 99 years. Plus its the Kallang flats just behind the mrt station.",t3_j4gl4s,04-10-2020
162,6,g7qqh53,t1_g7q19nz,It's the same for all affected under the SERS scheme aka gahment needs the land your HDB is on.,t3_j4gl4s,05-10-2020
163,6,ef3acl2,t3_akatsc,Everytime I read bumblebee I think of the ITE dude LOL,t3_akatsc,27-01-2019
164,6,ef360zw,t3_akatsc,"Unmute the sound on the video to hear the little girl saying ""Bye bye!"" to Bumblebee. (Awwwww!) 

The Bumblebee costume is really well-made. (I think the cosplayer made it himself.) You can hear the ""clunk"" of the metal when he steps around.",t3_akatsc,27-01-2019
165,6,ef38lmn,t3_akatsc,"I think I saw this guy at Tampines MRT once, he was also dressed up as Bumblebee and walking around while interacting with people.",t3_akatsc,27-01-2019
166,6,ef3bl70,t3_akatsc,Love this guy. Saw him in woodlands once. Brings a smile to everyone ,t3_akatsc,27-01-2019
167,6,ef3s9te,t3_akatsc,I half expected a video of an actual bee terrorising the people at the bazaar ,t3_akatsc,27-01-2019
168,6,ef3f6jm,t3_akatsc,Wholesome,t3_akatsc,27-01-2019
169,6,ef43mrb,t3_akatsc,Always saw him at Bugis near Albert Centre. Pretty cool cosplay! ,t3_akatsc,27-01-2019
170,6,ef5nid3,t3_akatsc,Saw this at rochor as well when buying cny stuff. But jeez that costume looks heavy.,t3_akatsc,28-01-2019
171,6,ef3r1sx,t3_akatsc,"OO nice he made my day when he appeared outside Hougang mall sometime last year, was damn down till I saw him",t3_akatsc,27-01-2019
172,6,ef5axt8,t3_akatsc,Impressive !,t3_akatsc,28-01-2019
173,6,ef5qict,t3_akatsc,He was at Orchard road during Xmas as well.,t3_akatsc,28-01-2019
174,6,ef3ppup,t3_akatsc,"Even in a random video like this I see so many foreigners walking about, this is not definitely not Singapore.",t3_akatsc,27-01-2019
175,6,ef3e8ri,t1_ef3acl2,You mean Temasek Poly?,t3_akatsc,27-01-2019
176,6,ef3apnx,t1_ef3acl2,What if its him,t3_akatsc,27-01-2019
177,6,ef4uo8s,t1_ef3acl2,Sameeeee wahahaha. ,t3_akatsc,28-01-2019
178,6,ef3q6ld,t1_ef3ppup,"Who hurt you, bro?",t3_akatsc,27-01-2019
179,6,fzpu23d,t3_i0j11m,Off duty TP? Maybe?,t3_i0j11m,30-07-2020
180,6,fzqfl9h,t3_i0j11m,"Don’t know if off duty TP or just good samaritan, incredible anyway. Respect, salute!",t3_i0j11m,30-07-2020
181,6,fzpums3,t3_i0j11m,Seriously prefer her not to do that. She is putting herself in danger and she might not be directing correctly nor does she have the right tools. The traffic junction can sort themselves out while professionals will arrive eventually.,t3_i0j11m,30-07-2020
182,6,fzq9xnq,t1_fzpums3,"Totally agree with this.

There is a limit to being civic-minded and this is just plain idiotic. The rule is to not make yourself a road incident by standing there like this. Drivers have very little visibility of a person dressed like this standing in the middle of the road. This is not a cross-junction, it is a road. Traffic only goes in 2 directions here, not 4. A safer way, if she insists, is to stand at the side of the road and wave to vehicles to stop. Even then, she would be better off leaving it to the TP/LTA to come and settle the issue.

Tl;dr Bravery and stupidity, not a very good combination. The upside is at least she didn't create a road accident (since there's no news report about this).",t3_i0j11m,30-07-2020
183,6,e6wge5z,t3_9k4wt1,"""Hello, my name Ah Seng and welcome to Jackass Singapore. This is the Sin and Swim""

\*Edit* fuck the /r/sg mods for banning me for no apparent reason",t3_9k4wt1,30-09-2018
184,6,e6wnwia,t3_9k4wt1,"Bahaha, I wonder what the policeman was thinking. ""This idiot jump into the water now make me wet""",t3_9k4wt1,30-09-2018
185,6,e6wfoba,t3_9k4wt1,this is on a whole new level,t3_9k4wt1,30-09-2018
186,6,e6wgxco,t3_9k4wt1,"Wah the Sergeant poor thing, suay day for duty. ",t3_9k4wt1,30-09-2018
187,6,e6wibrp,t3_9k4wt1,"Lemmie guess.. drunk Indian FW saw some Filipino FDW going to church and thinking he could get a swipe at it? 

He’d get deported right away.

EDIT: if you think im assuming heres the video of the “swim” https://www.straitstimes.com/singapore/courts-crime/man-jumps-into-rochor-canal-to-flee-police-after-allegedly-harassing?xtor=CS1-10",t3_9k4wt1,30-09-2018
188,6,e6wh7hi,t3_9k4wt1,"I wonder he got remove his walkie talkie, body camera and his personal phone anot. ",t3_9k4wt1,30-09-2018
189,6,e6wg1at,t3_9k4wt1,"Does people not know we are a quasi surveillance state? Even if you run, the camera at the next corner will capture you.",t3_9k4wt1,30-09-2018
190,6,e6wg1eb,t3_9k4wt1,Being drunk AND handsy in a church?! I mean it’s bad anywhere but a church is especially bad. Only thing that could make it worse is if the guy was the priest. ,t3_9k4wt1,30-09-2018
191,6,e6wnvzu,t3_9k4wt1,"Im curious about the law. Many time its about intent and awareness such as when defendent lawyer says they are psychotic and needs psychiatric help rather than jail. Why arent these drunken cases treated similarly given how being under the influence is a psychiatric and medical issue and they are also unable to give consent and have no awareness of what they are doing?

Shouldnt they be punished for public intoxication and nuisance but stuff like molest they no longer are in a consentable or right frame of mind so why are they held criminally accountable rather than treated as a patient in need of help. ",t3_9k4wt1,30-09-2018
192,6,e6xnnu1,t3_9k4wt1,huh. lots of racist comments will be in alternate media. ,t3_9k4wt1,30-09-2018
193,6,e6wi2hp,t1_e6wge5z,YOOO I LOST IT AHAHAHAHA,t3_9k4wt1,30-09-2018
194,6,e6y8894,t1_e6wfoba,Canal level ,t3_9k4wt1,01-10-2018
195,6,e6xx9dc,t1_e6wh7hi,Ya man.. All these items.. Like not waterproof. ,t3_9k4wt1,01-10-2018
196,6,e6wt49v,t1_e6wnvzu,"i guess its becuase psychotic like you say is a form of illness that the person had no control over. He didnt choose to be schizophrenia and when his medication is not keeping him under control it is out of his own ability to make those judgement.

However for drinking, you are awared of the side effects of being intoxicated and chose to intoxicated yourself so how is being in a temporary state of intoxication considered to be treated as a illness.",t3_9k4wt1,30-09-2018
197,6,e6xnjq4,t1_e6wnvzu,"See your point but guess saw that either in norway or sweden drug abusers are given a reformative training rather jail. IMO, what could work in one country may not in another. Also personally, I am of the view that stick works better with humans rather than carrots. ",t3_9k4wt1,30-09-2018
198,6,e6x1nwr,t1_e6wi2hp,"[Bonus Jackass clips for everyone's pleasure](https://www.rollingstone.com/movies/movie-lists/nine-jackass-pranks-that-stand-the-test-of-time-20753/face-cream-from-jackass-3-5-2011-226679/)

\*Edit* fuck the /r/sg mods for banning me for no apparent reason",t3_9k4wt1,30-09-2018
199,6,e6wuw0h,t1_e6wt49v,"I see what you mean, but there are also instances where they also chose to not take their meds. There are many functionin people with psychiatric issues BECAUSE they are on meds right?

But how can be one held accountable for somethin that requires intent when they cannot provide consent? Like whether you say yes or no when you are intoxicated, you actually say nothin, because you are not clear of mind. So I can totally agree punishin people for becomin intoxicate and disturbin peace, but somethin that requires intent like molestin... I dunno. Dude legally doesn know what hes doin anyway...",t3_9k4wt1,30-09-2018
200,6,e6yng6k,t1_e6wuw0h,"The part about psychiatric problem I can't answer you. But with regards to the guy not legally know what he's doing that part. 

Not knowing the law doesn't absolve you from the offense. That's why lawyers will come up with stupidest excuses for their client but never say my client don't know that the thing he do is illegal. ",t3_9k4wt1,01-10-2018
201,6,e6yokob,t1_e6yng6k,"Actually lawyers do plead not guilty due to mentally ill (insanity).

And like I mentioned above previously, if hot topics such as rape revolve around inability to make a competent decision due to intoxication, I just dont see why people are still held responsible for the inappropriate things they do when they are not competent enough to make decisions. Just like how they cannot provide consent, how can someone be charged for what they do under a state of mental incapacity? 

Regardless, this idea just came across me when I read this article. I had a feeling the dude probably wouldn have done this had he not been mentally incapacitated, and probably not have planned his escape via jumpin into a canal...  And thats when I recall people cannot sign off on stuff, or more popular, women cannot consent for sex when mentally incapacitated. So why can someone be charged for something when he was incapacitated?

I can agree with charges for intoxication in public and public nuisance, I feel his actions after he is drunk such as molest should be addressed medically more than criminally, aka scheduled visits to psychiatrist etc",t3_9k4wt1,01-10-2018
202,6,e6y4rvr,t3_9kblxg,"I feel for the PO who had to jump in after the dude.   


""17 more days to ORD. 17 more days..""",t3_9kblxg,01-10-2018
203,6,e6xxt4t,t3_9kblxg,"""hi, have you accepted science into your heart? Would you mind if I spend 5 minutes sharing with you.... Hey where you going?""",t3_9kblxg,01-10-2018
204,6,e6y6gdg,t3_9kblxg,"Maybe he just wanted to be baptised

Go big or go home",t3_9kblxg,01-10-2018
205,6,e6y2ifq,t3_9kblxg,he thought he can walk on water,t3_9kblxg,01-10-2018
206,6,e6yd8zv,t3_9kblxg,Who told him that the police can't swim?,t3_9kblxg,01-10-2018
207,6,e6y41q5,t3_9kblxg,Ok own up which one of you ,t3_9kblxg,01-10-2018
208,6,e6y49p3,t3_9kblxg,The guy must be into Van Halen..,t3_9kblxg,01-10-2018
209,6,e6y8y3i,t3_9kblxg,"Yesterday I was walking past the big church near Raffles City when an uncle said ""hello, won't you join us in church today?""

I said ""no thanks, that's really not my thing.""

The conniving old piece of shit then said ""what, peace isn't your thing?""

I looked him in the eye and said ""no, charity mugging paedophiles who think they are better than me aren't my thing.""

&#x200B;

He grinned, for real, like ""yeah boy, you know what's up.""",t3_9kblxg,01-10-2018
210,6,e6xz4cf,t3_9kblxg,Fairly certain shirtless man is from Yishun. ,t3_9kblxg,01-10-2018
211,6,e6y6rcg,t1_e6y4rvr,"That PO staff sgt, no ORD for him
EDIT: you can see his rank in the videos",t3_9kblxg,01-10-2018
212,6,e6yifr2,t1_e6y8y3i,/r/iamverybadass,t3_9kblxg,01-10-2018
213,6,e6y8ziu,t1_e6xz4cf,new slant. boring af.,t3_9kblxg,01-10-2018
214,6,e6y7g9u,t1_e6y6rcg,Leading by example then methinks.,t3_9kblxg,01-10-2018
215,6,e6ygzgx,t1_e6y6rcg,"I think is Sergeant. I thought was Staff as well, but the “crab” only appears on one of the shoulder. Probably is his comms set. ",t3_9kblxg,01-10-2018
216,6,e6y9u2j,t1_e6y8ziu,"Dunno, I chuckled.",t3_9kblxg,01-10-2018
217,6,e1hg9p6,t3_8uqo9s,"Anything about local food, I am all ears. I do know that in the old days, our parents had to go to Rochor to get Hokkein Mee as you could not find it anywhere else.  Certainly not in Malaysia where Hokkein Mee is a totally different dish. ",t3_8uqo9s,29-06-2018
218,6,e1hifhy,t3_8uqo9s,"Yup, can't find it in Malaysia",t3_8uqo9s,29-06-2018
219,6,e1hrcck,t3_8uqo9s,Would r/sg be up for rebranding our beloved noodles as Rochor Mee? Makes for a clean simple cut away from China connotations and distinguishes it neatly as a truly Singaporean dish. ,t3_8uqo9s,29-06-2018
220,6,e1hixrl,t1_e1hg9p6,Makes you wonder where in Malaysia their version of Hokkien Mee comes from.,t3_8uqo9s,29-06-2018
221,6,e1i4032,t1_e1hg9p6,MFW I order the wrong kind because I didn't see the pictures before ordering,t3_8uqo9s,29-06-2018
222,6,e1jtqvk,t1_e1i4032,"If I'm not wrong, Singapore version is fried hokkien prawn mee. Malaysia version hokkien prawn mee. ",t3_8uqo9s,30-06-2018
223,6,fsev70f,t3_gtx49u,"Uh yeah, it was only a year or so ago, not ancient history.",t3_gtx49u,31-05-2020
224,6,fsewvaz,t3_gtx49u,Funny thing abt rochor is that the blocks used to be just beige colour and nobody paid it any attention at all back then.,t3_gtx49u,31-05-2020
225,6,fsez1pq,t3_gtx49u,Before they demolished the building it was cordoned for SAF's usage. It also has a nice view of Bugis but too bad they need to demolish it to build a MRT. It's definitely a very unique house in the central area somemore.,t3_gtx49u,31-05-2020
226,6,fsevfr7,t3_gtx49u,That's where I got my first digimon thingy when I was 7 or 8. That was so long ago.,t3_gtx49u,31-05-2020
227,6,fsevt7a,t3_gtx49u,thrown away to build a road bypass and used for saf live fire testing,t3_gtx49u,31-05-2020
228,6,fsexx7y,t3_gtx49u,Yes. I used to study at NAFA and would always see them whenever I went to eat around the area. Once went to the ntuc there to get some stuff. I remember it being quite empty even way back then (about 4 years ago),t3_gtx49u,31-05-2020
229,6,fseydb4,t3_gtx49u,"I had many memories of the place cuz I was a student of a kindergarten there throughout most of my entire pre-school childhood several decades ago when it still had its dull paint job (man I feel old). And since I lived nearby, I commonly frequent there with my family for grocery shopping trips post-preschool.

Of all the memories I had, the one I remembered the most was of me returning back to kindergarten after the teacher let us play at the playground, when a bird shat on my head. It was also the first and only time in my life that happened to me.

Thank you birds of Rochor Centre for helping me gain a life achievement that I do not want, as well as, of all other memories, securing that as my ""most memorable"" memory of the place...",t3_gtx49u,31-05-2020
230,6,fsevfwi,t3_gtx49u,https://youtu.be/7xn_k7BPBmg,t3_gtx49u,31-05-2020
231,6,fsew8d4,t3_gtx49u,"not much

frequently took a long walk away from work to the Fairprice there.",t3_gtx49u,31-05-2020
232,6,fsf9ako,t3_gtx49u,never been there and i regret it. passed by a lot of times though,t3_gtx49u,31-05-2020
233,6,fsg5qdo,t3_gtx49u,Went there a couple months before it got fully blocked off for public entry,t3_gtx49u,31-05-2020
234,6,fsgut0o,t3_gtx49u,Absolutely none.,t3_gtx49u,31-05-2020
235,6,fsfb5v1,t3_gtx49u,"Tangential topic, but curious: Who built our early HDB flats? When did we start importing labour for construction?

I remember we had Thai and Indian(?) workers back in the 90s 'cos when they were working in the estate, they would regularly come asking for drinking water with the 1-litre plastic soft drink bottles.",t3_gtx49u,31-05-2020
236,6,fsevac2,t1_fsev70f,"Yes yes, i'm not claiming it is bah.

But hey, it used to be kinda iconic in its own little way, so i just wanted to post a small memory thread.",t3_gtx49u,31-05-2020
237,6,fsez83i,t1_fsewvaz,"TIL that it wasn't colourful from day 1. But too bad I can't find any photos of the beige ones online.

Edit: I found it -  [https://remembersingapore.org/2019/04/15/vanished-colourful-landmark-rochor/](https://remembersingapore.org/2019/04/15/vanished-colourful-landmark-rochor/)",t3_gtx49u,31-05-2020
238,6,fsfq62d,t1_fsewvaz,No one bother about that place until it become Instagram spot,t3_gtx49u,31-05-2020
239,6,fsfaalj,t1_fsewvaz,The original rainbow flats were at Outram.,t3_gtx49u,31-05-2020
240,6,fsg9fy8,t1_fsez1pq,"Not MRT, it's some new expressway.",t3_gtx49u,31-05-2020
241,6,fsfjdbq,t1_fsfb5v1,Yea it was still workers back then,t3_gtx49u,31-05-2020
242,6,fsfbm1m,t1_fsevac2,"Y’all want ancient? 

Rainbow flats at Outram Park. lol. I feel old.",t3_gtx49u,31-05-2020
243,6,fsfelnp,t1_fsfbm1m,"The ones that were around till the early 2000s? You're not that old, there are still dozens of us left!",t3_gtx49u,31-05-2020
