,district_num,title,score,id,url,comms_num,created,body
0,6,Reminds me of Golden Mile Complex and MBS.,323,b2veaj,https://i.redd.it/26n8cqrj3xm21.jpg,4,19-03-2019,
1,6,21-year-old who runs Hokkien mee stall at Golden Mile: 'I do believe young people can take hardship',319,irtzck,https://mothership.sg/2020/09/youfu-hokkien-mee-andre/,57,13-09-2020,
2,6,"Man who beat up 3 men in Golden Mile Tower says he & wife surrounded & provoked, acted in self-defence",281,jv0two,https://mothership.sg/2020/11/golden-mile-tower-car-park-fight/?fbclid=IwAR3u0px0ycv9IkrlRPSG3J5TEUpesrJ5kfVglR-wlfGRrCSMXb_2ZOOfVSk,76,16-11-2020,
3,6,NEA Officer Who Vaped Outside Golden Mile Tower After Issuing Summons Gets Axed From Contract,152,e2d9l9,https://mustsharenews.com/nea-officer-vape/?fbclid=IwAR3CSh7ESDiHeswqccxY2ATS3tY7B4XVBlO8qGnFx4zBprU-vwuAtHAg5hc,42,27-11-2019,
4,6,"At Golden Mile Complex, some are still partying like there's no Covid-19",109,ke3upy,https://www.asiaone.com/singapore/golden-mile-complex-some-are-still-partying-theres-no-covid-19,34,16-12-2020,
5,6,"Golden Mile Complex to be proposed for conservation, incentives will be offered: URA - CNA",84,j7xx9h,https://www.channelnewsasia.com/news/singapore/golden-mile-complex-proposed-for-conservation-incentives-13240674,29,09-10-2020,
6,6,"1 man beats up 3 men at Golden Mile car park, knocking 1 of them out cold",78,jscws4,https://mothership.sg/2020/11/fight-golden-mile/?fbclid=IwAR21A5jp8CThjioNIdHV_PPlj34uFupF_Tu-6CItq39xvuiVG6Drk4Q-8fM,58,12-11-2020,
7,6,Cities Skyline | Golden Mile Complex,71,ar9hpq,https://youtu.be/dd5ElhBE_CM,31,16-02-2019,
8,6,Commentary: Conserving Golden Mile Complex is a paradigm shift for Singapore architecture,53,jkrud6,https://www.channelnewsasia.com/news/commentary/golden-mile-conservation-en-bloc-developer-13404242,6,30-10-2020,
9,6,The Faces and Ages of Golden Mile Complex,43,9jx4o7,https://youtu.be/ohoa_BszeHk,1,29-09-2018,
10,6,Golden Mile Complex gets more than 80 per cent votes from owners to launch en bloc sale,31,96gbci,https://www.straitstimes.com/singapore/golden-mile-complex-gets-more-than-80-per-cent-votes-from-owners-to-launch-en-bloc-sale,20,11-08-2018,
11,6,SFA to act against Golden Mile restaurant after cockroaches spotted at drink dispenser,32,hqg5ug,https://www.straitstimes.com/singapore/sfa-to-act-against-golden-mile-restaurant-after-cockroaches-spotted-at-drinks-dispenser,12,13-07-2020,
12,6,Looks like golden mile?,27,c5ab6q,https://i.redd.it/vnxygdpu5d631.jpg,4,25-06-2019,
13,6,10 people charged over social gathering at Golden Mile Tower during Phase 1 of Singapore's reopening,26,i3funk,https://www.channelnewsasia.com/news/singapore/10-people-charged-social-gathering-golden-mile-tower-phase-1-12989002,7,04-08-2020,
14,6,"Golden Mile Food Centre closing for renovation from Dec. 1 to Feb. 28, 2021",19,k1z1vg,https://mothership.sg/2020/11/golden-mile-food-complex-closure/,1,27-11-2020,
15,6,COVID-19: 6 men and 4 women fined for gathering at Golden Mile Tower during Phase 1,20,ii1qsr,https://sg.news.yahoo.com/covid-19-6-men-and-4-women-fined-for-gathering-at-golden-mile-tower-during-phase-1-053227626.html,9,28-08-2020,
16,6,"People's Park Complex, People's Park Centre, Golden Mile Complex and Golden Mile Tower attempting collective sales",18,82td8r,https://www.businesstimes.com.sg/real-estate/peoples-park-complex-peoples-park-centre-golden-mile-complex-and-golden-mile-tower,17,08-03-2018,
17,6,[CNA] Golden Mile Complex up for second en bloc bid at S$800 million,13,b5s45p,https://www.channelnewsasia.com/news/singapore/golden-mile-complex-up-for-second-en-bloc-bid-at-s-800-million-11382782?cid=FBcna,0,27-03-2019,
18,6,Does Anyone have the Golden Mile Complex Floor Plan?,10,gmp06e,https://www.reddit.com/r/singapore/comments/gmp06e/does_anyone_have_the_golden_mile_complex_floor/,17,19-05-2020,Hi! I'm building a Golden Mile Complex replica on Minecraft but am totally at a loss in the floor plan. Is there anyone who can share the floor plan? I've tried googling lots with no success
19,6,"Man throws older man onto ground in Golden Mile Complex fight, keeps kicking him",9,dvqzw8,https://mothership.sg/2019/11/golden-mile-fight-kick/?fbclid=IwAR34ELNpwb3EgsXY4nf7VxN0aEVjwch9VUb0QLyXa6aUEvmXkKimE-Ea7UE,7,13-11-2019,
20,6,The Faces and Ages of Golden Mile Complex | CNA Insider,7,9kp4ua,https://www.youtube.com/watch?v=ohoa_BszeHk,3,02-10-2018,
21,6,Golden Mile Complex,0,9z2om7,https://youtu.be/mArLzfW_jHI,4,21-11-2018,
