,district_num,title,score,id,url,comms_num,created,body
0,12,The Last Days of Shaw Balestier (or what a mall looks like after every store has moved out),360,cr1gei,https://i.redd.it/x5ta9kywpqg31.jpg,43,16-08-2019,
1,12,Morning click on the over bridge at Balestier (Shaw Plaza). Brightens up a dull Sunday morning!,157,f4lm30,https://i.redd.it/7vvfo4uis7h41.jpg,15,16-02-2020,
2,12,"Ten charged with gathering at Balestier flat to study, have tea during circuit breaker",125,gobvs9,https://www.todayonline.com/singapore/ten-charged-gathering-balestier-flat-study-have-tea-during-circuit-breaker,60,22-05-2020,
3,12,"Balestier, quiet Sunday afternoon",118,glcpre,https://i.redd.it/ti0qz9rxpaz41.jpg,13,17-05-2020,
4,12,Shot fired by police officer in raid along Balestier Road; suspect in stable condition,105,jogid3,https://www.todayonline.com/singapore/shot-fired-police-officer-raid-along-balestier-road-suspect-stable-condition?fbclid=IwAR3lZEyBknfo1PZ93giIejL1pEKk-A3GmdTRE7U3UVJgygB8c9kIr8SPWyg,42,05-11-2020,
5,12,"Man Jumps From Balestier Condo, Lands Next To Stunned Driver After Crashing Through Car’s Sunroof",72,feb5l3,https://mustsharenews.com/suicide-balestier-condo/,23,06-03-2020,
6,12,Migrant worker dies after falling through Balestier Road building’s level 1 floor to basement 1,61,dx80r2,https://mothership.sg/2019/11/migrant-worker-die-fall-through-floor-balestier/,14,16-11-2019,
7,12,"Some good news via someone’s FB post. Google finally recognises the small road parallel to Balestier linking Martaban and Pegu Road, cutting down trip time significantly. What it means to me is - Lower wait time for cab and avoiding u-turn on balestier.",61,8aodtl,https://i.redd.it/oj6biuxptmq01.jpg,8,08-04-2018,
8,12,"America has biker gangs, Singapore has E-SCOOTER GANGS! (Spotted at Balestier)",59,cvagkl,https://i.redd.it/od523iyxdmi31.jpg,21,26-08-2019,
9,12,Meet the most self-entitled pedestrian ever at Balestier Road,35,cgtrel,https://www.asiaone.com/singapore/meet-most-self-entitled-pedestrian-ever-balestier-road,20,23-07-2019,
10,12,"Parliament: NHB to fund mini museums for heritage shops, starting with a tau sar piah bakery in Balestier",24,feadn4,https://www.straitstimes.com/singapore/parliament-nhb-to-fund-mini-museums-for-heritage-shops-starting-with-a-tau-sar-piah-bakery?fbclid=IwAR3xrwZL02NijI6c8smxJlL3H-MmkNXvoRH3RVIrsWanImF1s0UtgEqEWVE,1,06-03-2020,
11,12,My Turf: Balestier stall's one of the oldest durian sellers in Singapore,22,97dmzr,https://www.straitstimes.com/singapore/my-turf-one-of-the-oldest-durian-stalls-in-singapore,2,15-08-2018,
12,12,Off Duty Food Haunts: Covid Doctor | Balestier Market Chicken Rice,8,ijd43x,https://youtu.be/TwALgX8LQLU,5,30-08-2020,
13,12,Car accident at Balestier Road yesterday in front of Balestier Point,1,cb9no0,https://i.redd.it/0k2cyy4cjd931.jpg,3,10-07-2019,
