,district_num,title,score,id,url,comms_num,created,body
0,12,Workers cleaning up after us (Novena). We can do better.,2363,lnflsb,https://i.redd.it/n533pjuqpfi61.jpg,189,19-02-2021,
1,12,"Final Look at the Underpass Linking Novena MRT and United Square/Goldhill Plaza before it closes on 25 Feb 2021, 1230hrs",770,lr9tak,https://i.redd.it/i8y4j3ofmej61.jpg,55,24-02-2021,
2,12,Otters near novena,618,c6x9vm,https://v.redd.it/gpvbc8tts9731,47,29-06-2019,
3,12,Novena Church is one beautiful building,355,lkvug4,https://i.redd.it/jz853ed9prh61.jpg,26,16-02-2021,
4,12,"15yo Mickey Lee missing. Last seen at Novena MRT, believed to have taken DTL to Changi Airport",267,7urhet,https://i.redd.it/75eqh6lk3td01.jpg,68,02-02-2018,
5,12,"Saw this motorcycle built for a wheelchair bound driver in Novena. Yes, that's a recycled Suzuki swift bumper.",265,f183fo,https://i.redd.it/okviflvl7wf41.jpg,13,09-02-2020,
6,12,Novena Underpass: Due to be demolished by 2021,212,jv6xg2,https://www.reddit.com/gallery/jv6xg2,41,16-11-2020,
7,12,Indian worker who died in Novena crane accident was family's sole breadwinner,200,dsy9yl,https://www.todayonline.com/singapore/indian-worker-who-died-novena-crane-accident-was-familys-sole-breadwinner,24,07-11-2019,
8,12,"Cockatoos and African grey on Novena, same tree every day at 7.30pm",186,i1lv4z,https://i.imgur.com/Cs7glHb.jpg,31,01-08-2020,
9,12,Yayoi Kusama-esque sight at entrance to Novena MRT (near TTSH),160,lmmr7q,https://www.reddit.com/gallery/lmmr7q,53,18-02-2021,
10,12,"Early evening blue sky over at Novena. No filter, no photo manipulation.",86,g6zd52,https://i.redd.it/qfjuffi35ou41.jpg,5,24-04-2020,
11,12,Police Probing Loh Cousins' Novena Global Healthcare Group,71,ivo1m8,https://www.businesstimes.com.sg/companies-markets/singapore-police-probe-firm-owned-by-loh-cousins?utm_source=telegram&utm_medium=social-organic,26,19-09-2020,
12,12,Anyone know what these are? Taped along the Novena MRT underpass every few metres.,62,jyo3ew,https://i.redd.it/oghk57h5gp061.jpg,36,22-11-2020,
13,12,Worker dies in crane collapse at Novena construction site of new TTSH rehab hub; another worker taken to hospital,41,drcrdm,https://www.straitstimes.com/singapore/crane-collapses-at-novena-worksite?utm_medium=Social&utm_campaign=STFB&utm_source=Facebook#Echobox=1572835433,3,04-11-2019,
14,12,"Nelson Loh has left S'pore amid business troubles, police probe into Novena Global Healthcare Group: Terence Loh",47,jxmceq,https://www.straitstimes.com/business/companies-markets/nelson-loh-of-bellagraph-nova-group-has-left-singapore-amid-business,19,20-11-2020,
15,12,Private clinic nurse allegedly molested male patient at Mt Elizabeth Novena Hospital,42,lpj57c,https://www.straitstimes.com/singapore/courts-crime/private-clinic-nurse-allegedly-molested-male-patient-at-mt-elizabeth-novena,14,22-02-2021,
16,12,Terence Loh quits BN Group amid police probe into Novena Global Healthcare,24,j6i313,https://www.businesstimes.com.sg/consumer/terence-loh-quits-bn-group-amid-police-probe-into-novena-global-healthcare,19,07-10-2020,
17,12,Observed a lot of trees being chopped around novena!,26,c5iyqz,https://i.redd.it/1eq8rh6psl631.jpg,10,26-06-2019,
18,12,PSA: NSL broken between Novena and Braddel,22,bxox4j,https://www.reddit.com/r/singapore/comments/bxox4j/psa_nsl_broken_between_novena_and_braddel/,6,07-06-2019,"Some track fault, ""10min"" delay expected."
19,12,Closure of Novena Underpass,20,lrz0x2,https://mustsharenews.com/novena-underpass-closure/,10,25-02-2021,
20,12,Acra looking into registration of Novena Global Lifecare,15,ikw7n3,https://www.straitstimes.com/business/companies-markets/acra-looking-into-registration-of-firm-linked-to-bn-group/,13,02-09-2020,
21,12,High Court grants DBS' application to wind up Novena Global Healthcare founded by Loh cousins,17,kaxtvl,https://www.straitstimes.com/business/companies-markets/high-court-grants-dbs-application-to-wind-up-novena-global-healthcare,4,11-12-2020,
22,12,"Anyone know the story with this? Near Novena MRT, a vacant block with a recently built building over it. Looks like a land owner holding out for a better offer?",4,a0rm2y,https://i.redd.it/c7ppqh5g2t021.jpg,10,27-11-2018,
23,12,Loh Cousins of Bellagraph Nova / Novena Global Healthcare Fame to Split All Business Interests,3,j6mj94,https://www.straitstimes.com/business/companies-markets/loh-cousins-behind-newcastle-bid-to-legally-split-all-business-interests,7,07-10-2020,
24,12,Mount Elizabeth Novena Hospital,0,d9geeo,https://www.reddit.com/r/singapore/comments/d9geeo/mount_elizabeth_novena_hospital/,29,26-09-2019,"Has anyone tried? If yes, how are the nurses and doctors there?"
25,12,Why are they cutting trees around Novena?,0,d8fgw9,https://www.reddit.com/r/singapore/comments/d8fgw9/why_are_they_cutting_trees_around_novena/,10,24-09-2019,"&#x200B;

[Guys, does someone know what is going on? I'm so upset seeing these beautiful trees being destroyed. Always enjoyed my walk to MRT, and now the place is becoming a desert. ](https://preview.redd.it/j2j0ke05rfo31.jpg?width=468&format=pjpg&auto=webp&s=964cf79848f443f1e948af774122a639cab62955)"
