,district_num,title,score,id,url,comms_num,created,body
0,12,I delivered food today in Toa Payoh. This made my day.,1956,gfnt70,https://i.redd.it/y7bvt377jhx41.jpg,23,08-05-2020,
1,12,This happened at Toa Payoh Interchange this morning.,1049,bvh84y,https://v.redd.it/pyibwv5feo131,176,01-06-2019,
2,12,While HBD Flats at Toa Payoh were still being built.,783,a29ubt,https://i.redd.it/5n3z2k758s121.jpg,46,02-12-2018,
3,12,Toa Payoh going all out with the decorations,626,a7ljti,https://i.redd.it/e2gx3tcdy7521.jpg,38,19-12-2018,
4,12,Sunset in Toa Payoh,377,ia5cnn,https://i.redd.it/8u62bl8id5h51.jpg,21,15-08-2020,
5,12,Cursed Winnie the Pooh at Toa Payoh,363,ev3n95,https://i.redd.it/w61ksys7thd41.jpg,33,28-01-2020,
6,12,Tree collapse due to heavy rain at toa payoh,175,i9i2fn,https://imgur.com/Vd3nP06,28,14-08-2020,
7,12,GrabFood delivery riders buy food for needy in Toa Payoh as part of self-organised charity ride,165,bdsnjy,https://mothership.sg/2019/04/grabfood-delivery-riders-donate-food-needy/?fbclid=IwAR0tNIT_7oYyiJBdfSSqmTjAK7sH6ivbldvgCNJTaL47VW2WPPA9aO9I7wU,7,16-04-2019,
8,12,This church in Toa Payoh becoming like that church near Dhoby Ghaut mrt,157,c567tz,https://i.redd.it/8d0q104x8h631.jpg,45,25-06-2019,
9,12,Saw this Bill horn today at toa payoh in front of KCS,137,dbaohx,https://i.redd.it/czklqto24qp31.jpg,17,30-09-2019,
10,12,Cat of Toa Payoh,131,889efn,https://i.redd.it/ifku3if0pvo01.jpg,11,30-03-2018,
11,12,"31 years ago, these 3 people (Tan, Lim & Hoe) were hanged to death during the Toa Payoh ritual murders which involved the killing of 2 children.",128,e1hmcn,https://i.redd.it/rf9rhgx6qu041.jpg,19,25-11-2019,
12,12,Chinese New Year decorations in Toa Payoh,126,amw3j4,https://i.redd.it/dbqdblbu6ge21.jpg,0,04-02-2019,
13,12,16-year-old boy dies after falling from sky garden of Toa Payoh HDB block,112,7sv3qh,http://www.straitstimes.com/singapore/16-year-old-dies-after-falling-from-sky-garden-of-toa-payoh-hdb-block,43,25-01-2018,
14,12,"Elderly man slept outside his one-room flat in Toa Payoh which was filled with trash, bugs",117,ipzgb6,https://www.straitstimes.com/singapore/elderly-man-slept-outside-his-one-room-flat-in-toa-payoh-which-was-filled-with-trash-bugs?utm_medium=Social&utm_campaign=STFB&utm_source=Facebook#Echobox=1599721822,18,10-09-2020,
15,12,Driver helps wheelchair-bound elderly man to cross road during downpour at Toa Payoh,115,iosint,https://youtu.be/mHlJNoVqYDg,9,08-09-2020,
16,12,First toa payoh secondary being demolished,108,daqxhj,https://i.redd.it/gl8g8qoztgp31.jpg,17,29-09-2019,
17,12,Missing cat in Toa Payoh,96,e6pzsv,https://i.imgur.com/7K54Q19.jpg,9,06-12-2019,
18,12,Anyone knows of the background of this strange section of PIE near Whampoa/Toa Payoh?,97,ir8rqy,https://www.reddit.com/gallery/ir8rqy,19,12-09-2020,
19,12,Young man in Toa Payoh drives community cat around in his buggy while on cleaning rounds,86,9cs5et,https://mothership.sg/2018/09/cleaner-toa-payoh-cat-buggy/,17,04-09-2018,
20,12,morning in toa payoh,85,8gnrn5,https://i.redd.it/hj3auh58kkv01.jpg,4,03-05-2018,
21,12,The new Bishan-Toa Payoh link bridge,80,k4i0b8,https://i.redd.it/1mq48ezfsj261.jpg,18,01-12-2020,
22,12,Toa Payoh hit-and-run accident: Driver and passenger arrested,74,lkqksj,https://www.straitstimes.com/singapore/driver-and-passenger-in-toa-payoh-hit-and-run-accident-arrested?utm_campaign=stfb&utm_medium=social&utm_source=facebook&fbclid=IwAR2tdmPzmh9H2A0ad_WVDdysU1RyPaWd1cM06AcOxais62362-fkeLZKMus,21,16-02-2021,
23,12,"Man, 20, allegedly slashed in ambush by 4 or 5 men over woman at Blk 106 Toa Payoh Lor 1 during circuit breaker",70,gslwpt,https://mothership.sg/2020/05/toa-payoh-slashing/?fbclid=IwAR1SxZf3HL_Kbk97GExU2gu10oIHBnCJCUs2jv26TMnJcQ21xIYKYzqqrUE,63,29-05-2020,
24,12,"Curious residents taking a peek into Khe Bong neighbourhood police post (NPP) at Block 89, Lorong 2, Toa Payoh. Khe Bong NPP is the first NPP in Singapore. 03/06/1983",75,hf71hb,https://i.redd.it/c8hb99v5ow651.jpg,7,25-06-2020,
25,12,Haze in Toa Payoh,68,8o1vh6,https://www.reddit.com/r/singapore/comments/8o1vh6/haze_in_toa_payoh/,16,03-06-2018,"It’s 12:52 now, suddenly can smell something like bbq. Is it back? Not again sia"
26,12,"Toa Payoh dog photographed with bag on head to prevent it from licking dog pee, not Covid-19 protection",75,gd6tj0,https://mothership.sg/2020/05/covid-19-dog-head-bag/,11,04-05-2020,
27,12,Cool S'pore dog rides pillion on motorcycle with owner along Toa Payoh road,65,m4krvc,https://mothership.sg/2021/03/dog-motorcycle-singapore/,9,14-03-2021,
28,12,"Another photo of Toa Payoh. This time, featuring the world’s creepiest smiles.",57,l01psx,https://i.redd.it/nvjtcvjn65c61.jpg,7,19-01-2021,
29,12,SPP candidate claims PAP put up multiple posters in Bishan-Toa Payoh GRC without official stamp,52,hjfr59,https://mothership.sg/2020/07/pap-posters-no-stamp/,3,02-07-2020,
30,12,200 students at CHIJ Secondary (Toa Payoh) fall ill with gastrointestinal symptoms,54,90pdlt,https://www.channelnewsasia.com/news/singapore/200-students-chij-secondary-toa-payoh-food-poisoning-10551182,7,21-07-2018,
31,12,"Man loses control of car after sneezing, crashes into road divider and nearly topples lamp post in Toa Payoh",53,8dd81p,http://www.straitstimes.com/singapore/man-loses-control-of-car-after-sneezing-crashes-into-road-divider-in-braddell,29,19-04-2018,
32,12,Drunk Driver? At toa payoh,50,ad3kx7,https://gfycat.com/IllegalRashGlobefish,19,06-01-2019,
33,12,"Electricity supply disrupted in parts of Singapore, including Bishan, Shunfu, Toa Payoh",48,ajyn24,https://www.straitstimes.com/singapore/electricity-supply-disrupted-in-parts-of-singapore,0,26-01-2019,
34,12,Suspected gang member bought knives ahead of showdown with rival group in Toa Payoh,44,9i5j9a,https://sg.news.yahoo.com/suspected-gang-member-bought-knives-ahead-showdown-rival-group-toa-payoh-101407690.html,28,23-09-2018,
35,12,Punggol's problem neighbour also had disputes in previous Toa Payoh home,40,c78nio,https://www.straitstimes.com/singapore/courts-crime/neighbour-woes-help-at-hand-for-residents,20,30-06-2019,
36,12,Rat spotted scurrying around food trays in Toa Payoh restaurant; NEA investigating,37,b6lwtt,https://www.straitstimes.com/singapore/rat-spotted-scurrying-around-food-trays-in-toa-payoh-restaurant-nea-investigating,8,29-03-2019,
37,12,High demand for five-room BTO flats in Toa Payoh (Bidadari),37,jzxyrj,https://www.tnp.sg/news/singapore/high-demand-five-room-bto-flats-toa-payoh-bidadari,45,24-11-2020,
38,12,Temperature self check kiosks on trial at toa payoh mrt station and bus interchange,32,fbrkgo,https://www.straitstimes.com/singapore/health/temperature-self-check-kiosks-on-trial-at-toa-payoh-mrt-station-and-bus-interchange?utm_source=share&utm_medium=ios_app&utm_name=iossmf,6,01-03-2020,
39,12,"Man, 82, charged with killing elderly female flatmate in Toa Payoh",21,cyj2pv,https://www.straitstimes.com/singapore/courts-crime/man-82-charged-with-killing-elderly-flatmate,4,02-09-2019,
40,12,"Creamier in Toa Payoh closing down on June 30, 2019",19,b2wind,https://mothership.sg/2019/03/creamier-closing-down-toa-payoh/,6,19-03-2019,
41,12,Spiderman of Toa Payoh?,18,bldohd,https://www.youtube.com/watch?v=VdetRQJZYUU,8,06-05-2019,
42,12,Singapore GE: SPP unveils candidates for Bishan-Toa Payoh GRC; Chiam See Tong unlikely to join campaign,15,hcjpdq,https://str.sg/JWsH,4,20-06-2020,
43,12,Toa Payoh Dragon is known even in the US ?,14,deywg2,https://i.redd.it/ml4ju0q83br31.jpg,4,08-10-2019,
44,12,'Irregular behaviour' of elderly couple sparks fears among Toa Payoh residents,14,7pnugr,http://www.asiaone.com/singapore/irregular-behaviour-elderly-couple-sparks-fears-among-toa-payoh-residents,4,11-01-2018,
45,12,Toa Payoh Sunset,12,80cnvn,https://i.imgur.com/86cKYGq.jpg,1,26-02-2018,
46,12,Man convicted of sexually assaulting boy at Toa Payoh Swimming Complex,13,8opb5i,https://www.channelnewsasia.com/news/singapore/toa-payoh-swimming-complex-bangladeshi-sexual-assault-10382546?utm_source=dlvr.it&utm_medium=twitter,5,05-06-2018,
47,12,"Opening scene of God or Dog (1997), second film based on the Toa Payoh murders",12,ghoip6,https://m.youtube.com/watch?v=83ZZAmRkggY,2,11-05-2020,
48,12,Music shop around Toa Payoh?,11,ddndxm,https://www.reddit.com/r/singapore/comments/ddndxm/music_shop_around_toa_payoh/,17,05-10-2019,"Hi guys, im starting to learn fingerpicking on guitar and i want to change my guitar strings. Ive bought a new set of strings at yamaha store but the service charge of changing the strings is very high so i tried to change it myself. 

But i failed miserably. So im wondering if theres any music shop near Toa Payoh that sells guitar strings and can help me change the strings on my guitar on reasonable price. Thank you :)"
49,12,"300 evacuated, 3 hospitalised after fire breaks out at Toa Payoh HDB flat",10,iiqthg,https://www.straitstimes.com/singapore/300-evacuated-3-hospitalised-after-fire-breaks-out-at-toa-payoh-hdb-flat?utm_medium=Social&utm_campaign=STFB&utm_source=Facebook&fbclid=IwAR2DLOuC_nl_P1Qu6fvbtkLwHx7b4WYz4j37y5nJQY0hqgmhsIsxL0ZINnQ#Echobox=1598697112,0,29-08-2020,
50,12,S$1 nasi lemak in Toa Payoh Coffee Shop,7,9wbsus,https://mothership.sg/2018/11/s1-nasi-lemak-toa-payoh-cheap/,1,12-11-2018,
51,12,Falling tree crushes cars and knocks over bikes in Toa Payoh; no one hurt,4,kdcwhh,https://www.straitstimes.com/singapore/falling-tree-crushes-cars-and-knocks-over-bikes-in-toa-payoh-no-one-hurt,3,15-12-2020,
52,12,Co-working space in and around Toa Payoh.,6,825rtj,https://www.reddit.com/r/singapore/comments/825rtj/coworking_space_in_and_around_toa_payoh/,6,05-03-2018,"Anybody knows of any cheap co-working space in or around Toa Payoh area? Regus at TPY Library is quite expensive at $18 per day. The OutPost at Geylang cost $200 per month for 6-hour/day use from Mon to Fri. Overall, sounds good from the way they described it on their webpage. If you know of any please drop me a line. Thanks! "
53,12,Large crowds at Toa Payoh Town Park spark public concern over Covid-19 risks,0,ic3vgf,https://mothership.sg/2020/08/toa-payoh-town-park-crowd-covid/?fbclid=IwAR3RgvzrXtIoeaRbcs2TT6nYAiMuS6FrBv3W-0I4gaJrvuiKWMpUrJ8bnnw,8,19-08-2020,
54,12,Malaysian actress cooks up traditional Kelantanese fare at Toa Payoh stall,0,m46y5h,https://www.timeout.com/singapore/restaurants/hawker-spotlight-kelate,0,13-03-2021,
55,12,"I do not think ""humble"" means what you think it means [Toa Payoh]",0,hy4v8z,https://i.imgur.com/LBgj0BI.jpg,12,26-07-2020,
