,district_num,title,score,id,url,comms_num,created,body
0,19,The mists of punggol. Taken in 2015.,2147,eef9bb,https://i.redd.it/0dge93i94b641.jpg,47,23-12-2019,
1,19,Just a casual dinner at Punggol,981,8pt2us,https://imgur.com/v3aouvK,36,09-06-2018,
2,19,Beautiful morning in Punggol.,837,biye4m,https://i.redd.it/2z3gtv0hhbv21.jpg,14,30-04-2019,
3,19,On the way to work along Punggol PCN on a foggy Monday morning: Real life godrays,505,9qd27a,https://i.redd.it/8ftwl7ay5qt11.jpg,34,22-10-2018,
4,19,47 lamborghinis at punggol,449,de1486,https://i.redd.it/9dvdo3g15wq31.jpg,94,06-10-2019,
5,19,Anyone else in Punggol experience these climbing into your homes through the windows?,371,l09qts,https://v.redd.it/bmiixfyg67c61,74,19-01-2021,
6,19,"Mom & daughter leave Punggol HDB home unlocked to buy dinner, return to find male stranger who had showered",291,gt7r85,https://mothership.sg/2020/05/man-break-into-house-shower/,69,30-05-2020,
7,19,Beautiful day. Cycled from Punggol to Merlion Park.,286,ie0w5o,https://i.redd.it/an3wettc2ei51.jpg,42,22-08-2020,
8,19,"Another interesting happening in punggol, coney island",257,914inq,https://i.redd.it/frnv19nezmb11.jpg,23,23-07-2018,
9,19,"'Neighbour from hell' drove 6 families away from Punggol HDB block, Courts & Crime News & Top Stories - The Straits Times",253,c3xdu1,https://www.straitstimes.com/singapore/courts-crime/neighbour-from-hell-drove-6-families-away,127,23-06-2019,
10,19,PUNGGOL FIELD DEATH: A 20-year-old male suspect has been arrested and will be charged with the murder of a 38-year-old man tomorrow,248,gkrw2u,https://cna.asia/2LuOLOp,129,16-05-2020,
11,19,"Punggol, Singapore",241,9o0nmu,https://i.redd.it/0mded4kme3s11.jpg,20,14-10-2018,
12,19,"stray cat murdered in punggol, sumang walk :(",227,a3u6i2,https://i.redd.it/fn19ry2o0r221.jpg,37,07-12-2018,
13,19,"In 2002, construction of Teck Lee LRT Station was completed along with the rest of the Punggol LRT West Loop. As of 2019, the station is still surrounded by a dense forest, with no signs of opening anytime soon.",223,bk98di,https://youtu.be/n9Vio6CtD4s,51,03-05-2019,
14,19,Punggol Lone Tree. Gone but not forgotten.,226,egmdgl,https://i.redd.it/czcck1a51b741.jpg,16,28-12-2019,
15,19,Punggol West this morning. How beautiful our sky is!,205,gvi7pz,https://i.redd.it/x5acg3k7xk251.jpg,9,03-06-2020,
16,19,Queue at ToysR'Us Punggol Waterpoint,208,fv9qoz,https://i.redd.it/26gtu2at8yq41.jpg,81,05-04-2020,
17,19,Spotted at Punggol,200,91131h,http://imgur.com/Tj9Jbr6,43,23-07-2018,
18,19,Hwa Chong boy has been missing since 17th July 2018 please look out for him. Last seen near punggol,199,90heix,https://i.redd.it/3hvfz04op4b11.jpg,11,21-07-2018,
19,19,"After heavy rain during blue hour, Punggol Beach",200,knpf7e,https://i.redd.it/b6ii9443ri861.jpg,6,31-12-2020,
20,19,A mystery in Singapore: Why is Punggol Park called Punggol Park...when it is actually in Hougang??,188,lwml3y,https://www.reddit.com/r/singapore/comments/lwml3y/a_mystery_in_singapore_why_is_punggol_park_called/,112,03-03-2021,"Has anyone ever wondered that? It's been on my head for a long time but I cant find a single explanation as to why. Closest I got by googling is a vague wikipedia page.

Also here's the even funnier thing... 

there isn't a park called Hougang Park."
21,19,Punggol Mrt breakdown. Pandemonium and lots of people going to be late for work.,172,fa2vuk,https://v.redd.it/6p5y3ipyvcj41,62,27-02-2020,
22,19,"ITAP at Punggol Waterway, Singapore",163,9iuetg,https://i.redd.it/0v0yy7kknxn11.jpg,18,26-09-2018,
23,19,"Man arrested for inciting PMD users to gather at Punggol Park at 9pm to ""cause injury to anyone they see""",162,eigr0a,https://www.straitstimes.com/singapore/man-arrested-for-rousing-pmd-users-to-attack-people-at-punggol-park?,49,01-01-2020,
24,19,"Got a new gimbal, took it out for a field test and to play with it. Dynamic timelapse shot. Location at Punggol",155,lo6xpz,https://v.redd.it/356rc2ncumi61,31,20-02-2021,
25,19,So my friend sent me a pic of this in Punggol today,156,hv4ffx,https://imgur.com/rw5Hkex,46,21-07-2020,
26,19,They sell crazed hottis here at punggol blk 224A!,147,kzmkh1,https://i.redd.it/p46ai8zsk0c61.jpg,17,18-01-2021,
27,19,Punggol Park,150,b42kvt,https://i.redd.it/jcmancygtmn21.jpg,11,22-03-2019,
28,19,My bird flew off around Punggol. Anyone saw it around?,149,jza0jf,https://www.reddit.com/gallery/jza0jf,34,23-11-2020,
29,19,Punggol sheltered walkway with 'dumbest design' gets fixed 3 days after viral TikTok video posted,137,k7bejk,https://mothership.sg/2020/12/punggol-sheltered-walkway-fixed-after-tik-tok/?fbclid=IwAR000yBZy-21o3-PYKm2kuSjfvh8do0oM0c6uPSXDYPY1wd2VQFGL4uRY4g,39,06-12-2020,
30,19,"A similar resemblance of apartments in South Korea. For a moment, it reminds me of apartments in Punggol. (Taken 7 Dec 2019)",135,kxcaff,https://www.reddit.com/gallery/kxcaff,22,15-01-2021,
31,19,"S$4,000 fine for woman who abandoned 16 cats at Punggol HDB block",134,lls27y,https://www.todayonline.com/singapore/s4000-fine-woman-who-abandoned-16-cats-punggol-hdb-block,17,17-02-2021,
32,19,"NTU food court, eateries among new places visited by Covid-19 patients; new cluster at S11 Dormitory in Punggol",128,iouwtk,https://www.straitstimes.com/singapore/ntu-food-court-eateries-among-new-places-visited-by-covid-19-patients-new-cluster-at-s11?utm_source=STSmartphone&utm_medium=share&utm_term=2020-09-08+22%3A40%3A58,57,08-09-2020,
33,19,Punggol Field death: 20-year-old S'porean man charged with murder of jogger,131,gl7ubj,https://www.straitstimes.com/singapore/courts-crime/punggol-field-death-20-year-old-sporean-man-charged-with-murder-of-jogger,67,17-05-2020,
34,19,Man rides PMD in Punggol wearing nothing but a pair of thongs,105,ejbu39,https://www.mothership.sg/2020/01/pmd-thong-punggol/,34,03-01-2020,
35,19,Jewel Bridge Punggol,106,faml3i,https://i.redd.it/2ji808itfkj41.jpg,6,28-02-2020,
36,19,Police investigating murder at Punggol Field after man dies of injuries,96,ghijel,https://www.channelnewsasia.com/news/singapore/murder-punggol-field-man-dead-police-investigating-12720838,15,11-05-2020,
37,19,"Punggol to have 50km cycling network, possibly the world's densest cycling network in the next decade",98,j7r3uk,https://mothership.sg/2020/10/punggol-hdb-eco-initiatives/,32,09-10-2020,
38,19,Boy taken to hospital after e-scooter knocks him down near Punggol Park,91,8bxmuf,https://www.channelnewsasia.com/news/singapore/e-scooter-punggol-park-boy-hospital-10134580,47,13-04-2018,
39,19,Punggol Settlement,86,cama1u,https://i.redd.it/exia4pmvi3931.jpg,0,08-07-2019,
40,19,The Mobile Column passing by Punggol! Manage to catch the whole thing. Feel free to enjoy it. Apologies if it's a bit shaky because I recorded it under the sun,85,i6d1ep,https://v.redd.it/nomind7phwf51,4,09-08-2020,
41,19,Pasir Ris-Punggol & AMK town councils ready for handover since last week: Janil Puthucheary,87,hub06g,https://mothership.sg/2020/07/sengkang-town-council-handover-janil/?fbclid=IwAR1-JiLNCejzjgFz4wSHTmyk50e9uqHtpUfqVPWAOkm61HNjTMQKY-VjzZM,90,20-07-2020,
42,19,Missing Kitten in Punggol,84,i2reg5,https://www.reddit.com/gallery/i2reg5,4,03-08-2020,
43,19,"Woman, 39, arrested after bloody fight with husband in Punggol flat, Singapore News",86,givx4s,https://www.asiaone.com/singapore/woman-39-arrested-after-bloody-fight-husband-punggol-flat,32,13-05-2020,
44,19,Family of otters spotted along punggol waterway...,78,bqc3ww,https://v.redd.it/b6oms5pg03z21,6,19-05-2019,
45,19,Saw this beautiful rainbow at Punggol today,75,hpwdul,https://i.redd.it/xgsa1vfc5ga51.jpg,4,12-07-2020,
46,19,Police investigating two 'related' deaths at Tampines and Punggol after reports of stabbing incident,76,lgqnc3,https://www.channelnewsasia.com/news/singapore/police-investigating-two-deaths-tampines-punggol-stabbing-14162282?cid=telegram_cna_social_28112017_cna,21,10-02-2021,
47,19,18-year-old teen pronounced dead on scene at Block 130 Punggol Walk,72,gziyb9,https://mothership.sg/2020/06/18-year-old-dead-punggol-walk/,14,09-06-2020,
48,19,"More than 20 e-scooter, e-bike riders caught flouting rules in Punggol",70,bq3716,https://www.channelnewsasia.com/news/singapore/e-scooter-bike-riders-caught-lta-punggol-11545288?cid=FBcna,8,18-05-2019,
49,19,"To the person who returned my wallet at Punggol, I would like to reward you.",67,hs922s,https://www.reddit.com/r/singapore/comments/hs922s/to_the_person_who_returned_my_wallet_at_punggol_i/,18,16-07-2020,"Dear Singaporeans, thank you for being kind and honest. I am very grateful that I live amongst you. Now I would like your help to find the good samaritan that returned me my wallet. I would have been in absolute distress if it wasn't for you. 

If anybody you know starts telling you a story of how they returned a wallet today, please direct them to this post. 

DM me a description of how I look like, how you look like, and where exactly did you pass me the wallet as verification.

P.s. Excuse the flair, I don't know what to put."
50,19,"2 women attacked by wild boar at Punggol, 1 was dragged along for 1m",65,lou988,https://mothership.sg/2021/02/wild-boar-punggol-bite-leg/,45,21-02-2021,
51,19,"Lost bag at Soo Teck LRT busstop (Punggol), found it around 1130am on 2nd April. Belongs to someone named Gabrielle, should be in kindergarten. Please drop me a PM if you know the owner!",68,fu21od,https://i.redd.it/3j2px68lajq41.jpg,16,03-04-2020,
52,19,Spotted in punggol too.,60,914dri,https://i.redd.it/i486qpx0vmb11.jpg,19,23-07-2018,
53,19,"Parliament: NLB to revamp 8 libraries, including Central, and open new Punggol Regional Library",66,fd5fe3,https://www.straitstimes.com/singapore/nlb-to-revamp-8-libraries-including-central-and-open-new-punggol-regional-library?utm_medium=Social&utm_campaign=STFB&utm_source=Facebook&fbclid=IwAR3q4ghHR8beXdalbv42O-dbhh4DQyAiZl_mxWm6j5IByse9ZOogrvfhcG4#Echobox=1583216021,16,04-03-2020,
54,19,AsiaOne: Driver left with $4000 bill after rented car catches fire from joss sticks in Punggol.,65,ih9uqc,http://www.asiaone.com/singapore/driver-left-4000-bill-after-rented-car-catches-fire-joss-sticks-punggol,37,27-08-2020,
55,19,Sunset at Punggol.,70,f7r3vn,https://i.imgur.com/VmfU1ds.jpg,3,22-02-2020,
56,19,Feel like Autumn coming to Winter here in Punggol West,60,h7wke2,https://i.redd.it/0e5ghl2jlk451.jpg,11,13-06-2020,
57,19,Punggol West Flyover,56,a2w521,https://gfycat.com/AnnualHomelyArmyant,3,04-12-2018,
58,19,"SIT's Punggol campus, Singapore's first university in the north-east, will be up by 2023",55,d21xqr,https://www.straitstimes.com/singapore/education/sits-punggol-campus-singapores-first-university-in-the-north-east-will-be-up-by,14,10-09-2019,
59,19,Usual sighting in Punggol: Steel Bird flies over concrete jungle,63,h9rh1o,https://i.redd.it/y4rkhwijr5551.jpg,17,16-06-2020,
60,19,Sengkang-Punggol LRT to get 17 new two-car trains to meet growing demand,56,le0gx1,https://www.straitstimes.com/singapore/transport/sengkang-punggol-lrt-to-get-17-new-two-car-trains-to-meet-growing-demand,14,07-02-2021,
61,19,Punggol Field murder: Mother of 20-year-old accused claims son has mental problems,58,gldxa6,https://mothership.sg/2020/05/punggol-field-murder-mental-problems/,86,17-05-2020,
62,19,Pasir Ris-Punggol GRC: People's Voice lose deposit in 3-way fight after scoring 12.18%,58,hp2edi,https://mothership.sg/2020/07/pasir-ris-punggol-grc-peoples-voice/,22,11-07-2020,
63,19,Pasir-ris Punggol Residents Thinking of Voting for Opposition. Who do you choose (PV or SDA) and why?,54,himtzp,https://i.redd.it/9hlq573wo1851.jpg,41,30-06-2020,
64,19,Drone filmed flying near toilets of Punggol HDB flats suspected to be high tech pervert,47,9j3efn,https://www.google.com.sg/amp/goodyfeed.com/drone-filmed-flying-near-toilets-of-punggol-hdb-flats-suspected-to-be-high-tech-pervert/amp/,25,26-09-2018,
65,19,"Punggol Settlement, before it’s development, circa 2011.",49,8cqijs,https://i.imgur.com/UQ9whAu.jpg,3,17-04-2018,
66,19,Close shave for Punggol East home owner as glass door shatters suddenly,49,ly9v1k,https://www.straitstimes.com/singapore/close-shave-for-home-owner-as-glass-door-shatters-suddenly?utm_campaign=stfb&utm_medium=social&utm_source=facebook&fbclid=IwAR27RHV_Q47FJWesEI2Kk0vmqEeWP8KMd2UbnKSc79FF1uhrbdajDI_2FTM,9,05-03-2021,
67,19,"Police probing two related unnatural deaths after duo found motionless at Tampines, Punggol blocks",48,lgqm5z,https://www.todayonline.com/singapore/police-probing-two-related-unnatural-deaths-after-duo-found-motionless-tampines-punggol,2,10-02-2021,
68,19,Today’s rainbow as seen in Punggol,50,fu42zw,https://i.imgur.com/KCGJd53.jpg,1,03-04-2020,
69,19,26feb2021 punggol & pasir ris wild boar did a hit and run on cyclist,49,lugfuy,https://youtu.be/lNCzbq3w2CI,19,28-02-2021,
70,19,Punggol Nasi lemak long queue,46,g0e3yh,https://youtu.be/GxYiUUUqFmY,22,13-04-2020,
71,19,Punggol Infrastructure Capacity,44,b6wzeg,https://www.reddit.com/r/singapore/comments/b6wzeg/punggol_infrastructure_capacity/,33,29-03-2019,"**LRT**: Built with way too low capacity to handle current demand 

**MRT**: built with way too low capacity to handle current demand 

**Pavement/cycle path:** built to barely handle current demand 

**Roads**: built way beyond current demand

**Carparks**: built way beyond current demand

&#x200B;

*car-lite* 👍🏼 *walk-cycle-ride* 👍🏼"
72,19,Some residents living near Eunos CC will have to collect TraceTogether tokens at Punggol CC,46,joya29,https://mothership.sg/2020/11/bedok-reservoir-collect-tokens/,23,06-11-2020,
73,19,"NEL train stalls at Punggol MRT station, passengers 'stuck in train'",41,81d2t1,https://www.channelnewsasia.com/news/singapore/train-stuck-punggol-mrt-station-nel-passengers-emergency-exit-10005972,6,02-03-2018,
74,19,Punggol's problem neighbour also had disputes in previous Toa Payoh home,43,c78nio,https://www.straitstimes.com/singapore/courts-crime/neighbour-woes-help-at-hand-for-residents,20,30-06-2019,
75,19,"6 people rescued, about 100 Punggol condominium residents evacuated after fire: SCDF",43,kg7de0,https://www.channelnewsasia.com/news/singapore/fire-punggol-waterwoods-condo-scdf-rescue-evacuation-13806524?cid=FBcna,3,19-12-2020,
76,19,Chinese man allowed to fly home after threatening to leap from Punggol dorm | Coconuts Singapore,43,hwy0mx,https://coconuts.co/singapore/news/chinese-man-allowed-to-fly-home-after-threatening-to-leap-from-punggol-dorm/,21,24-07-2020,
77,19,North East Line hit by power fault; no regular train service between Punggol and Buangkok MRT stations,39,fa6ias,https://www.straitstimes.com/singapore/transport/north-east-line-hit-by-power-fault-on-thursday-morning-no-train-service-between,8,27-02-2020,
78,19,Punggol otter family along the Waterway,39,9q3ehd,https://youtu.be/jf53eVJWQzE,6,21-10-2018,
79,19,Punggol park,36,8i68lj,https://i.redd.it/szcbtceo7uw01.jpg,13,09-05-2018,
80,19,Wild boar involved in Punggol attacks caught,38,lstsc1,https://www.straitstimes.com/singapore/wild-boar-involved-in-aggressive-attacks-caught,34,26-02-2021,
81,19,BTO flat buyers in Punggol face one-year delay after HDB terminates building contractor's services,38,ihvvz7,https://www.straitstimes.com/singapore/housing/home-owners-of-bto-flats-in-punggol-face-one-year-delay-after-hdb-terminates?xtor=CS3-18&utm_source=STiPhone&utm_medium=share&utm_term=2020-08-28%207%3A08%3A02,16,28-08-2020,
82,19,S'pore microcars for faster trips to MRT station may be on punggol roads by 2021,37,i8fd9n,https://mustsharenews.com/microcars-punggol/,33,12-08-2020,
83,19,Time lapse at night of a boat ride showing Kampong Pasir Gudang (Johor) and Punggol (Singapore) respectively before docking,36,cfo0x7,https://v.redd.it/hhicxfz2nhb31,6,21-07-2019,
84,19,Punggol jetti,37,fmbtha,https://imgur.com/MjTPsmw,3,21-03-2020,
85,19,"After the success of Singapore’s first eco-town Punggol, what next for HDB green living?",36,jgczhb,https://www.channelnewsasia.com/news/singapore/hdb-green-towns-punggol-solar-energy-climate-change-13329468,16,23-10-2020,
86,19,Evening Sky in Punggol,35,asn9gh,https://i.redd.it/1ambbpt5lph21.jpg,3,20-02-2019,
87,19,Peoples Voice distributed masks in Pasir-Ris Punggol GRC,35,fjui1r,https://i.redd.it/v7wjpvc4a4n41.jpg,19,17-03-2020,
88,19,Smoke smell and hazy conditions in Punggol...,31,axm1ei,https://www.reddit.com/r/singapore/comments/axm1ei/smoke_smell_and_hazy_conditions_in_punggol/,16,05-03-2019,Anyone else notice tonight smells and looks pretty bad? I know peeps in Punggol are probably used to the stench and “mordor” at Pasir Gudang but it’s really really bad tonight...
89,19,Punggol housing block residents plagued by sanitary pad litterbug,35,l0b9it,https://www.channelnewsasia.com/news/singapore/punggol-sanitary-pad-high-rise-littering-nea-13986146,23,19-01-2021,
90,19,Punggol Grove HDB - One of the only HDB I know that requires you to have a keycard to enter the lift lobby,38,h04hmy,https://youtu.be/5DEYHjaYjQI,48,10-06-2020,
91,19,The view of Johor from Pasir Ris (Punggol on the left),34,htxukz,https://i.redd.it/ae8da96k9sb51.jpg,2,19-07-2020,
92,19,"Punggol Coast MRT station ready by 2024, 40% of work completed",34,jtdtam,https://www.straitstimes.com/singapore/transport/punggol-coast-mrt-station-to-open-by-2024-40-of-work-completed,5,13-11-2020,
93,19,Someone lost their 11B at waterway point/ Punggol MRT,30,d7ruy0,https://www.reddit.com/r/singapore/comments/d7ruy0/someone_lost_their_11b_at_waterway_point_punggol/,10,22-09-2019,"I am helping someone else post this /[u/phrothy](https://www.reddit.com/user/phrothy)

''Sorry guys, lost my 11B at around 7-8pm, at waterway point/ Punggol MRT. Was at B2 area around Fairprice when I noticed it was missing. Any help would be appreciated!''"
94,19,Punggol Secondary students told to be vigilant after boar injures school employee: Principal,25,9b7kew,https://www.channelnewsasia.com/news/singapore/wild-boar-punggol-secondary-school-staff-injured-10663388,22,29-08-2018,
95,19,New road to ease congestion in Punggol opens a year ahead of schedule,24,a079os,https://www.straitstimes.com/singapore/transport/new-road-to-ease-congestion-in-punggol-opens-a-year-ahead-of-schedule,1,25-11-2018,
96,19,"Burning car in Punggol, I called the ambulance",26,coy7eq,https://i.redd.it/3ijkbgykauf31.jpg,14,11-08-2019,
97,19,Relationship between Punggol and Pasir Gudang,25,9ca0b9,https://www.99.co/blog/singapore/hdb-punggol-pasir-gudang/,11,02-09-2018,
98,19,Punggol and Pasir Ris residents to get four more train stations by 2031,28,fgbkqn,https://www.straitstimes.com/singapore/transport/punggol-residents-to-get-four-more-train-stations-by-2031,16,10-03-2020,
99,19,Sunset at Punggol,23,bh2t9m,https://i.imgur.com/jfDYF5P.jpg,4,25-04-2019,
100,19,100 people evacuated after fire breaks out at Punggol East block,27,hv61ng,https://www.straitstimes.com/singapore/100-people-evacuated-after-fire-breaks-out-at-punggol-east-block,1,21-07-2020,
101,19,"Man to be charged for inciting PMD users to attack anyone they see at Punggol Park, say police",26,h09x3r,https://www.straitstimes.com/singapore/man-to-be-charged-for-inciting-pmd-users-to-attack-anyone-they-see-at-punggol-park-say,6,10-06-2020,
102,19,DIY power: Man hangs solar panel outside Punggol flat,29,haokem,https://www.asiaone.com/singapore/diy-power-man-hangs-solar-panel-outside-punggol-flat,18,17-06-2020,
103,19,Foodpanda rider being investigated by police for allegedly cheating customer in Punggol,25,c9cx8j,https://www.straitstimes.com/singapore/foodpanda-rider-being-investigated-by-police-for-allegedly-cheating-customer-in-punggol,14,05-07-2019,
104,19,"GE2020: Pasir Ris-Punggol GRC, Pioneer SMC set for three-cornered fights",20,hihq3d,https://www.todayonline.com/singapore/ge2020-pasir-ris-punggol-grc-pioneer-smc-set-three-cornered-fights,6,30-06-2020,
105,19,Sengkang Town Council to take over Punggol East lawsuit: MND,28,hwtph9,https://www.singaporelawwatch.sg/Headlines/Sengkang-Town-Council-to-take-over-Punggol-East-lawsuit-MND,14,24-07-2020,
106,19,AVA investigating after 16 cats left in cages in Punggol; cat rescuers looking for fosterers,24,awoxay,https://www.straitstimes.com/singapore/ava-investigating-after-16-cats-left-in-cages-in-punggol-cat-rescuers-looking-for,3,03-03-2019,
107,19,Police beacon for the security of parkgoers launched at Punggol Waterway Park Connector,26,kb24bl,https://www.straitstimes.com/singapore/police-beacon-for-the-security-of-park-goers-launched-at-punggol-waterway-park-connector?utm_medium=Social&utm_campaign=STFB&utm_source=Facebook#Echobox=1607687886,11,11-12-2020,
108,19,Youths jump off 3-metre high Lorong Halus pedestrian bridge at Punggol for a swim below,19,a46cgn,https://mothership.sg/2018/12/punggol-bridge-jump-swim/,18,08-12-2018,
109,19,"The Big Read: From the boondocks to waterfront town, Punggol grapples with growing pains and traffic jams",20,9y2tez,https://www.todayonline.com/singapore/big-read-boondocks-waterfront-town-punggol-grapples-growing-pains-and-traffic-jams,20,18-11-2018,
110,19,Woman injured and taken to hospital after encounter with wild boar in Punggol,18,9b7kun,http://www.asiaone.com/singapore/woman-injured-and-taken-hospital-after-encounter-wild-boar-punggol,2,29-08-2018,
111,19,PSA: Punggol Plaza,27,g6mbdj,https://www.reddit.com/r/singapore/comments/g6mbdj/psa_punggol_plaza/,18,23-04-2020,"On the off-chance you'have a reason to visit Punggol Plaza, I recommend wearing disposable gloves and bringing your own pen.  They're insisting that all customers sign in with name, IC and telephone number for contact tracing purposes.  But they're using communal pens for everyone."
112,19,(1998) Punggol 21 Plan,21,hx23xu,https://eservice.nlb.gov.sg/data2/BookSG/publish/0/04b108b9-a687-4e2c-a5b1-0bb79da00582/web/html5/index.html?opf=tablet/BOOKSG.xml&launchlogo=tablet/BOOKSG_BrandingLogo_.png&pn=3,11,24-07-2020,
113,19,"More than 2,700 new HDB flats in Punggol Point waterfront district to be launched in September",17,cy644d,https://www.straitstimes.com/singapore/housing/more-than-2700-new-hdb-flats-in-punggol-point-waterfront-district-to-be-launched,5,01-09-2019,
114,19,"Punggol Regional Sports Centre to boast five pools, 5,000-seater football stadium, says Grace Fu",26,hptejo,https://www.straitstimes.com/sport/construction-of-punggol-regional-sport-centre-to-start-soon-but-2023-timeline-may-be-delayed,24,12-07-2020,
115,19,Weird rumbling sound at Punggol/Seng Kang area.,19,ak38de,https://www.reddit.com/r/singapore/comments/ak38de/weird_rumbling_sound_at_punggolseng_kang_area/,5,27-01-2019,Any idea what’s going on?
116,19,"HDB launches 3,373 BTO flats for sale in Tampines and Punggol; buyers to enjoy higher grants",15,d2zgkt,https://www.straitstimes.com/singapore/housing/hdb-launches-3373-bto-flats-for-sale-in-tampines-and-punggol-buyers-to-enjoy,7,12-09-2019,
117,19,"GE2020: In Pasir Ris-Punggol broadcast, PAP offers stable and secure future; PV promises to put people first; SDA says 'enough is enough'",17,hm8wxy,https://www.channelnewsasia.com/news/singapore/ge2020-pasir-ris-punggol-broadcast-pap-peoples-voice-sda-12906306,4,06-07-2020,
118,19,Punggol wyd? ( beer bottles smashed ),16,ih3ktr,https://www.reddit.com/gallery/ih3ktr,10,27-08-2020,
119,19,Sea-facing flats at new waterfront Punggol district to go on sale in August BTO exercise,16,9adqo5,https://www.todayonline.com/singapore/sea-facing-flats-new-waterfront-punggol-district-go-sale-august-bto-exercise,9,26-08-2018,
120,19,Strolling at Punggol Promenade,18,86sew3,https://i.redd.it/ilhrr5283pn01.jpg,2,24-03-2018,
121,19,Cross Island Line – Punggol Extension: Better Rail Connectivity for Punggol and Pasir Ris Residents,15,fgxsw8,https://www.lta.gov.sg/content/ltagov/en/newsroom/2020/march/news-releases/Cross_island_line_Punggol_extension.html,1,11-03-2020,
122,19,"Masterplan for 'digital district' in Punggol North launched; area to generate up to 28,000 tech jobs",16,7sb28b,http://www.straitstimes.com/singapore/masterplan-for-digital-district-in-punggol-north-launched-area-to-generate-up-to-28000,14,23-01-2018,
123,19,"Punggol residents rattled by cracked exterior wall of housing block, HDB says no structural issues",13,i6h03e,https://www.todayonline.com/singapore/punggol-residents-rattled-cracked-exterior-wall-housing-block-hdb-says-no-structural,5,09-08-2020,
124,19,Punggol East LRT platform undergoes urgent maintenance after crack found on track,14,eml5sn,https://www.todayonline.com/singapore/punggol-east-lrt-platform-undergoes-urgent-maintenance-after-crack-found-track,2,10-01-2020,
125,19,Unlisted video featuring Punggol Waterway precinct,13,90oyvc,https://youtu.be/Xy93TeF8A90,4,21-07-2018,
126,19,"GE2020: Peoples Voice party to contest 5 constituencies, including Jalan Besar and Pasir-Ris Punggol GRCs",13,hfgcb8,https://www.straitstimes.com/politics/ge2020-peoples-voice-party-to-contest-five-constituencies-including-jalan-besar-and-pasir?utm_medium=Social&utm_campaign=STFB&utm_source=Facebook&fbclid=IwAR20PN7VeInxS7HxlhS-Aok2Q-pQMu2rWBpJ9EYBOZwQv_E6fo_xLuNRCGw#Echobox=1593058246,25,25-06-2020,
127,19,Chemical burnt smell in Punggol,11,7r7e5d,https://www.reddit.com/r/singapore/comments/7r7e5d/chemical_burnt_smell_in_punggol/,5,18-01-2018,"We just moved to Punggol over Christmas and we’ve noticed that a lot of the time there is this chemical burnt smell in the air that is irritating to our throats. We read that it’s from Johor but the articles start from years ago, the latest being last September. Has this smell just come back recently or has it always been like this? What can we do about it? How do we lodge a complaint?"
128,19,"Man, 66, arrested for exposing himself to women at Punggol Field Road bus stop",10,hwdzdk,https://mothership.sg/2020/07/man-expose-genitals-punggol-field/,11,23-07-2020,
129,19,Best Mutton Biryani in Singapore (Preferably near Punggol)?,11,i0li72,https://www.reddit.com/r/singapore/comments/i0li72/best_mutton_biryani_in_singapore_preferably_near/,19,30-07-2020,apologies if this isn't the correct subreddit to ask this but I'm a newly shifted expat from India and was hoping to get some tasty and authentic mutton biryani for tomorrow. any reccomendations?
130,19,"Man charged with keeping 4 tarantulas in Punggol flat, importing 8 others",20,if25q2,https://www.todayonline.com/singapore/man-charged-keeping-4-tarantulas-punggol-flat-importing-8-others,11,23-08-2020,
131,19,Is campaignig supposed to start? Had some a PAP candidate go door to door in punggol,9,hgvgak,https://www.reddit.com/r/singapore/comments/hgvgak/is_campaignig_supposed_to_start_had_some_a_pap/,7,27-06-2020,"This is the first election i'll be voting in (Was overseas most my life) - just was curious given there's supposed to be a specific campaigning period where they do this right? 

Granted she just gave her card and just saying she was a nominee in the election then moved on quickly. She was walking about with a full team though and it seemed a bit intimidating and out of the blue. Seemed weird - am curious to know if this is something to expect more of or if its not supposed to ramp up till after the nomination day? 

Appreciate any clarification!"
132,19,Kayaking to Pulau Ubin from Punggol?,7,bza8f9,https://www.reddit.com/r/singapore/comments/bza8f9/kayaking_to_pulau_ubin_from_punggol/,3,11-06-2019,"There are so many housing estates popping up along Punggol Waterway and Straits of Johor and I was wondering if it's possible (permits from MPA, PUB, Police Coast Guard required?) to kayak from one's home to Pulau Ubin. Decathlons sells a bunch of inflatable kayak and life vests. A leisurely sunday afternoon kayak session would be nice."
