,district_num,title,score,id,url,comms_num,created,body
0,3,What is this thing? Spotted at queenstown.,78,jtzp0f,https://www.reddit.com/gallery/jtzp0f,26,14-11-2020,
1,3,Five-room HDB flat in Queenstown area sells for record $1.1 million,77,8swbtr,https://www.tnp.sg/news/singapore/five-room-hdb-flat-queenstown-area-sells-record-11-million,33,22-06-2018,
2,3,"HDB to launch 17,000 BTO flats in 2021, including in Bidadari, Queenstown and Geylang",45,khab0j,https://www.straitstimes.com/singapore/housing/hdb-to-launch-17000-bto-flats-in-2021-including-in-bidadari-queenstown-and-geylang,14,21-12-2020,
3,3,Queenstown could get 5000 new flats by 2027,29,dijji2,https://www.straitstimes.com/singapore/queenstown-could-get-5000-new-flats-by-2027?utm_source=emarsys&utm_medium=email&utm_campaign=ST_Newsletter_AM&utm_term=Queenstown+could+get+5%2C000+new+HDB+flats+by+2027&utm_content=16%2F10%2F2019,6,16-10-2019,
4,3,Queenstown Stadium,21,8a91fm,https://i.redd.it/uwbo4uwl6aq01.jpg,6,06-04-2018,
5,3,Queenstown stadium. A place where I used to go for LAN gaming.,20,efpugz,https://i.imgur.com/dVRtqFs.jpg,13,26-12-2019,
6,3,Woman suffers multiple injuries in Queenstown slashing incident,17,9ni6af,https://www.channelnewsasia.com/news/singapore/woman-suffers-multiple-injuries-in-queenstown-slashing-incident-10820158,19,12-10-2018,
7,3,Construction worker taken to hospital after concrete beam collapses in Queenstown,11,awig99,https://www.channelnewsasia.com/news/singapore/construction-worker-taken-hospital-after-concrete-beam-falls-11305596,2,02-03-2019,
