,district_num,title,score,id,url,comms_num,created,body
0,2,Shake Shack Mural at Neil Road: Can you spot the hamburger motifs?,111,j94as1,https://i.redd.it/x23ehcfaigs51.jpg,8,11-10-2020,
1,2,2nd Shake Shack outlet at Neil Road,44,el6e07,https://imgur.com/a/JpYZKVb,43,07-01-2020,
2,2,Second Shake Shack burger outlet in Neil Road opens on Feb 7,15,ezc2rs,https://www.straitstimes.com/lifestyle/food/second-shake-shack-burger-outlet-in-neil-road-opens-on-feb-7,8,06-02-2020,
3,2,What's on Shake Shack's Neil Road menu,8,ezqdu4,https://www.straitstimes.com/lifestyle/food/whats-on-shake-shacks-neil-menu,1,06-02-2020,
