,district_num,comment_id,comment_parent_id,comment_body,comment_link_id,created
0,21,erdjnq7,t3_c1hhn1,"Cool sighting of a pair of [Clouded Monitors](http://www.ecologyasia.com/verts/lizards/clouded_monitor.htm) fighting. I haven't been lucky enough to observe this behaviour in Clouded Monitors, I've only seen this in the [Malayan Water Monitors](https://flic.kr/p/9pPZ1M) at [Sungei Buloh](https://youtu.be/lVp9qHLuuS8) so far.

And yes, they're [fighting](https://youtu.be/K_9u-KF3BqI), not mating. This is a [test of strength and endurance](https://youtu.be/Kpb_KOBwn2U) between males, and whoever manages to [pin his rival to the ground](https://youtu.be/jpxgWjj4tKw) wins. It's a way to [sort out the hierarchy](https://youtu.be/gaPk2zrH_KA), and for larger individuals to [demonstrate their dominance](https://youtu.be/Atw_VSdTx-4), without resorting to more violent fights that could result in one or even both of them being fatally wounded. Because of the way these monitors grab each other with the front limbs, you'll often see old males with [lots of scarring](https://flic.kr/p/9pSs77) on the shoulders and upper back.

[Wrestling](https://youtu.be/rvC8qftEA7A) seems to be [prevalent](https://youtu.be/HdQBlXub3iM) in the monitor lizard family; even the Komodo Dragon, largest of the monitor lizards, also [engages in this behaviour](https://youtu.be/m63vUqtFbEE).

[Mating](https://youtu.be/UIfqakHM2L0) in monitor lizards is [a much gentler affair](https://youtu.be/ZJ7XqT0eidw) - you'll see both of them on the ground, with [their tails intertwined](https://youtu.be/ZX30uurdjdw) - the female is below, and she has to [lift her tail up and to the side](https://youtu.be/4pdC2kyZ0Vw) so that her cloaca (the single opening at the base of the tail that reptiles and birds use for pooping, peeing, and mating) can [make contact with the male's](https://youtu.be/pQW6PZL0MiU). The male will then evert his hemipenes (lizards and snakes have two penis-like organs), and insert one of them into the female's cloaca.",t3_c1hhn1,17-06-2019
1,21,erdfkk3,t3_c1hhn1,"Mummy and daddy are just wrestling, dear.",t3_c1hhn1,17-06-2019
2,21,erdduqc,t3_c1hhn1,"""Don't la...here public place""  
""Can la don't worry we are reptiles, no one will notice or bother""  
""But I shy...don't want laaaa""  
""Don't worry la darling, not as if anyone going to take a vid of us doing it""  
  
Little did they know...",t3_c1hhn1,17-06-2019
3,21,erdb5zm,t3_c1hhn1,Striking vipers,t3_c1hhn1,17-06-2019
4,21,erdd3ft,t3_c1hhn1,"they fucking, bro",t3_c1hhn1,17-06-2019
5,21,erdyqay,t3_c1hhn1,"People these days, see people fighting never help stop the fight instead whip out phone to film",t3_c1hhn1,17-06-2019
6,21,erd94cp,t3_c1hhn1,\*Joe Rogan commenting in the background*,t3_c1hhn1,17-06-2019
7,21,erdi29p,t3_c1hhn1,Someone actually video two reptiles making out.,t3_c1hhn1,17-06-2019
8,21,erde07r,t3_c1hhn1,"nice butterfly sweep attempt, but the other lizard posted with its tail. 

... maybe i should get myself a tail, then i'll stop getting flipped on my back.",t3_c1hhn1,17-06-2019
9,21,erd9u8y,t3_c1hhn1,Looks like I need to grow an additional tail to Git gud at bjj,t3_c1hhn1,17-06-2019
10,21,erdnd1c,t3_c1hhn1,Pro ~~bbbj~~ BJJ,t3_c1hhn1,17-06-2019
11,21,erdyluo,t3_c1hhn1,Josephine Teo approves,t3_c1hhn1,17-06-2019
12,21,erdajy5,t3_c1hhn1,Is it some display of aggression or mating ritual? Can nature enthusiast any enlighten me? Thank you!,t3_c1hhn1,17-06-2019
13,21,erdf2hc,t3_c1hhn1,Sweep attempt but other reptile maintains the mount.,t3_c1hhn1,17-06-2019
14,21,erdktgy,t3_c1hhn1,Nsfw pro wrestling.,t3_c1hhn1,17-06-2019
15,21,erdllui,t3_c1hhn1,"ITS TIMEEEEEEEEE!

FOR THE MAIN EVENT!",t3_c1hhn1,17-06-2019
16,21,erdmkmq,t3_c1hhn1,Where is a pool of Jell-o when you need it!,t3_c1hhn1,17-06-2019
17,21,erdn43i,t3_c1hhn1,that’s some next level wrestling,t3_c1hhn1,17-06-2019
18,21,erdnn7y,t3_c1hhn1,Looks like I need to grow a tail too. Incredible base on these two!,t3_c1hhn1,17-06-2019
19,21,erdoswh,t3_c1hhn1,missionary position,t3_c1hhn1,17-06-2019
20,21,erdrbpz,t3_c1hhn1,The beast with two backs....literally.,t3_c1hhn1,17-06-2019
21,21,erdw140,t3_c1hhn1,Godzilla : king of the monsters replica,t3_c1hhn1,17-06-2019
22,21,erdw1pi,t3_c1hhn1,Watching this on slow internet and it suddenly got pixelised,t3_c1hhn1,17-06-2019
23,21,ere13b5,t3_c1hhn1,"Close guard maintained despite sweep attempt, very good",t3_c1hhn1,17-06-2019
24,21,ere2v50,t3_c1hhn1,Godzilla: King of the monster 3,t3_c1hhn1,17-06-2019
25,21,ere7qgf,t3_c1hhn1,"They fuckin

(how can dis b allow?)",t3_c1hhn1,17-06-2019
26,21,erelv99,t3_c1hhn1,Reminds me of the [ozzie reviews](https://www.youtube.com/watch?v=gFBRAcgG2sI),t3_c1hhn1,17-06-2019
27,21,erenllf,t3_c1hhn1,"I saw an absolutely gigantic one the other day at Bukit Timah, thought I was on Komodo island for a second. That thing was insane.",t3_c1hhn1,17-06-2019
28,21,erdlyaj,t1_erdjnq7,"You should start a documentary about singapore wildlife, 10/10 would watch",t3_c1hhn1,17-06-2019
29,21,erdk1dj,t1_erdjnq7,Good bot.,t3_c1hhn1,17-06-2019
30,21,erdo4r2,t1_erdjnq7,keep talking im almost there,t3_c1hhn1,17-06-2019
31,21,erdnc3a,t1_erdjnq7,">Clouded Monitor

Monitor 365",t3_c1hhn1,17-06-2019
32,21,ere4u85,t1_erdjnq7,"So you’re saying these dragons are smart enough to devise a way of street fighting with an agreement of rules where nobody actually gets hurt, yet (in my home country Australia) humans still severely injure or kill each other out the front of nightclubs with punches knocking people out on to concrete.

Why can’t they all just do the dragon wrestle then move on.",t3_c1hhn1,17-06-2019
33,21,erdsa0w,t1_erdfkk3,It’s more like “Don’t worry dear. Daddy is just fighting with the postman over Mummy.”,t3_c1hhn1,17-06-2019
34,21,erdnaje,t1_erdduqc,who will monitor the monitor?,t3_c1hhn1,17-06-2019
35,21,erdokcq,t1_erdduqc,"""HDB staircase, let's go""",t3_c1hhn1,17-06-2019
36,21,erdfals,t1_erdb5zm,That was a weird episode,t3_c1hhn1,17-06-2019
37,21,erg7uc9,t1_erdb5zm,That episode really does get u thinking doesn’t it?,t3_c1hhn1,18-06-2019
38,21,erdjd32,t1_erdd3ft,I want this comment on a T-Shirt,t3_c1hhn1,17-06-2019
39,21,erdc5mh,t1_erd94cp,JR:  🦎 A is trying to get that full mount but 🦎 B is defending well with it's half guard...,t3_c1hhn1,17-06-2019
40,21,erdi9fv,t1_erd94cp,"Fascinating. Jamie, pull that up",t3_c1hhn1,17-06-2019
41,21,erdp5tu,t1_erd94cp,AND IT IS ALL OVERRRRR!!!!!!! WOOOOWWW WOOOWWWWW,t3_c1hhn1,17-06-2019
42,21,erd98br,t1_erd94cp,lmao,t3_c1hhn1,17-06-2019
43,21,erdnnua,t1_erde07r,TAIL PICK,t3_c1hhn1,17-06-2019
44,21,erdkzw6,t1_erde07r,[deleted],t3_c1hhn1,17-06-2019
45,21,erdd6f8,t1_erd9u8y,"Eh a tail would be genuinely good for stability, wouldn't it? Macam got three leg",t3_c1hhn1,17-06-2019
46,21,erdd0x5,t1_erdajy5,paging u/kodomodragon,t3_c1hhn1,17-06-2019
47,21,erdcsuv,t1_erdajy5,Me too. Curious.,t3_c1hhn1,17-06-2019
48,21,erdp4z9,t1_erdlyaj,Voiced by Michelle Chong,t3_c1hhn1,17-06-2019
49,21,ere1l55,t1_erdo4r2,r/cursedcomments,t3_c1hhn1,17-06-2019
50,21,erfx839,t1_erdsa0w,"Sword fighting, excellent display of swordsman ship!",t3_c1hhn1,18-06-2019
51,21,erdg69k,t1_erdfals,now i can’t look at my mate the same way,t3_c1hhn1,17-06-2019
52,21,erdj9l7,t1_erdfals,That was a very weird episode,t3_c1hhn1,17-06-2019
53,21,erdpj8y,t1_erdnnua,loop choke w/ the tail.,t3_c1hhn1,17-06-2019
54,21,ergna6x,t1_erdnnua,Toby Ferguson is the kind of man who'd tail pick his opponents.,t3_c1hhn1,18-06-2019
55,21,erdlf05,t1_erdkzw6,"yea, that's my go-to guard pass actually, though i've been experimenting with floating passes if they try to do the overhead sweep. just been getting caught by butterfly hooks mid-pass by higher belts, that's all.",t3_c1hhn1,17-06-2019
56,21,erddwfk,t1_erdd6f8,"I alrdy have three legs.


( ͡° ͜ʖ ͡°)",t3_c1hhn1,17-06-2019
57,21,erdtrjr,t1_erdp4z9,Hahaha a real stark contrast from Attenborough,t3_c1hhn1,17-06-2019
58,21,erdjojl,t1_erddwfk,"that's fuckin sugoi, my dude. get a tail and you can have 4 point contact!!!",t3_c1hhn1,17-06-2019
59,21,erdusin,t1_erdtrjr,[deleted],t3_c1hhn1,17-06-2019
60,21,ere7ms9,t1_erdusin,"Guys come. Come see. Come see. Here got two big big lizerd sia. You see dis, maybe you tink dey doing heisho heisho, but actually ah, dey not heisho heisho. Trust ahbu me, I tink dey fighting. Dey testing deir power. De more powderful one will win, den de other one will run away. Not bad right? I wonder ah, maybe dey fighting over chiobu me 

*cover mouth act shy* 

ahahahaha joking only joking only",t3_c1hhn1,17-06-2019
61,21,erfyq0f,t1_ere7ms9,Michelle Chong? We need Ah Lian Hokkien voiceovers - we aren’t so tame...,t3_c1hhn1,18-06-2019
62,21,ega0n73,t3_apnzwo,"Thanks, Jovina!",t3_apnzwo,12-02-2019
63,21,dvf78hz,t3_8350a5,That's a road divider,t3_8350a5,09-03-2018
64,21,dvfe8ht,t3_8350a5,"Why is it that all this allegedly ""ghost"" video are blurry af",t3_8350a5,09-03-2018
65,21,dvf7f28,t3_8350a5,3sp00ky5me,t3_8350a5,09-03-2018
66,21,dvfddo6,t3_8350a5,"jialat.. cannot sleep liao...

[tried my best to edit to only the 'ghost' part](https://streamable.com/yqg2w)

---

edit - the [debunk clip](https://streamable.com/d0f5j)

---

credits to the original uploader",t3_8350a5,09-03-2018
67,21,dvf7oib,t3_8350a5,https://www.youtube.com/watch?v=YCw9H4lQeLE,t3_8350a5,09-03-2018
68,21,dvf6vmc,t3_8350a5,"It does look like a woman, but then my friends say it look like traffic camera or a sign also.",t3_8350a5,09-03-2018
69,21,dvf88wc,t3_8350a5,lol thats a road sign ,t3_8350a5,09-03-2018
70,21,dvfcfcb,t3_8350a5,Jay walker.,t3_8350a5,09-03-2018
71,21,dvfczmp,t3_8350a5,Wheres the full video? Cant see sia,t3_8350a5,09-03-2018
72,21,dvfsbj4,t3_8350a5,"That ""ghost"" is trying to cross the road, you can see her walking towards the barricade. Just that her clothes are a little camouflage-y. You can spot her at 0:16, walking towards the barricade where she stood on it and waited for the car to pass.

https://imgur.com/a/bOe8D",t3_8350a5,09-03-2018
73,21,dvf7ww7,t3_8350a5,looks like a cool dude practicing his unicycle skills on the road divider,t3_8350a5,09-03-2018
74,21,dvh0fkw,t3_8350a5,"Do you guys notice all these “ghost videos” are always blurry and indefinite? 

Even when everybody and their uncle and auntie have HD camera phones nowadays? 

If ghosts are really real, there will have been a clear video by now. 

It’s the year 2018, come on everybody let’s think scientifically and rationally! 

*ps* same goes for those miracles that were performed by saints long ago.... no more liao, after everybody started carrying hand phones. Coincidence? I think not. ",t3_8350a5,10-03-2018
75,21,dvfs83d,t1_dvfddo6,so its just a jaywalker,t3_8350a5,09-03-2018
76,21,dvfcwti,t1_dvf7oib,Which camp is this?,t3_8350a5,09-03-2018
77,21,dvicf2d,t1_dvh0fkw,It’s a dash cam. ,t3_8350a5,11-03-2018
78,21,dvgovfk,t1_dvfcwti,Don't know. Once I was researching banshee screams and this clip was added in it.,t3_8350a5,10-03-2018
