,district_num,title,score,id,url,comms_num,created,body
0,21,The resident Buffy Fishing Owl is still fishing along Ulu Pandan canal.,136,kq2wkc,https://i.redd.it/n85yrxmcd9961.jpg,8,04-01-2021,
1,21,A beautiful owl. Almost 0.5 meter head to toe. Wing span almost 1.5 meters easily. But what type of owl is this ? Sighted along Ulu Pandan PCN.,130,cf6g5m,https://i.redd.it/tlmvpsz9y8b31.jpg,12,19-07-2019,
2,21,Inform NParks we need a new 'Otter Crossing' sign at the Ulu Pandan park connector.,65,fd7az5,https://v.redd.it/3xvszk92wkk41,13,04-03-2020,
3,21,Sunset over Ulu Pandan,65,gjgiq4,https://i.redd.it/3x5q0xi18oy41.jpg,3,14-05-2020,
4,21,Positive case of COVID-19 at Ulu Pandan CC,40,fz7ehd,https://i.redd.it/sb9q324ph7s41.png,9,11-04-2020,
