,district_num,title,score,id,url,comms_num,created,body
0,23,Bumblebee @ Choa Chu Kang MRT statiom,146,attx1v,https://i.redd.it/u4hx5xbzjai21.jpg,20,23-02-2019,
1,23,Man puts selfies of his panty-sniffing escapades in Tampines & Choa Chu Kang on Instagram,139,cqqexg,https://mothership.sg/2019/08/instagram-panty-sniffing/,58,15-08-2019,
2,23,"Choa Chu Kang riot: 13 men to be charged after weapons including knife, knuckle dusters used in fight",121,fb5amg,https://www.channelnewsasia.com/news/singapore/choa-chu-kang-riot-men-charged-weapons-12483166,44,29-02-2020,
3,23,6-year-old boy pinned under SMRT bus in Choa Chu Kang accident dies in hospital,95,8lq9fk,https://www.straitstimes.com/singapore/courts-crime/boy-pinned-under-smrt-bus-in-choa-chu-kang-suffers-serious-injuries?xtor=CS3-18,14,24-05-2018,
4,23,"Man, 62, subdued by police in Choa Chu Kang as he refused to wear mask",64,lkl0v1,https://mothership.sg/2021/02/no-mask-police/,54,16-02-2021,
5,23,"Fire breaks out at Concord Primary School in Choa Chu Kang, 1,400 people evacuated",72,evk9m2,https://www.straitstimes.com/singapore/fire-breaks-out-at-concord-primary-school-in-choa-chu-kang-1400-people-evacuated?utm_medium=Social&utm_campaign=STFB&utm_source=Facebook&fbclid=IwAR3lXsmgFDjS1_bmSW30SXYtNdBbCoVZ-19Adc2rDbuCtJsvcm9HlLA4_l0#Echobox=1580285838,17,29-01-2020,
6,23,"Choa Chu Kang durian stall giving free durians to healthcare workers until Feb. 27, 2020",50,f9793h,https://mothership.sg/2020/02/free-durian-healthcare-workers/,20,25-02-2020,
7,23,People in Choa Chu Kang smell anything strange at night?,46,gptdy7,https://www.reddit.com/r/singapore/comments/gptdy7/people_in_choa_chu_kang_smell_anything_strange_at/,37,25-05-2020,"I live in CCK and on some days, especially around 11pm to 1am, there will be this vomit smell. 

Anyone in CCK also notice the smell, or know what’s going on?"
8,23,New Jurong Region Line will connect NTU to existing Choa Chu Kang and Boon Lay stations,45,8i2xt6,https://www.todayonline.com/singapore/new-jurong-region-line-will-connect-ntu-existing-choa-chu-kang-and-boon-lay-stations,25,09-05-2018,
9,23,"Elderly PMA user, 73, hit by taxi while trying to cross road at Choa Chu Kang",40,dxl68b,https://mothership.sg/2019/11/pma-rider-accident-taxi-choa-chu-kang/,30,17-11-2019,
10,23,"Food recommendations in Choa Chu Kang, Yew Tee?",31,d6ntgl,https://www.reddit.com/r/singapore/comments/d6ntgl/food_recommendations_in_choa_chu_kang_yew_tee/,41,20-09-2019,"I live out west and was idly browsing dining options and realised I've no idea about these two areas (Choa Chu Kang and Yew Tee). I've actually not visited these areas as haven't been here too long.  

Wonder if anyone has any recommendations for eating out on Saturday night. Unfortunately I only speak English."
11,23,"Singtel broadband outage reported islandwide, from Tampines to Choa Chu Kang",25,8vyb2m,https://www.straitstimes.com/tech/singtel-broadband-outage-reported-as-early-as-730am,12,04-07-2018,
12,23,"Revamped Choa Chu Kang library opening in second half of 2021, will feature lush greenery & art",25,lws1c2,https://mothership.sg/2021/03/choa-chu-kang-library-opening-2021/,7,03-03-2021,
13,23,Lost wallet in Choa Chu Kang (South view LRT),17,dg5zgr,https://www.reddit.com/r/singapore/comments/dg5zgr/lost_wallet_in_choa_chu_kang_south_view_lrt/,5,11-10-2019,"Hello!

I lost my wallet around the area between South View LRT and Block 250 (around 1.45pm-2.00pm)

 Its a brown Renoma wallet. Contents: Ez-link, $4, handwritten notes, a polaroid, some coins

Please help me spread the word and contact me at this email  '160072.crescent@gmail.com' if you have seen my wallet.

Thank you so much!!"
14,23,"Choa Chu Kang Safra clubhouse to feature sheltered pool, aqua gym when it opens in 2022",8,9vt8wc,https://www.straitstimes.com/singapore/choa-chu-kang-safra-clubhouse-to-feature-sheltered-pool-aqua-gym-when-it-opens-in-2022?utm_medium=Social&xtor=CS1-10&utm_source=Facebook#Echobox=1541843849,1,10-11-2018,
15,23,Bad smoke smell in Choa Chu Kang,7,f4lw41,https://www.reddit.com/r/singapore/comments/f4lw41/bad_smoke_smell_in_choa_chu_kang/,5,16-02-2020,"The smell of smoke is so bad in my area right now, is anyone else affected? My chest is getting super tight"
16,23,"12 May 2020 - Man plays golf at a grass patch in Choa Chu Kang, got confronted",1,gjg1e9,https://youtu.be/NO_lETxv4XA,7,14-05-2020,
