,district_num,title,score,id,url,comms_num,created,body
0,23,Baby squirrels at the Dairy Farm trail,349,e6x4hc,https://v.redd.it/5ugavbgwqz241,12,06-12-2019,
1,23,Chanced upon this flying squirrel (??) at Dairy Farm Nature Park and just only noticed it has a baby!,216,kcaf4i,https://www.reddit.com/gallery/kcaf4i,14,13-12-2020,
2,23,Dairy Farm Quarry,140,keu4jv,https://i.imgur.com/2KumvGN.jpg,3,17-12-2020,
3,23,"Guys, Colugo, I uh, think? It just glided above me when I was going to dairy farm for a night picnic.",37,edpsk7,https://i.redd.it/8dcbqnu3lz541.jpg,18,21-12-2019,
