,district_num,title,score,id,url,comms_num,created,body
0,23,Sketches of Singapore #5: Hillview in Autumn,1493,gom93h,https://i.redd.it/lb58whyhcc051.png,54,23-05-2020,
1,23,Pangolin spotted along Hillview Ave. Little fella was in quite a hurry.,840,ba02gn,https://i.redd.it/jo213f2u7kq21.jpg,55,06-04-2019,
2,23,Anyone know what snake this is? Found near Hillview MRT at the train tracks. About 20-25 cm long.,21,9n7gxw,https://i.redd.it/97f2f40v2ir11.jpg,16,11-10-2018,
3,23,This evening's dramatic sunset from Hillview.,7,8ul5k7,https://i.redd.it/friqzil6or611.jpg,3,29-06-2018,
4,23,Best study spot around Hillview/Beauty World,0,ev35zg,https://www.reddit.com/r/singapore/comments/ev35zg/best_study_spot_around_hillviewbeauty_world/,14,28-01-2020,I am looking for a place to study my Insurance exams. Maybe a place which don't have a lot of distraction and not loud music. Can be a cafe/study zone etc but I don't know any good ones. Any fav places?
