,district_num,comment_id,comment_parent_id,comment_body,comment_link_id,created
0,26,f5w9bes,t3_dpljf0,"wow very high security.

i wonder what they've got hiding down there 🤔🧐🤔🧐",t3_dpljf0,31-10-2019
1,26,f5z5dfe,t3_dpljf0,Oh. This is Ayam Brand's HQ in Singapore,t3_dpljf0,01-11-2019
2,26,f6041qq,t3_dpljf0,"Cant see anything, what's this?",t3_dpljf0,01-11-2019
3,26,f5wjbt3,t3_dpljf0,Thought that was a pokeball,t3_dpljf0,31-10-2019
4,26,f5w9vct,t1_f5w9bes,"Probably

Ayam Brand Chili Tuna.",t3_dpljf0,31-10-2019
5,26,f5wfevr,t1_f5w9bes,Top notch sardines,t3_dpljf0,31-10-2019
