,district_num,title,score,id,url,comms_num,created,body
0,26,Primate researchers call for protection of forest patch used by SAF along Upper Thomson for critically endangered Raffles’ banded langur,118,gqrrvc,https://www.todayonline.com/singapore/primate-researchers-call-protection-forest-patch-used-saf-along-upper-thomson-critically,15,26-05-2020,
1,26,"This poster along Upper Thomson Road (Near to Thomson Plaza) caught my attention since my family has a Pet Grey Parrot as well. I think chances are slim to find her, but here's hoping for them.",88,jjjmz8,https://i.redd.it/3o89hrmrjsv51.jpg,18,28-10-2020,
2,26,Abandoned house in Upper Thomson where skeletal remains of two sisters were found going up for state auction,77,7zo0fq,http://www.straitstimes.com/singapore/abandoned-house-where-skeletal-remains-were-found-going-up-for-state-auction,18,23-02-2018,
3,26,"Injured motorcyclist sues LTA, NParks over sambar deer collision in Upper Thomson",52,k4bflb,https://www.straitstimes.com/singapore/injured-motor-cyclist-sues-lta-nparks-over-sambar-deer-collision-in-upper-thomson,56,01-12-2020,
4,26,Baby macaques at Upper Thomson play with discarded bubble tea cups,25,ifpgyi,https://mothership.sg/2020/08/macaques-play-bubble-tea-cup/?fbclid=IwAR19pihp2BCKi_Rn1RS1A28RLN8kWVRJwAM84kxh4t-zTFX9OazwMRzgN2g,8,24-08-2020,
5,26,Man and woman taken to hospital after Lamborghini and van collide at Upper Thomson Road - Stomp,8,hqg6ib,https://stomp.straitstimes.com/singapore-seen/man-and-woman-taken-to-hospital-after-lamborghini-and-van-collide-at-upper-thomson,4,13-07-2020,
