,district_num,title,score,id,url,comms_num,created,body
0,24,'We have not come across one tree itself that has demanded an apology': JTC Corporation on Kranji woodland,1213,lmp8e7,https://i.redd.it/yb2l43g789i61.jpg,81,18-02-2021,
1,24,"Wreaths placed at Kranji War Memorial on November 11, 2018, marking 100 years since the end of World War I.",869,9w17t8,https://i.redd.it/pnp86tryvmx11.jpg,77,11-11-2018,
2,24,Lim Jialiang: This was sent to me by a friend who decided to take a look at satellite imagery to show the extent of the illegal deforestation that happened at Kranji. I find it extremely unlikely that the work continued unabated for 6 months (since August 2020) without a site visit from JTC.,584,llxitu,https://twitter.com/lim_jialiang/status/1361966055292211202?s=21,65,17-02-2021,
3,24,Situation at Kranji right now,378,eb7el2,https://i.redd.it/8dnpj0145w441.jpg,64,16-12-2019,
4,24,We Interview The Guy Who Accidentally Cleared the Kranji Forest,341,lq8rmy,https://www.youtube.com/watch?v=RhQa0tVMbZ0,31,23-02-2021,
5,24,Don't shift responsibility for Kranji woodland clearance to contractor: Former HDB deputy CEO wrote in Zaobao,319,lou6zi,https://mothership.sg/2021/02/kranji-forest-responsibility-former-hdb-ceo/,46,21-02-2021,
6,24,"With no place to stay, some Malaysian workers sleeping rough near Kranji MRT Station",266,fl09b1,https://www.todayonline.com/singapore/no-place-stay-some-malaysian-workers-sleeping-rough-near-kranji-mrt-station?fbclid=IwAR3_UGRZsSXx2UCdTcFbGqPhty8k4K63YKi85h5v3R4N0XbPV-K4tDilEIE,68,19-03-2020,
7,24,SAF regular dies after own physical training at Kranji Camp,277,lsu3q5,https://www.channelnewsasia.com/news/singapore/kranji-camp-saf-regular-dies-own-physical-training-mindef-14288760,56,26-02-2021,
8,24,"ITAP - ""Beneath this cross lie 94 British, 6 Malayan, 5 Indian, 2 Australian soldiers and 300 civilians of many races, victims of man's inhumanity to man, who perished in captivity in February 1942. The soldiers are commemorated by name at Kranji War Cemetery.""",266,bvgukc,https://i.redd.it/qsarxa7u5o131.jpg,8,01-06-2019,
9,24,"JTC: Forested land at Kranji was 'erroneously' cleared, stern warning issued to contractor",267,ll1c47,https://mothership.sg/2021/02/kranji-forest-cleared-wrongly/,85,16-02-2021,
10,24,Kranji Woodlands - A difference of 2 years (Photo from FB),230,ljw2yf,https://i.redd.it/x5vhs8wj1ih61.jpg,58,15-02-2021,
11,24,Satellite images show over 8ha of Kranji woodland was cleared almost a year before JTC knew,195,lmkpec,https://www.straitstimes.com/singapore/satellite-images-show-over-8ha-of-kranji-woodland-was-cleared-almost-a-year-before-jtc?utm_medium=social&utm_source=telegram&utm_campaign=sttg,37,18-02-2021,
12,24,Foreign worker charged with raping university student near Kranji War Memorial,179,bpne9e,https://www.straitstimes.com/singapore/courts-crime/foreign-worker-charged-with-raping-university-student-near-kranji-war,64,17-05-2019,
13,24,Cleared Kranji woodlands a key connector for animals: Experts,162,lmda8f,https://www.straitstimes.com/singapore/environment/cleared-kranji-woodlands-a-key-connector-for-animals-experts-0,47,18-02-2021,
14,24,NParks investigating after swathes of Kranji Woodland along rail corridor were cleared by mistake,147,ll2pzt,https://www.straitstimes.com/singapore/nparks-investigating-after-swathes-of-kranji-woodland-along-rail-corridor-were-cleared-by,26,16-02-2021,
15,24,Need help identifying abandoned road/bridge in Kranji,133,cismcc,https://i.redd.it/vk22u6w6ozc31.jpg,27,28-07-2019,
16,24,JTC accepts ‘supervisory responsibilities’ for Kranji woodland site; about 4.5ha cleared by mistake,102,lpjl4v,https://www.channelnewsasia.com/news/jtc-kranji-woodland-clearance-error-investigation-review-14255944?cid=FBcna&fbclid=IwAR3NmwiQw8YVWkgKFCZOl7jncWyvuQLx3yXtL0MAHy-6easTZEkWQKKQ16A,54,22-02-2021,
17,24,Escaping Singapore’s Rat Race at the Most Ulu Resort In Kranji - RICE,70,kliko1,https://www.ricemedia.co/culture-travel-life-escaping-singapores-rat-race-at-most-ulu-resort-kranji/,7,28-12-2020,
18,24,How about some greenery? (Kranji Marshes),53,baj7q0,https://i.redd.it/85emcu3avvq21.jpg,4,08-04-2019,
19,24,Kranji Express Bus service has ceased operations after 10 years,45,ku6iva,https://mothership.sg/2021/01/kranji-express-bus/,22,10-01-2021,
20,24,Kranji Countryside Express bus just terminated,42,ks87ss,https://www.reddit.com/r/singapore/comments/ks87ss/kranji_countryside_express_bus_just_terminated/,3,07-01-2021,"Just found out about it.  Harder to visit farms now.

[http://kranjicountryside.com/plan-your-visit/transport](http://kranjicountryside.com/plan-your-visit/transport)

 

>< ***With a heavy heart, the Kranji Express Bus service  will cease operations from Jan 2021. It has been a great 10 years  running this service but all good things have to come to an end.***  
>  
>***We sincerely thank everyone who has supported this service.***   ***The last day of service is 31 December 2020. >***"
21,24,Kranji Mudflats - 2011,38,9mcjq8,https://i.redd.it/og9hw4f7qwq11.jpg,5,08-10-2018,
22,24,"Was on the MRT from Kranji to Yew Tee, but a system/track fault caused it to gostan back one station for passengers to alight.",47,eb7363,https://i.imgur.com/uTCzRmg.jpg,57,16-12-2019,
23,24,"Coronavirus: 66 new cases, 2 new clusters at Little Gems Preschool and Kranji Lodge workers' dormitory",37,fw0r2j,https://www.straitstimes.com/singapore/coronavirus-66-new-cases-2-new-clusters-at-little-gems-preschool-and-kranji-lodge-workers,11,06-04-2020,
24,24,4 arrested after drone carrying drugs spotted over Kranji Reservoir Park,37,hcjtpb,https://www.channelnewsasia.com/news/singapore/drone-drug-trafficking-arrest-kranji-reservoir-park-12854538,12,20-06-2020,
25,24,Things to do at Kranji,31,htc7kx,https://www.reddit.com/r/singapore/comments/htc7kx/things_to_do_at_kranji/,21,18-07-2020,"I've been feeling a strong urge to explore the more rural, ""natural"" parts of Singapore for a long time now, but always have been too busy with schoolwork to actually go out and bother exploring.

Soon though, I'm going to be able to have a break from school and I plan on using it to explore the Kranji area because I heard it has a ton of beautiful places to explore (ie Kranji Marshes) 

I'm still new to this, and I really want to hear your opinions on where I can visit in Kranji to explore nature. If it helps, I'm looking to just explore beautiful bits of... nature (??) 

&#x200B;

Looking forward to your replies <3"
26,24,"Audrey Tan on Twitter: Kranji issue: JTC sets out timeline for development works, said works started in March 2020 but that 4.5ha cleared in Dec were of land not yet slated/approved for clearance yet.",37,lpockq,https://twitter.com/audreytrp/status/1363776510478352385?s=21,1,22-02-2021,
27,24,Bangladeshi worker found dead at Kranji dormitory: report,28,gmitwz,https://sg.news.yahoo.com/bangladeshi-worker-found-dead-at-kranji-dormitory-report-044951774.html,12,19-05-2020,
28,24,"Exploring Singapore by Brompton: Kranji (crocodiles, goats and Bollywood) 騎小布探索克蘭芝 (有中文字幕)",30,il4c7d,https://youtu.be/ZfMAV5Imabo,6,02-09-2020,
29,24,66 new COVID-19 cases in Singapore; 2 new clusters at Little Gems Preschool and Kranji Lodge,25,fw0qim,https://www.channelnewsasia.com/news/singapore/new-covid-19-cases-in-singapore-apr-6-coronavirus-12614134,10,06-04-2020,
30,24,"Exploring Singapore by Brompton: Kranji (crocodiles, goats and Bollywood...",25,iea6tl,https://www.youtube.com/watch?v=ZfMAV5Imabo&feature=share,3,22-08-2020,
31,24,[NS] BMT at Kranji Camp II for PES C? What's your experience?,16,arvnaf,https://www.reddit.com/r/singapore/comments/arvnaf/ns_bmt_at_kranji_camp_ii_for_pes_c_whats_your/,60,18-02-2019,"Hi, got my enlistment letter. Says to come to BMTC Sch V at Kranji Camp II, I'm PES C. Any advice on what to bring, what you do there, what the camp is like etc? Thanks. "
32,24,Kranji Camp BMT,7,cqk69q,https://www.reddit.com/r/singapore/comments/cqk69q/kranji_camp_bmt/,42,15-08-2019,R we allowed to bring in earbuds to listen to music for bmt? Was thinking of bringing galaxy buds or the wires ones. Are they allowed in camp?
33,24,My BMT is at Kranji Camp II. What does that mean?,5,9o86tz,https://www.reddit.com/r/singapore/comments/9o86tz/my_bmt_is_at_kranji_camp_ii_what_does_that_mean/,44,15-10-2018,I'm PES C and I just got my enlistment letter to go report to Kranji Camp II. The letter also came from army logistics training institute. What will I be doing there and what vocations can I do. Does this mean I will not be able to handle firearms in my NS time? They never told me why I got PES C and I don't want to be super bored and waste my NS time so I want to try to up PES if the only vocations I can get are clerk or other non-physically active ones.
34,24,how is the pes e bmt at kranji 5 camp,5,ffrud0,https://www.reddit.com/r/singapore/comments/ffrud0/how_is_the_pes_e_bmt_at_kranji_5_camp/,37,09-03-2020,"im enlisting at kranji 5 on 2 april and would like to know whats the experience like for pes e1 people. how is the food? how hard is physical training for pes e, how much free time do you have? if you are stayout, when do yu leave during bmt. whats the most likley vocation you get etc 

thanks!"
35,24,PES C kranji camp,4,aev7ic,https://www.reddit.com/r/singapore/comments/aev7ic/pes_c_kranji_camp/,36,11-01-2019,"I just receive my enlistment letter, I'm supposed to report to Kranji camp 3 months from now. I'm currently PES C and excuse ration due to food allergy to crustaceans. I've inquired on the process on up pes-ing awhile before this but haven't followed up on the process due to work commitments. I don't really want to go to Kranji camp because I live in the east and Pasir Ris interchange is just 15mins away. 

I just want to ask if anyone knows I can get my pes status changed before reporting date and go for normal BMT? or do I have to report to Kranji and finish BMTC before my pes can be change? 

Also will be grateful if anyone could share their experience on up-ing their pes after enlistment"
36,24,"Moving to SG, my workplace in Kranji, GF workplace in Bendemeer, recommend stay where?",4,e50gq8,https://www.reddit.com/r/singapore/comments/e50gq8/moving_to_sg_my_workplace_in_kranji_gf_workplace/,8,02-12-2019,Thanks in advance
37,24,Pes C2 reporting to kranji camp soon. What should I expect?,0,egnfht,https://www.reddit.com/r/singapore/comments/egnfht/pes_c2_reporting_to_kranji_camp_soon_what_should/,18,28-12-2019,"Enlisting next friday 3rd jan, what kind of PT/training will we be going through and what are the important stuff to bring? Any other tips and tricks to power through ns is welcomed too. Thanks in advance"
38,24,"PES E enlistment at Kranji 2, BMTC V",0,9nk6fo,https://www.reddit.com/r/singapore/comments/9nk6fo/pes_e_enlistment_at_kranji_2_bmtc_v/,22,12-10-2018,"Enlisting in January fml. Thought I wasn't as my friends received their letters earlier. What can I expect to do there? Do I have to stay in or do I get to torture myself with a long af train ride to and from Bedok?

Edit: Just to add, a classmate lives in Choa Chu Kang so there's a possibility I can stay there? At least he does not mind.

Also the letter says it is a 9 week stay in course wtf. PES E1 still gotta stay in? What for?"
39,24,Kranji Woodland was formerly a barren land back in 2008 based on satellite images,0,lpjuap,https://www.fathership.co/kranji-woodland-was-formerly-a-barren-land-back-in-2008-based-on-satellite-images,18,22-02-2021,
