,district_num,title,score,id,url,comms_num,created,body
0,24,Grab shuttle bus on trial for Sungei Gedong. Good or bad idea?,238,975cjy,https://i.redd.it/14daq3o4kzf11.jpg,81,14-08-2018,
1,24,Sungei Gedong,123,8hn4vs,https://i.imgur.com/Ov2os6V.jpg,40,07-05-2018,
2,24,Genuine question: How do I get out of Sungei Gedong Camp?,54,ddmjhx,https://www.reddit.com/r/singapore/comments/ddmjhx/genuine_question_how_do_i_get_out_of_sungei/,51,05-10-2019,"I have an ICT in Sungei Gedong coming up.  From what I remember, there’s no issue booking a cab to get in, but the trouble comes when I need to get out.  No taxi/PHV wants to drive in for a booking.

The 975 bus takes forever.

Are there any new forms of outgoing transport now?  Like maybe a private bus or something going to a MRT station.

Thanks."
3,24,Any Grab service from Sengkang to Sungei Gedong camp? :D,1,aejg96,https://www.reddit.com/r/singapore/comments/aejg96/any_grab_service_from_sengkang_to_sungei_gedong/,10,10-01-2019,"I going back camp for HSP at Medical Centre. Used to drive to camp, but now no more car. :P So wondering if got an affordable way to head to camp but just not by SBS or Train. :D"
