,district_num,title,score,id,url,comms_num,created,body
0,5,Missing Bird? Flew on my family at Beach Road prawn Mee. Acts a lil too domesticated to be a stray,726,kyyp07,https://i.redd.it/bvku23igetb61.jpg,48,17-01-2021,
1,5,Real bad flooding at Shears Bridge from Beach Road.,182,bw83du,https://i.redd.it/h6rpu44nk3231.jpg,33,03-06-2019,
2,5,Otter pup abandoned by Bishan family at Beach Road euthanised after all possible options exhausted,98,kupy69,https://mothership.sg/2021/01/otter-eve-euthanised/,48,11-01-2021,
3,5,Super brave volunteers clean up Beach Road HDB unit nicknamed ‘Kingdom of Cockroaches’,76,dkwk1r,https://mothership.sg/2019/10/beach-road-rental-flat-cockroaches/?fbclid=IwAR3LLnPHrXKOawo4hwbDDo7Yn55ZiqLgvZ--skCA0CgZLcjwvUKG5lWpML0,32,21-10-2019,
4,5,Shock in Beach Road: Raw meat dried on air-con vent outside HDB flat attracted pests,44,a52qr0,https://www.tnp.sg/news/singapore/raw-meat-dried-air-con-vent-outside-hdb-flat-attracted-pests,15,11-12-2018,
5,5,Man charged over alleged murder of 67-year-old man in Beach Road,27,it40xz,https://www.straitstimes.com/singapore/courts-crime/man-charged-over-beach-road-murder,6,15-09-2020,
6,5,Photo of the new Citygate mixed development on Beach Road,20,d3ooy2,https://i.redd.it/gcoj9yr2xcm31.jpg,12,13-09-2019,
7,5,Man to be charged with murder after fight along Beach Road,14,isgjhm,https://www.channelnewsasia.com/news/singapore/beach-road-fight-murder-13109064,4,14-09-2020,
