,district_num,title,score,id,url,comms_num,created,body
0,5,City Hall MRT in 2001 - From the movie 'Fulltime Killer',548,iee7f5,https://v.redd.it/ivpzye3b9ii51,96,22-08-2020,
1,5,Just seen at City Hall MRT. Has it really come to this? :(,188,a7l34c,https://i.redd.it/f87rscwpj7521.jpg,155,19-12-2018,
2,5,Took this pic @ Capitol (City Hall).Love the fact that I took this at 12am and it was deserted,147,hha9kw,https://i.redd.it/dbsqy4dbrl751.jpg,10,28-06-2020,
3,5,Being approached by strangers in city hall MRT,104,kfh9v4,https://www.reddit.com/r/singapore/comments/kfh9v4/being_approached_by_strangers_in_city_hall_mrt/,65,18-12-2020,"Has anyone been approached by some chinese speaking individuals commenting on e.g. their nice bag? They’ll then try to make small talk on the MRT and follow you and ask for your name and phone number to “befriend” you?

Happened to me once but I shook them off quickly, today I saw it happening to another lady again. Same method of approaching and making small talk.

Any idea what’s going on?"
4,5,PSA for the city hall zone.,55,cnh07w,https://i.redd.it/wrmbi5d3r5f31.jpg,24,08-08-2019,
5,5,City Hall-Orchard Singapore MRT March 1991,52,jbtil2,https://www.youtube.com/watch?v=Xp6LFZzOss0,39,16-10-2020,
6,5,Huge Grab advert taking up this corner of the City Hall MRT station.,45,eb7t53,https://i.imgur.com/1VlHZvZ.jpg,22,16-12-2019,
7,5,"Is Peninsula Plaza still a decent place to look for soccer boots? If not, any recommendations around City Hall/Bugis area?",4,ajayhf,https://www.reddit.com/r/singapore/comments/ajayhf/is_peninsula_plaza_still_a_decent_place_to_look/,11,24-01-2019,Title. Looking for boys soccer boots to be exact. 
8,5,Does anyone know a good wedding reception venue around City Hall?,0,ee0waf,https://www.reddit.com/r/singapore/comments/ee0waf/does_anyone_know_a_good_wedding_reception_venue/,12,22-12-2019,"My fiancée and I are going to have our wedding at a church close by and unfortunately the reception hall isn’t large enough for all our guests.

If anyone has any suggestions for nice locations where we can host ~300 guests, that would be really helpful! TIA!"
9,5,"waddis, at city hall today",0,c3ltlp,https://i.redd.it/khhatweqgu531.jpg,10,22-06-2019,
