,district_num,comment_id,comment_parent_id,comment_body,comment_link_id,created
0,5,gjjkqpr,t3_kyyp07,"That's a budgie! (an adult female one FYI) Definitely someone's pet as there are no such thing as wild budgies here.

Please keep it safe and not let it fly away. Do get bird seeds for budgies if you can from a pet shop! Give it lots of water too. From the picture, she looks very tired and hungry!

There is a ""lost and found birds sg"" group on Facebook. Might be able to get a hold of its owner there.",t3_kyyp07,17-01-2021
1,5,gjjteou,t3_kyyp07,Congrats you have been chosen to be a Disney Princess,t3_kyyp07,17-01-2021
2,5,gjk62sy,t3_kyyp07,"Be careful, these birds are worth a little bit of money and there will be people (desperate or malicious I can’t tell) who just want a free bird. Had a similar experience myself when a gorgeous African Grey flew into the office once and we received so many calls from potential owners who seemed to be trying their luck.",t3_kyyp07,17-01-2021
3,5,gjji6dp,t3_kyyp07,If this is yours please don’t hesitate to PM me,t3_kyyp07,17-01-2021
4,5,gjjrz27,t3_kyyp07,I wish I could be blessed by a bird landing on my hand ;A;,t3_kyyp07,17-01-2021
5,5,gjjj1qy,t3_kyyp07,Aww poor thing.,t3_kyyp07,17-01-2021
6,5,gjjmpjr,t3_kyyp07,"As someone who lost their bird twice, you will be their favourite person for saving their pet bird.",t3_kyyp07,17-01-2021
7,5,gjjn7lg,t3_kyyp07,So cute,t3_kyyp07,17-01-2021
8,5,gjjonpd,t3_kyyp07,Your dress checks out.,t3_kyyp07,17-01-2021
9,5,gjo64ch,t3_kyyp07,there’s a bird owner in punggol searching for a bird similar to the picture above! i can pm u the missing poster if ud like,t3_kyyp07,18-01-2021
10,5,gjjz3k4,t3_kyyp07,You’re a Disney princess now,t3_kyyp07,17-01-2021
11,5,gjlnxlj,t3_kyyp07,"Poor budgie.. Must have flown out of the window or something and didn't know how to get back home :( be sure to check those lost and found birds group on Facebook, as sometimes the owners would put out posts looking for their bird.

I was in a similar situation a few months ago where my lovebird flew out a window and I never got him back, despite putting out posters daily. I was so sad and I wouldn't doubt this budgie's owner is too 😢 I hope he gets home safely ❤️",t3_kyyp07,17-01-2021
12,5,gjjxvsx,t3_kyyp07,Do not say the hokkien word for this,t3_kyyp07,17-01-2021
13,5,gjlm0a2,t3_kyyp07,There is a missing pet bird sign near my house.  Tomorrow I’ll try to find it and see if it matches.,t3_kyyp07,17-01-2021
14,5,gjlnj54,t3_kyyp07,Nice.,t3_kyyp07,17-01-2021
15,5,gjmfyaz,t3_kyyp07,Aww what a cutie! 💫,t3_kyyp07,17-01-2021
16,5,gjor0gu,t3_kyyp07,You're A Princess Harry,t3_kyyp07,18-01-2021
17,5,gjjvodn,t3_kyyp07,Hey is lanjiao,t3_kyyp07,17-01-2021
18,5,gjo2q51,t3_kyyp07,Love your outfit where'd you get it,t3_kyyp07,18-01-2021
19,5,gjl97bd,t3_kyyp07,"Who cares, just adopt it.",t3_kyyp07,17-01-2021
20,5,gjo059c,t3_kyyp07,That is a cute Lan jiao on your hand.,t3_kyyp07,18-01-2021
21,5,gjjl65t,t1_gjjkqpr,Will do! Tysm for the advice!,t3_kyyp07,17-01-2021
22,5,gjk39fn,t1_gjjkqpr,Try to keep it safe because I've seen crows attack and kill such birds. Might also be why it flew to humans - associated them with protection and shelter,t3_kyyp07,17-01-2021
23,5,gjli367,t1_gjjkqpr,It’s this where the Australian expression Budgie Smuggler comes from?,t3_kyyp07,17-01-2021
24,5,gjo1sqp,t1_gjjkqpr,Are there not wild budgies in Singapore? I've seen flocks of them flying around. Especially around Seletar Airbase area.,t3_kyyp07,18-01-2021
25,5,gjjtwpx,t1_gjjteou,Dress code checks out,t3_kyyp07,17-01-2021
26,5,gjk9vyd,t1_gjk62sy,"I wonder how to proof sioh, does the birds react to their name or something, the best i can think of is photographs unless they are chipped?",t3_kyyp07,17-01-2021
27,5,gjowlgh,t1_gjk62sy,"Budgies are cheap, like $50 or less",t3_kyyp07,18-01-2021
28,5,gjk0dsl,t1_gjjrz27,If you want I can put my bird on your hand ( ͡° ͜ʖ ͡°),t3_kyyp07,17-01-2021
29,5,gjoyvmh,t1_gjo64ch,Yea that’ll be great!,t3_kyyp07,18-01-2021
30,5,gjkejbt,t1_gjjxvsx,Lan Jiao....hehehe,t3_kyyp07,17-01-2021
31,5,gjk4nj8,t1_gjjvodn,Lost your kukubird?,t3_kyyp07,17-01-2021
32,5,gjk2laz,t1_gjjl65t,"The sweetie looks very tired alright, I hope it's safe now.",t3_kyyp07,17-01-2021
33,5,gjjud6i,t1_gjjl65t,You better not budge!,t3_kyyp07,17-01-2021
34,5,gjp51ek,t1_gjo1sqp,"Likely you mistaken those flocks for something else. I am not an expert in our local wild birbs by any means, but if I have to guess, the [black naped oriole](https://encrypted-tbn0.gstatic.com/images?q=tbn:ANd9GcTDwG6CEpA6brEnk3a38quYhKWpAQg3QwGt8w&usqp=CAU) are similarly sized and looks alot like yellow budgies from afar.",t3_kyyp07,18-01-2021
35,5,gjowhcr,t1_gjo1sqp,Maybe it's other birds that look similar but AFAIK no wild budgies,t3_kyyp07,18-01-2021
36,5,gjkeh86,t1_gjk9vyd,"Some birds are microchipped, can go to specialised vet clinic to get it done but bird must be of certain size n above b4 it can be done. Otherwise look for leg rings",t3_kyyp07,17-01-2021
37,5,gjk0f9n,t1_gjk0dsl,Cursed.,t3_kyyp07,17-01-2021
38,5,gjlngcr,t1_gjk0dsl,Nice.,t3_kyyp07,17-01-2021
39,5,gjo772y,t1_gjk0dsl,"[This is OP, ready?](https://upload.wikimedia.org/wikipedia/en/3/3b/Edwardscissorhandsposter.JPG)",t3_kyyp07,18-01-2021
40,5,gjp7jat,t1_gjp51ek,"Ah, the ones I saw are mostly greenish with their relatively sharp tails during flight. 
The black markings on the oriole is definitely a giveaway if it were them.",t3_kyyp07,18-01-2021
41,5,gjklrxq,t1_gjkeh86,Yeah the one we “captured” had a leg ring. Many claimed they couldn’t remember the alpha numeric sequence engraved on the leg ring.,t3_kyyp07,17-01-2021
42,5,gjk1gho,t1_gjk0f9n,Just 2 fingers needed really,t3_kyyp07,17-01-2021
43,5,gjkszjr,t1_gjklrxq,"Wah Lao, can buy Toto number leh...these kind of birds are often used in fortune telling",t3_kyyp07,17-01-2021
44,5,gjlwsli,t1_gjklrxq,I'm a bird owner and to be honest I also dont remember the leg ring number. All I got are photos of my birbs. Might be time to start memorizing. 😅,t3_kyyp07,17-01-2021
45,5,gjowngy,t1_gjlwsli,Take photos of the ring lol,t3_kyyp07,18-01-2021
46,5,epvskeu,t3_bw83du,Deep ponding 😆,t3_bw83du,03-06-2019
47,5,epvsx1v,t3_bw83du,50 years has passed. Thank you PAP.,t3_bw83du,03-06-2019
48,5,epvud6o,t3_bw83du,small ponding that happens once every 50 years,t3_bw83du,03-06-2019
49,5,epvw56k,t3_bw83du,"wow clearly a ""Beach"" road👍🏻",t3_bw83du,03-06-2019
50,5,epw1968,t3_bw83du,"dude you’re the first redditor to be credited by SGAG




never thought I’d see the day",t3_bw83du,03-06-2019
51,5,epvtltt,t3_bw83du,"Why does it seem like everytime it rains, some place ""ponds""? The rain today isn't even spectacularly heavy like the one that caused the first ponding incident.",t3_bw83du,03-06-2019
52,5,epvwxtn,t3_bw83du,Who spilled the Milo Peng!?!?,t3_bw83du,03-06-2019
53,5,epvv34h,t3_bw83du,"Ponding only, no issue.",t3_bw83du,03-06-2019
54,5,epvzzba,t3_bw83du,"if u look clearly its considered ponding than flooding , we can still see the wheels.

 report that chap for #fakenews",t3_bw83du,03-06-2019
55,5,epvv74r,t3_bw83du,Just high tide from the beach. Totally natural.,t3_bw83du,03-06-2019
56,5,epy94h1,t3_bw83du,Next time we shld hv GrabBoat.,t3_bw83du,04-06-2019
57,5,epvv1gz,t3_bw83du,P,t3_bw83du,03-06-2019
58,5,epw27xl,t3_bw83du,damnnnnn i didnt know singapore also can ponding one,t3_bw83du,03-06-2019
59,5,epw84t7,t3_bw83du,"You sheared an ""e"" off the bridge's name

&#x200B;

(username checks out)",t3_bw83du,03-06-2019
60,5,epwdllg,t3_bw83du,It used to be part of the sea anyway..,t3_bw83du,03-06-2019
61,5,epwgk9z,t3_bw83du,nice blue boat,t3_bw83du,03-06-2019
62,5,epyd4h7,t3_bw83du,[deleted],t3_bw83du,04-06-2019
63,5,eq1zhy7,t3_bw83du,"Seriously, knee deep water is called flooding?",t3_bw83du,05-06-2019
64,5,epvsprm,t1_epvskeu,"Donch worry, happens only once in 50 years",t3_bw83du,03-06-2019
65,5,epxff62,t1_epvsx1v,PAP can fast forward time. No wonder people still worship them as if they have magical powers.,t3_bw83du,03-06-2019
66,5,epvxlrg,t1_epvw56k,water reclamation,t3_bw83du,03-06-2019
67,5,epvtyzw,t1_epvtltt,"I mean, I hope you realize that SG is still big enough for different areas to experience different weather patterns. It may be raining in the west and south earlier to cause the ponding to happen but a mere drizzle in the north and east sides. 

You can always check NEA MSS for Intel.",t3_bw83du,03-06-2019
68,5,epvvlxm,t1_epvtltt,Ponding is an occurrence... flooding is an incident.,t3_bw83du,03-06-2019
69,5,epw6xkx,t1_epvwxtn,"Joseph Schooling.

This was actually just a mob event to promote Milo as he swims through it within record time.",t3_bw83du,03-06-2019
70,5,epvu4xk,t1_epvsprm,No wonder we're celebrating bicentennial. It's been 200 years already.,t3_bw83du,03-06-2019
71,5,epvu30k,t1_epvsprm,Fuck I’m 350 years old liao...,t3_bw83du,03-06-2019
72,5,epvvfuc,t1_epvsprm,"As an aside, the Unbelievable song has been playing in my head for about an hour now. And I’m even humming it now and then. I blame your flair. Lol",t3_bw83du,03-06-2019
73,5,epvuftj,t1_epvtyzw,"Yeah, it's not just Sheares Bridge too, my neighbour posted that ABC market was flooded as well. Ponding has been getting increasingly common ever since that first recent one that spawned the ""50 years"" comment, and I remember much, much heavier storms in the past that didn't cause ponding. Just wondering if something's up with our drainage infrastructure or what.",t3_bw83du,03-06-2019
74,5,epvujmj,t1_epvuftj,"If that is the case, I'd wager that yes, infrastructure maintenance hasn't been accounting for or adapting to the increased rainfall volumes.",t3_bw83du,03-06-2019
75,5,epw1jyj,t1_epvujmj,"Cutting maintenance fees boost short term gains and push the costs further down the road where it is more expensive to fix. However, those with ambitions will not stay in the organisation long enough to see that day so they have no qualms going for that option. 

Some are just incompetent in not taking the advice of capable engineers or will argue why take their words of caution when there are also engineers evaluating that lowering maintenance fees is ok. More extremely, its like in a worldwide scientific community, you would be willing to choose to side with a few that says global warming aint real and edit your policies accordingly.

To me. This is ethics. This is principles. And this is in the public interest. What are the public servants doing?",t3_bw83du,03-06-2019
76,5,epw473n,t1_epw1jyj,"Uhm, you okay buddy? 

You have to remember that back in the days when the old guards were designing roads, infrastructures and such they would never have been able to anticipate the surge in temperatures resulting in more frequent, heavier rains. They merely designed our current systems within reasonable measures according to the climate back then.

Remember back in the 90s when everyday felt like it was air-conditioned? I certainly don't anymore and that attests to how big of a change over the decade alone has been. Nobody from even the 80s to 2000s would tell you otherwise.

It's not about ethics, principles or public interests. It's just climate change exceeding our expectations and because you and I don't work in the respective industry, we don't know what's the full story going in behind the scenes; like how malls magically transform overnight only because a lot of people worked zombie shifts to make it happen. Maintenance itself is a challenge due to how fixed our current drainage systems are and is hard to change. Want to make the huge drain you see along the streets bigger? You'll have to take into account the road works/blockage and many other factors that may cause minor to severe changes to current problems, such as smaller roads for either pedestrians/cars or both. 

There are probably to some levels, engineers and R&D teams working on a solution to maybe improve and make our drainage systems more efficient. They would have to do tests, conduct research and then move to a small then large to even larger scale implementation which would take ages to actually get to the final stage. Then again, do we really know who are the ones in charge of such projects? They might have to come out and clarify the steps they're taking.",t3_bw83du,03-06-2019
77,5,epwd3uq,t1_epw1jyj,Just look at taxis when grab and Uber came along. Now no one can make a living off driving. Same with food delivery. You know average Joe only makes 3.90 an hour.  How can you feed a family. No wonder birth rates are down. We so scared we do not want to procreate. No job is immune .,t3_bw83du,03-06-2019
78,5,epw53pk,t1_epw473n,Agreed and thank you. Those words I had were also to tell myself to work harder. Let me leave it here.,t3_bw83du,03-06-2019
79,5,gitalda,t3_kupy69,"> # Otter pup abandoned by Bishan family at Beach Road euthanised after all possible options exhausted

> This is Eve, an otter pup who was only about the size of a human palm.

> She was so young that her eyes had barely opened to see the world.

> Otter newborn abandoned by Bishan family

> Eve was found by an otter watcher on New Year's Eve (Dec. 31, 2020) at Republic Avenue of Beach Road district.

> She was prematurely brought out of the natal holt by her family, the famous Bishan otters, but was left behind by the adult otters.

> No otters came back looking for her and the family moved holt subsequently, as observed by otter watchers.

> These were taken as signs of abandonment by the family, according to a post by long-time otter watcher Chun Kit Soo.

> According to an official statement by the Otter Working Group (OWG), it is unclear why the family abandoned otter Eve.

> One possibility is that otter Eve did not belong to the main breeding pair of the family but from one of the younger females.

> The younger pups would not be able to keep up with the family which is moving between hunting grounds.

> Otters have a complex social dynamic which could have resulted in the pup’s abandonment, OWG stated.

> This is not the first abandonment case observed in the Bishan family.

> In both instances, the otter pups were not given birth to by the alpha-female of the group.

> Eve was eventually rescued and sent to animal welfare charity Acres after seeing no signs of reunion between Eve and her family.

> A tricky rescue mission

> Eve, estimated to be only two weeks old, was much younger than the otters involved in past rescue missions.

> Hand-raising her proved to be extremely challenging.

> Those who have been following updates on the local otters will know that as an otter grows, it learns how to swim and fish with the adults.

> It takes a village to raise a child, and the same applies to the smooth-coated otter family.

> All in all, it takes 10 months for an otter pup to grow to be independent.

> So how does one provide Eve with the proper environment to grow up equipped with the necessary skills? How will the lack of social interaction with other otters affect her behavioural development?

> Here's another consideration that the Otter Working Group has to take into account: How do they raise Eve until she's ready to be rehabilitated back into the wild, without allowing her to become reliant on humans?

> Lack of expertise and facility

> Members of the Otter Working Group which includes personnel from the National Parks Board, Acres, Wildlife Reserves Singapore, otter watchers, as well as biologist Sivasothi N., gathered in the past week to discuss how to help Eve.

> Many phone calls and text messages were exchanged, and meetings were arranged for discussion and debates, Ottercity's Facebook post said.

> Unfortunately, the group came to the sad conclusion that no one is experienced enough, and Singapore does not have the right facility to raise this otter pup.

> One of the key constraints is the lack of a large rehabilitation space that mimics otters' habitats e.g. rivers, lakes, or ponds for semi-aquatic animals.

> The zoo also does not have a smooth-coated otter collection to take in Eve.

> If Eve were to be left in the wild, she is unlikely to survive on her own.

> With the above considerations, ""every step will be so experimental that it will be at the expense of Eve"", Ottercity explained.

> Euthanasia is regrettably the last resort

> After studying overseas cases and exhausting all possible options, the team made the tough decision to euthanise Eve.

> This is especially so when smooth-coated otters are listed as 'Vulnerable' on the IUCN Red List since 1996. This species, threatened by loss of habitat and illegal pet trade, is at high risk of extinction globally.

> The OWG said:

> ""With the potential for successful rehabilitation unlikely, and in consideration of animal welfare, the OWG therefore made the difficult decision to euthanise the otter pup on humane grounds. ...[The OWG] values and understands the importance of the conservation and welfare of our wildlife, and the decision to put down the otter was not made lightly.""

> Eve died on the afternoon of Jan. 7.

> The otter community said that this is ""an outcome that none [wish] to see"", but is a result of limitations that the team has to accept.

> Following the euthanasia, a necropsy will be conducted by WRS to investigate if there were any health issues that contributed to otter Eve's abandonment.

> Top photos via Ottercity/Facebook

---
1.0.2 | [Source code](https://github.com/fterh/sneakpeek) | [Contribute](https://github.com/fterh/sneakpeek)",t3_kupy69,10-01-2021
80,5,givvmn5,t3_kupy69,"I just want to point out the difficulties involved in hand-rearing very young wild mammals, which require round the clock care for weeks, if not months. Even zoos, with the resources and facilities at their disposal, usually prefer to let the mother raise the young; hand-rearing is usually a last resort. Orphaned babies will be even more challenging, especially if it belongs to a species that's not already represented in the collection.

The challenges of hand-rearing and rehabilitating very young otter pups can be shown by looking at the guidelines written down for other species that are well-represented in zoos and other captive collections.

[Hand Rearing 1.1 Asian Small Clawed Otter (*Amblonyx cinereus*) 21 February 2007 through 2 July 2007](http://www.otterspecialistgroup.org/Library/TaskForces/OCT/HAND_REARING_ASCOTTER.pdf)

Highlights:

> **Hand-rearing is not recommended as an elective process for various reasons**. In almost all cases, the philosophy of the Association of Zoos and Aquariums (AZA) managers is for the offspring of captive born species to be parent-reared. At times this goal cannot be reached. **When an animal requires hand-rearing it is very important to have a clear and well planned course of action for all staff. The dietary, medical, and social needs of the species must be included in the hand-rearing protocols**. 

> ...

> Fortunately for these two pups they have each other for companionship during the handrearing period. We believe this was beneficial to their well being and contributed to their physical and mental development. They were definitely bonded to the keeper staff, but they played with each other and competed for space in their enclosure when they were not being handled.

Here's another relevant document:

[Successful Hand-rearing and Rehabilitation of North American River Otter (*Lontra canadensis*) Section 1 – When to rehabilitate, young pup care, formula feeding, and weaning.](https://www.otterspecialistgroup.org/Library/TaskForces/OCT/North_American_River_Otter_Rehabilitation_Section_1.pdf)

Highlights:

> To maximize the chance of successful rearing and potential release of rehabilitated otters these questions should be asked first:

> * Does the rehabilitator have adequate facilities and time to raise the animal properly?
> * Does the rehabilitator have adequate funds to supply formula and weaning diets to, and perhaps after, release?
> * Is there an appropriate release area available? What is the current state of the otter population in the area?
> * Are facilities and resources available to support and monitor release?
> * Is another rehabilitator more qualified and/or does someone else already have an orphan(s)? If so, it is better for the orphans to be raised together. There is a lower risk of imprinting and they learn from one another.
> * Does the rehabilitator have access daily to large amounts of whole fresh fish?
> * Does the rehabilitator have access to live fish and a pool with a fresh water source for the animal to fish and swim in?
> * Does the rehabilitator have an established relationship with an experienced otter veterinarian?
> * Does the rehabilitator already have an otter diet, husbandry, medical, and release plan established?
> * Does the rehabilitator have a suitably isolated, natural pen (no dogs and limited human presence) where the orphans can be placed as they become more independent?
> * Does the rehabilitator have facilities to hold the otter for at least 9 months?
> * If release is not an option, rehabilitators should begin researching good placement options early.

> If the pup is indeed an orphan and the decision to hand rear is made, the following rules apply.

> * Know the animal's natural history and development time line.
> * **Have as few care takers as possible (ideally just one). Keep human contact to a minimum. The animal will not be releasable if it becomes imprinted, tame, or too accustomed to humans**. This becomes even more critical in the case of single pups.
> * **Few otter pups are suitable for release**. Before this is attempted experienced professionals should be consulted and a plan put in place.
> * Do not house these animals near human or pet trafficked areas.
> * There must not be any positive exposure to dogs.
> * Be prepared ahead of time for the next stage of the animal's growth so he/she need not face undue delays when reaching the next point in development.
> * If you receive a single pup, network with regional rehabilitators in an attempt to locate another orphan(s) so **pups can be raised together**. Otters are very social, active and playful and do much better in groups than when raised alone. The development of normal social behavior skills, natural companionship, healthy competition, added body heat, and physiological comforts are just a few of the benefits of rearing otter pups together. 
> ...
> * **Raising a single otter pup to successful release can be challenging but is possible. This is not the preferred method**.

Even if the Singapore Zoo or a very dedicated individual was able to commit the time and resources to care for this lone pup, what next? Rehabilitation and release is next to impossible, since it will have grown up without the necessary social interaction and guidance of its parents and siblings, and lacking most of the basic skills needed to survive as a wild otter. It can't be introduced to the Asian Small-clawed Otters or Giant Otters that are already in the WRS collection; they're different species and there's a high likelihood that any attempt to mix them will result in bloodshed. Keeping her alone in captivity would not be a great outcome either, for such a sociable species. Hand-raised by humans, she would not have fully developed the necessary skills to actually behave like an otter, and it's unlikely that she could be socialised to the extent that she could be paired with a male of her own species in future and contribute to captive breeding efforts. 

Sure, she could live as someone's pet, but is that really ideal? Just because some people keep otters as pets in some countries doesn't mean that it's easy or even feasible - and note that nearly all of these pets are Asian Small-clawed Otters, the smallest of all the otter species. Smooth-coated Otters grow larger, and apart from zoos, the only people who keep them on a regular basis are some traditional fishing communities in Bangladesh, which as you would expect, live in a very different setting from Singapore. As [this site](https://pethelpful.com/exotic-pets/pet-otter) says about the prospect of keeping pet otters (referring to Asian Small-clawed Otters):

> They are considered to be very high-maintenance, as you would imagine. It takes a tremendous amount of time, effort, patience, and experience to house them, provide them with enrichment, and keep them safe and secure. No matter how much you fantasize about them, you must accept the fact that they are not house pets. Otters are not ferrets; they are not animals that should be kept with the intention of cuddling it.

Even if she managed to survive to maturity, there's a high chance that she would be imprinted on the person who raised her from young, and that person is pretty much stuck with her for the rest of her life. So that person will have to make some dramatic adjustments to their lives in order to accommodate the needs of their ""pet"". In the end, you're left with an otter that doesn't know how to be an otter, probably with separation anxiety, but not exactly tame and domesticated to the same extent as a dog, cat, or even a ferret, with space and other living requirements that most people in Singapore would find difficult to meet, a high risk of being developmentally and socially stunted in many respects because it was raised without any interaction from others of its own species, and that's not even going into the reasons why it was abandoned by its own family in the first place.

As much as I was saddened by the outcome of this incident, I can fully understand the constraints and challenges involved.",t3_kupy69,11-01-2021
81,5,gitsl8w,t3_kupy69,"There were tonnes on comments on the FB post lamenting how cruel OWG was, and how instead they should given the otter pup ""a chance"" by ""letting nature take its course"".

My god, Singaporeans are just creatures of pure emotion and no logic.",t3_kupy69,11-01-2021
82,5,giuqo1e,t3_kupy69,"Did you guys not read the title?

""after all possible options exhausted""",t3_kupy69,11-01-2021
83,5,giujk1p,t3_kupy69,"Just saying, what are the chances some high ses Singaporean would've volunteered for a Co ownership to have her as a pet and be supervised?

Is there something about smooth coats that makes it extremely unviable as a pet compared to some which transitioned rescue to pet on YouTube?

I'm no animal enthusiast with all the answers but euthanizing for their stated reasons just leaves a foul taste.

Edit: just googled. They are indeed smuggled around Asia as pets. Perhaps the euthanasia was more of... You better not have ideas about keeping her as a pet and precedent.",t3_kupy69,11-01-2021
84,5,gitr20s,t3_kupy69,"Actually, why didn’t they keep her domesticated instead? Perhaps create a special enclosure in one of our wildlife facilities/zoos for her?",t3_kupy69,11-01-2021
85,5,giz5ci3,t3_kupy69,"Natural selection - this is part of evolution at work. It's unfortunate, but pretty random.",t3_kupy69,12-01-2021
86,5,giuw1c7,t3_kupy69,If cannot live in the wild just turn it into a neet and stay in someone's house la,t3_kupy69,11-01-2021
87,5,gitmzy8,t3_kupy69,"RIP Eve, gone too soon",t3_kupy69,11-01-2021
88,5,givpzf3,t3_kupy69,theres a reason why it was abandoned. let nature take his course,t3_kupy69,11-01-2021
89,5,gitnh9x,t3_kupy69,Couldn’t we have sent her to other otter sanctuaries abroad?,t3_kupy69,11-01-2021
90,5,giv9ckv,t3_kupy69,"Well this sucks because it ain't a problem of sickness but lack of otter adoption. Technically we could raise it as a special otter pup in the zoo under the care of humans, there is no need to kill, my god.",t3_kupy69,11-01-2021
91,5,giuy51e,t3_kupy69,they would rather kill it than to raise it. At first i thought it was put down because it was in a bad shape when found..,t3_kupy69,11-01-2021
92,5,githx3j,t1_gitalda,"Oh no, that's so sad :( not even with all the tech we have? :/",t3_kupy69,11-01-2021
93,5,gityvdu,t1_gitsl8w,Letting nature take its course is letting the pup slowly die of starvation or being mauled to death by other animals or the other gangs,t3_kupy69,11-01-2021
94,5,giuo0pu,t1_gitsl8w,"Tbh I wanted to see the difference (if any) in reactions between this subreddit and the FB comments...I'm sad that the otter is abandoned but I'd rather the pup be euthanised and mauled to death or ravaged by the otters. Saw a comment in the FB post that the previous pup abandonment had the previous pup's legs bitten off by the otter herd before being left to die. If so, I'd rather this pup be euthanised than be subject to that.",t3_kupy69,11-01-2021
95,5,giugndr,t1_gitsl8w,Which is to die a slow horrible death oh well,t3_kupy69,11-01-2021
96,5,givbaru,t1_gitsl8w,"I feel an alternative is somebody bring it home and keep it as a house pet.

In many other countries. This is what happens and how people end up with interesting pets, even like hippos. They were rescues who cannot survive in the wild. Isn't that the more humane solution to put it up for adoption? 

I mean is it better off dead than living in comfort in someone's home. In Japan you see many people with pet otters in apartment buildings and they even get along well with domestic cats. 

I do think euthanising is not the last solution. Someone keeping it as a house pet should be.",t3_kupy69,11-01-2021
97,5,giv0gvk,t1_giuqo1e,"What's next?

&#x200B;

reading the article?",t3_kupy69,11-01-2021
98,5,givbohk,t1_giuqo1e,"I do not think they have exhaust all option. They rather kill it than allow it to be adopted into a home. They made the decision that if this animal cannot live in the Singapore zoo, it's better off dead. I don't agree with this decision. 

Go on YouTube and watch people who keep otters as apartment pets. Yes they can be kept as pets that roam freely and get along with domestic cats. And a baby at this age is perfect to train it to be a domestic pet. Could have lived a pampered long life. But humans made the decision the animal is better off dead if they cannot live similar to their wild conditions.",t3_kupy69,11-01-2021
99,5,gits2j9,t1_gitr20s,"Resources. Regardless of how cute an otter pup is, it just doesn't make sense to do all that for a one off case and divert resources away from more at risk species.",t3_kupy69,11-01-2021
100,5,giuq9bq,t1_gitr20s,How about put the otter pup at Singapore River Safari or Night Safari too??,t3_kupy69,11-01-2021
101,5,giu9e4y,t1_gitmzy8,EVE tombstone in bound. I dont think civilians are allowed to keep Ottos. I doubt Gov-body will do much to keep it.,t3_kupy69,11-01-2021
102,5,gitrf7f,t1_gitnh9x,"probably same questions will apply. are there otter sanctuaries abroad?

Do we have the skills to keep it alive and maintain it until it's can be transferred over?

Will the otter family at the other sanctuary accept the otter pup?",t3_kupy69,11-01-2021
103,5,giv15pt,t1_giuy51e,So you pump in the time and resources to raise it?,t3_kupy69,11-01-2021
104,5,gitod9z,t1_githx3j,[deleted],t3_kupy69,11-01-2021
105,5,gitlxcn,t1_githx3j,"It's more of who and where. If there are a larger number of abandonment, then it would justify building a facility and training fulltime staffs to care for them.",t3_kupy69,11-01-2021
106,5,giv16xc,t1_giv0gvk,"Ideally, yes.",t3_kupy69,11-01-2021
107,5,givf8y6,t1_givbohk,"Did you not read the article?

No one in Singapore has the experience needed to take care of the otter.

So would you rather the otter be released into the wild, left to fend for itself? Would you rather it be torn apart by wild animals? Or starve to death? Or raped by other animals and used for pleasure? Or murdered in cold blood?",t3_kupy69,11-01-2021
108,5,giurnzb,t1_giuq9bq,not the same subspecies (zoo ones are Asian small-clawed),t3_kupy69,11-01-2021
109,5,giur3i6,t1_gitrf7f,Apparently there're a few [surrogate parenting programs for Otters](https://youtu.be/2pa4WcIMucw) in aquariums within the States. Not sure how viable it is in this context though.,t3_kupy69,11-01-2021
110,5,giv9kz1,t1_giv15pt,Think some people  who are experienced with animals wouldn't mind an otter pet,t3_kupy69,11-01-2021
111,5,gitoi9j,t1_gitod9z,"That's true.. And according to the article, the zoo as an option is out because there isn't a current enclosure or exhibit for this particular otter?",t3_kupy69,11-01-2021
112,5,gitombj,t1_gitlxcn,"I see. Kinda painfully pragmatic, but it makes sense nonetheless. Still, feels bad for the poor lil thing :/",t3_kupy69,11-01-2021
113,5,gjmbjh2,t1_givf8y6,"Did you not read my post all about home adoption?

End of the day, they concluded the otter would be better off dead than being an apartment pet.

It's just like people aborting their babies rather than giving it up for adoption. 

I am not against abortion but unnecessary murder is murder. In this world we have some murder that is legal like death penalty and abortion and euthanasia. 

How can they conclude no one in Singapore has the experience to care for otters when they haven't checked with everyone in Singapore but within their own circle?",t3_kupy69,17-01-2021
114,5,gjg3qei,t1_giurnzb,How about put the otter pup at Singapore Night Safari?? If they cannot put the otter pup at Singapore Zoo and Singapore River Safari.,t3_kupy69,16-01-2021
115,5,giv17px,t1_giur3i6,The stress might kill it before it arrives in the states if that was even an option.,t3_kupy69,11-01-2021
116,5,givjeqw,t1_giv9kz1,"""*Doesn't mean you want it, you are ready for it.*""

As a pet owner, this is a phrase that is uttered many times to me and to others. Raising an animal can be tough, even more so for a non-domesticated animal, considering otters are extremely social and territorial creatures.

They need adult otters to properly teach the young how to swim, hunt, build a home, survive and they need a lot of space for this. 

While they may look cute, otters are known to attack, kill and practise cannibalism especially on unfamiliar/weaker otters.

This is not an attempt to demean to you. As I believe there others who feel the same as you do in good faith.",t3_kupy69,11-01-2021
117,5,gitozan,t1_gitoi9j,[deleted],t3_kupy69,11-01-2021
118,5,gjmbrb2,t1_gjmbjh2,"Which part of ""no one has the experience needed to take care of the otter"" do you not understand?",t3_kupy69,17-01-2021
119,5,gityen4,t1_gitozan,"> Even if there’s a enclosure. It will likely be abandoned because it doesn’t belong in that family.

In an enclosure? That's optimistic. More likely, mauled to death.",t3_kupy69,11-01-2021
120,5,gjmkggs,t1_gjmbrb2,"Which part of people can learn to care for a otter pup since there are plenty of otters kept as apartment pets already do you not get? Legally in some other countries. With internet access to information from experienced care givers, anybody who is interested will learn. 

This reasoning is no diff from parents aborting a baby because they feel they have no experience in caring for one. 

Caring for a child or any animal first time is always a learning experience. 

How is death better than receiving love?

The decision was made solely based on it doesn't deserve to live because it cannot live in the wild. So let's kill it.

We don't have alot abandoned wild animals here to take care of but in countries who live near nature, plenty have adopted even hippos when they knew nothing, just to save its life.

They didn't think lets kill it because we got no experience.",t3_kupy69,17-01-2021
121,5,giu139v,t1_gityen4,"Ah right, must remember that otters actually quite savage also 😅 cute but savage 😱",t3_kupy69,11-01-2021
122,5,gjmr0jl,t1_gjmkggs,"So you're saying that you know more that the experts?

Otters are not meant to be domesticated pets. There's plenty of literature to support that.
 https://www.worldanimalprotection.ca/news/why-you-shouldnt-share-cute-pet-otter-video

https://www.animalwised.com/can-you-have-an-otter-as-a-pet-2859.html

The experts even said that those videos that you watch are not representative of an otter's life in captivity and people should not be misled by them. That includes you. 

So you think bringing the otter to a pet enthusiast and have them learn how to take care of it through YouTube videos is a good idea?

It's one thing to care for a baby or dog/cat, it's another to care for an animal that isn't even meant to be brought up in captivity. Theres a clear difference.

Otters will suffer if they are brought up in captivity.",t3_kupy69,17-01-2021
123,5,giv12yk,t1_giu139v,Yeah most people only think about the cute part.,t3_kupy69,11-01-2021
124,5,giutb9v,t1_giu139v,They are apex predators after all,t3_kupy69,11-01-2021
125,5,gjmssot,t1_gjmr0jl,"I disagree that otters will be better off dead than living in captivity with someone who loved them. An otter raised from pup in captivity, just like any other wild animal will come to know only the life they were taught and form a loving bond with their human. 

Thanks to YouTube, seen too many rescued wild animals in captivity who bonded with their humans and live healthy and happy lives.

I feel alot of animal activists discount emotional health and having a loving relationship with a creature of another species being therapeutic too, and is better than death, as you can also seen in rescue abused wild animals raised with other species who should be enemies but form amazing bond and relationships.

Their solution is extremist that the animal is better off dead if not running freely in the wild.",t3_kupy69,17-01-2021
126,5,gjmtkcz,t1_gjmssot,"Did you even read the 2 articles I linked?

Otters are miserable living in captivity. To make things worse, they are social animals. This otter will be living alone.

Who are you to say that the otter will be happy in captivity? Are you even an expert in this field?",t3_kupy69,17-01-2021
127,5,gjmuly4,t1_gjmtkcz,"Does the otter have to live alone? Many otter apartment owners keep otters with domestic cats and they bond and play together and grow up together.

You are not considering that interspecies friendship is possible to be good enough for an otter mental health. It's still better than death. 

Experts in wild animals can't even agree among themselves because many who thinks otter cannot be happy in captivity have never even experienced keeping them one in captivity themselves and judged that death is better.",t3_kupy69,17-01-2021
128,5,gjmvdcl,t1_gjmuly4,"So you're basing all these off some happy YouTube videos that you watch?

Those experts are literally those that have researched on otters in captivity. So you're telling me that you, a person that watches a few YouTube videos knows more about these otters than them?",t3_kupy69,17-01-2021
129,5,f4kaflt,t3_dkwk1r,"props to the volunteers man, I hate roaches with a passion. especially after living with my grandma (old school HDB) the roaches would crawl up the rubbish chute, had to carry a baygon when going to the kitchen/toilet at night. thank god now no more liao",t3_dkwk1r,21-10-2019
130,5,f4kb7ie,t3_dkwk1r,this is like fear factor hdb edition,t3_dkwk1r,21-10-2019
131,5,f4ka1yc,t3_dkwk1r,Perfect place for Halloween horror night,t3_dkwk1r,21-10-2019
132,5,f4kbj2m,t3_dkwk1r,Not the hero we deserve but the hero we need,t3_dkwk1r,21-10-2019
133,5,f4kbm5n,t3_dkwk1r,I like how they had an advert calling for volunteers after this piece of news LOL,t3_dkwk1r,21-10-2019
134,5,f4kica2,t3_dkwk1r,"is there a solution for hoarders, especially those that live alone?

its very unlikely they could kick the habit and its just a matter of time before they start piling rubbish again.

its a tough one for hdb, TCs, neighbours and the ministries involved.... health, social, national devt, etc",t3_dkwk1r,21-10-2019
135,5,f4l7zoo,t3_dkwk1r,How does one of the lady stomp on the cockroach... With her bare foot... :/,t3_dkwk1r,21-10-2019
136,5,f4lbunu,t3_dkwk1r,even if there is no cockroaches anymore im never going in,t3_dkwk1r,21-10-2019
137,5,f4l0psp,t3_dkwk1r,I can't imagine the horror of his neighbours. These roaches will find a way to crawl into other units...,t3_dkwk1r,21-10-2019
138,5,f4kf1ez,t3_dkwk1r,Terraformars vibes,t3_dkwk1r,21-10-2019
139,5,f4knz52,t3_dkwk1r,Next time they should armed them with flamethrowers,t3_dkwk1r,21-10-2019
140,5,f4k935d,t3_dkwk1r,"> # Super brave volunteers clean up Beach Road HDB unit nicknamed ‘Kingdom of Cockroaches’

> A cockroach-infested flat in Beach Road has received a much needed clean-up from welfare organisation Keeping Hope Alive.

> Advertisement

> Dozens of intrepid volunteers descended on the apartment on Oct. 20, 2019.

> A middle-aged man, along with what seems like a few thousand critters, lives in the apartment.

> The infestation was so severe that the unit was dubbed “kingdom of cockroaches”.

> Kingdom of cockroaches

> At first sight, mounds of rubbish are strewn all over the place.

> Little floor space is visible.

> Upon closer inspection, plenty of cockroaches are busy making themselves at home, scuttling among the rubbish and going about their day.

> Some volunteers let out mild shrieks and began stamping on the pests.

> Perhaps to compensate for the horror, parts of the 11-minute video was hilariously edited to make it look like the volunteers were tap dancing their way through the clean-up.

> Here are some particularly off-putting scenes:

> Warning: Graphic images ahead

> Advertisement

> One corner of the house appears to be a rather cosy enclave:

> Likely a mix of cockroach corpses and dirt:

> Sweeping up the corpses:

> At one point, a volunteer says, “I don’t know how the uncle lives here, we can’t even bear to look at it.”

> “These are his long-time friends,” another volunteer replies.

> Here are more snippets from their day:

> Advertisement

> And here’s the result of their hard work:

> The volunteers also gave the apartment a fresh coat of paint.

> Whew.

> Be a volunteer?

> If you would like to join Keeping Hope Alive as a volunteer, simply turn up at Blk 90 Pipit Road this Sunday (Oct. 27).

> The volunteers gather at 7:30am and wear white.

> If you would like to bring some friends with you, the group welcomes it too.

> Original post here:

> Top image by Rich Sng via Keeping Hope Alive on Facebook

---
1.0.1 | [Source code](https://github.com/fterh/sneakpeek) | [Contribute](https://github.com/fterh/sneakpeek)",t3_dkwk1r,21-10-2019
141,5,f4kf915,t3_dkwk1r,Is his real name Joe?,t3_dkwk1r,21-10-2019
142,5,f4lax77,t3_dkwk1r,reminded me of this: https://www.reddit.com/r/singapore/comments/3oqafn/daughter_of_a_hoarder/,t3_dkwk1r,21-10-2019
143,5,f4oxfid,t3_dkwk1r,Nope nope nope nope nope,t3_dkwk1r,22-10-2019
144,5,f4pdw4s,t3_dkwk1r,"Not sure is gung-ho or beyond stupid. They should have done fumigation work first. And everyone should have been wearing full jumpsuit and masks. At this point, it’s a biohazard.",t3_dkwk1r,22-10-2019
145,5,f4pw3k6,t3_dkwk1r,"This look like this game called House Flipper Game with the Cockroaches Update In Real Life, this link is people playing the game https://m.youtube.com/watch?v=7xtrjw56qAQ and now in House Flipper Game you also can get Garden Flipper DLC where you can make your house and garden in the game look nice, like in this video https://m.youtube.com/watch?v=zN6YG3mfFNU",t3_dkwk1r,22-10-2019
146,5,f4u3c0x,t3_dkwk1r,"Town councils have specialist contractors to clear such cases. Residents pay monthly fees for this sort of things. 

My mum’s neighbour a single lady passed on and she kept lots of stray cats and pretty much a hoarder but not bad as this. Town council did a great job. They fumigated the place first and then cleaned preventing insects from running outside and a really hygienic operation. 

Town Councils also have a duty of care to all residents to ensure that no units end up in this state. Neighbours should not suffer in silence from the stench and unhygienic conditions while their ward MPs live in GCBs and given instructions.",t3_dkwk1r,23-10-2019
147,5,f4ki332,t1_f4kaflt,"This! So many times when opening the rubbish chute and the roach is right there chilling. Stare into the abyss, and the abyss stares back into you...",t3_dkwk1r,21-10-2019
148,5,f4kb6n4,t1_f4kaflt,">the roaches would crawl up the rubbish chute

Yeah this is really my biggest fear of using the rubbish chute lmao

Props to these volunteers, personally I don't think I'll be able to do that!",t3_dkwk1r,21-10-2019
149,5,f4lvaqr,t1_f4kb7ie,Imagine for $50k you not only have to stay in there but also catch and eat one of the roaches.,t3_dkwk1r,21-10-2019
150,5,f4laq60,t1_f4kica2,Hoarding is usually a symptom for mental illness. So treating the mental illness itself should be the solution you're looking for,t3_dkwk1r,21-10-2019
151,5,f4kqo0x,t1_f4knz52,Roaches really stink when you burn them. For about a thousand of them you need to call Hazmat.,t3_dkwk1r,21-10-2019
152,5,f4l8nn4,t1_f4kf915,Whos joe?,t3_dkwk1r,21-10-2019
153,5,f4kmk06,t1_f4ki332,When the roach fly towards u.....,t3_dkwk1r,21-10-2019
154,5,f4kvrhn,t1_f4kb6n4,Does that mean your town council don't do enough fumigation of the chutes?,t3_dkwk1r,21-10-2019
155,5,f4pakjp,t1_f4lvaqr,"Must catch live one? Dead one anyhow cincai fry and add some oyster sauce, I'll do it",t3_dkwk1r,22-10-2019
156,5,f4m6aaw,t1_f4laq60,in the new DSM hoarding is likely to be listed as a mental disorder in its own right,t3_dkwk1r,21-10-2019
157,5,f4lbwq7,t1_f4l8nn4,**joe mama**,t3_dkwk1r,21-10-2019
158,5,f4orb3h,t1_f4kmk06,I will run and dive into the nearest swimming pool.,t3_dkwk1r,22-10-2019
159,5,f4ouc7x,t1_f4kvrhn,"There was one time I forgot to tape the chute during fumigation....

OMGGGGGG never again. Literally a dozen baby roaches came crawling out running for their lives...even when you tape up, the babies stick to the tape.",t3_dkwk1r,22-10-2019
160,5,f4pavta,t1_f4pakjp,"Must be live but you can use any condiment available from the kitchen, only from the kitchen so if it’s 10 years expired bo bian.",t3_dkwk1r,22-10-2019
161,5,ebjmo7n,t3_a52qr0,"""These meats are manufactured by a Thai woman in her forties using methods similar to those used back home.  

""When eaten, it tastes especially of home.""  

0.o",t3_a52qr0,11-12-2018
162,5,ebjicqp,t3_a52qr0,LG meat does not always mean lightly grilled. ,t3_a52qr0,11-12-2018
163,5,ebjnfgo,t3_a52qr0,"It’s called “nuea daad deaw” and yes that’s how they prepared it in Thailand. 

Put in sun til dried then lightly fry it 🤤",t3_a52qr0,11-12-2018
164,5,ebjoprl,t3_a52qr0,my KL and Bangkok trained gut with its superior fauna laughs at you locals who cannot read this without nausea!,t3_a52qr0,11-12-2018
165,5,ebjlnv1,t3_a52qr0,Eugh,t3_a52qr0,11-12-2018
166,5,ebjr2qy,t3_a52qr0,I would eat that looks yummy,t3_a52qr0,11-12-2018
167,5,ebjto02,t3_a52qr0,r/Charcuterie,t3_a52qr0,11-12-2018
168,5,ebjjw6o,t3_a52qr0,Manufactured by Thai woman using techniques from home they say. ,t3_a52qr0,11-12-2018
169,5,ebjtt9s,t3_a52qr0,just fork the money for a dehydrator,t3_a52qr0,11-12-2018
170,5,ebjy0te,t3_a52qr0,"NEA is taking a lot of heat right now, might not be the best time to do this.",t3_a52qr0,11-12-2018
171,5,ebjjcst,t1_ebjicqp,LG = Laosai Guaranteed ,t3_a52qr0,11-12-2018
172,5,ebjznsl,t1_ebjnfgo,"Or in the oven or a food dehumidifier.

I can understand if the maker has no access to an oven or a food dehumidifier but this is a bit too much.",t3_a52qr0,11-12-2018
173,5,ebk01fd,t1_ebjznsl,"In Thailand everybody, including street food stalls that foreigners love, dry fish and meat in the sun. Nobody use oven.

I know it’s gross by Singapore standards, but for Thais it’s a normal thing.",t3_a52qr0,11-12-2018
174,5,ebk04cj,t1_ebk01fd,"What I specifically find gross is the hanging of meat next to an air conditioning exhaust unit, which is most likely dusty and not at all a place you put food close to.

Sun-drying meat in the sun is fine and has been done in the past. (I'm also saying we have better tools to help that process along as well.)",t3_a52qr0,11-12-2018
175,5,ebk377d,t1_ebk01fd,Sun dried seems traditional and the UV rays have disinfectant properties. But dusty air-con dried? Is that how it's done in Thailand? ,t3_a52qr0,11-12-2018
176,5,g5c5krc,t3_it40xz,"Just say ""no"" to murder.",t3_it40xz,15-09-2020
177,5,g5cu1pi,t3_it40xz,Temper trap,t3_it40xz,15-09-2020
178,5,g5f5ny2,t3_it40xz,Nazi sentenced to jail,t3_it40xz,16-09-2020
179,5,g5ccb3r,t3_it40xz,I tot there is sign post saying no murder allowed.,t3_it40xz,15-09-2020
180,5,g5cf4b7,t1_g5c5krc,it takes two hands to clap,t3_it40xz,15-09-2020
181,5,g5fgfmb,t1_g5cf4b7,Also takes two hands to play Chinese chess (at least for me).,t3_it40xz,16-09-2020
182,5,f0456cs,t3_d3ooy2,the ground floor is soooo empty.,t3_d3ooy2,13-09-2019
183,5,f044f8l,t3_d3ooy2,will be filled up with whores and KTV girls,t3_d3ooy2,13-09-2019
184,5,f04lv2q,t3_d3ooy2,Something about the design kinda scares me.,t3_d3ooy2,13-09-2019
185,5,f052afj,t3_d3ooy2,It's the former Keypoint building opposite the Gateway & the Concourse buildings near Nicoll Highway MRT.,t3_d3ooy2,13-09-2019
186,5,f045xiu,t1_f0456cs,"Still? I was there a few months ago, was a ghost town.",t3_d3ooy2,13-09-2019
187,5,f04pvhe,t1_f0456cs,I think rent for those retail units are too expensive. It's a good location,t3_d3ooy2,13-09-2019
188,5,f04ws2q,t1_f044f8l,"it's nice inside, rooms are small. my Viet KTV girl took me upstairs after HH. wink wink",t3_d3ooy2,13-09-2019
189,5,f047vr6,t1_f045xiu,Very much so,t3_d3ooy2,13-09-2019
190,5,f076a9o,t1_f045xiu,"Hasn't changed. Been walking through it the past week to get the elevator to the bridge and it's completely empty

Looks nice though, better then what was there before!",t3_d3ooy2,14-09-2019
191,5,f076b26,t1_f04pvhe,All the offices are empty so that makes sense.,t3_d3ooy2,14-09-2019
192,5,f06iw41,t1_f04ws2q,FOC?,t3_d3ooy2,14-09-2019
193,5,f07yljo,t1_f06iw41,foc cos it all happened inside my head.,t3_d3ooy2,14-09-2019
194,5,g57mlpl,t3_isgjhm,"> # Man to be charged with murder after fight along Beach Road

> SINGAPORE: A 56-year-old man has been arrested and will be charged with murder after a case of fighting along Beach Road, the police said in a news release on Monday (Sep 14).

> The authorities said they were alerted to the fight at about 3pm on Sunday and found a 67-year-old man lying motionless at the location upon their arrival.

> Advertisement

> Advertisement

> The victim was taken to Tan Tock Seng Hospital and was pronounced dead later that day.

> The Singapore Civil Defence Force said it was alerted to a call for assistance at Block 6 Beach Road on Sunday and confirmed that one person had been taken to TTSH.

> Police investigations are ongoing.

> The suspect will be charged on Tuesday.

> 

> Advertisement

---
1.0.2 | [Source code](https://github.com/fterh/sneakpeek) | [Contribute](https://github.com/fterh/sneakpeek)",t3_isgjhm,14-09-2020
195,5,g57zd2t,t3_isgjhm,Nobody stepped in to stop the fight?,t3_isgjhm,14-09-2020
196,5,g57zup4,t1_g57zd2t,It's scary I walked past that place an hour earlier. Someone got murdered on broad day light in a relatively crowded / dense area.,t3_isgjhm,14-09-2020
197,5,g57zxoi,t1_g57zup4,It is. Beach Road is a very dense place and always crowded.,t3_isgjhm,14-09-2020
