,district_num,comment_id,comment_parent_id,comment_body,comment_link_id,created
0,11,go0el4m,t3_lnhbrz,The number of unnatural deaths this month is getting spooky,t3_lnhbrz,19-02-2021
1,11,go1jxua,t3_lnhbrz,Woah... dying from a 4m fall. He must have fallen head first for that kind of fall to kill him.,t3_lnhbrz,19-02-2021
2,11,go1911e,t3_lnhbrz,"Somewhat insensitive, but my first thought was: ""probably distracted by handphone""

Then I saw this line:

>He described his father as a busy man and always on the phone with either his clients or business partner.

Read more at [https://www.todayonline.com/singapore/so-sudden-just-cny-family-grieves-construction-firm-boss-who-died-after-47m-fall-0](https://www.todayonline.com/singapore/so-sudden-just-cny-family-grieves-construction-firm-boss-who-died-after-47m-fall-0)",t3_lnhbrz,19-02-2021
3,11,go0p0sd,t3_lnhbrz,"Why are ST asking for comment? At a time when people mourn.

This is a private story with minimal public interest. Shame on ST",t3_lnhbrz,19-02-2021
4,11,go2ekzf,t3_lnhbrz,Kind of shameless news isn't it? Imagine having your family member slip and fall and it turns up on the news. Zzz,t3_lnhbrz,20-02-2021
5,11,go77qqs,t3_lnhbrz,"Oh man, sucks to be the home owner now.",t3_lnhbrz,21-02-2021
6,11,go36c14,t3_lnhbrz,Dunearn enough road,t3_lnhbrz,20-02-2021
7,11,go0l0ql,t3_lnhbrz,"siala the bungalow got hantu, dk owner still wan live thr anot",t3_lnhbrz,19-02-2021
8,11,go0f1o2,t1_go0el4m,"Yeah man, just a reminder to be safe at all times!

Life is still precious in the “new normal”, never forget to take care physically and mentally!",t3_lnhbrz,19-02-2021
9,11,go421gv,t1_go0el4m,"Seriously crazy. Since the start of CNY everyday some random event has someone dying.

I'm not superstitious but it's kinda spooky.",t3_lnhbrz,20-02-2021
10,11,go2vshx,t1_go1jxua,falling at that height for a 53 year old can be fatal.,t3_lnhbrz,20-02-2021
11,11,go399fs,t1_go1jxua,Might have been construction material and other objects that he fell on. Won’t go into detail as it’s morbid.,t3_lnhbrz,20-02-2021
12,11,go6wktu,t1_go0p0sd,ST is not beneath invasive levels of coverage on these sorts of things. Case in point: cny tanjong pagar crash,t3_lnhbrz,21-02-2021
