,district_num,title,score,id,url,comms_num,created,body
0,11,Some Singaporeans really haven’t evolved. This is right outside Newton Circus today.,956,ito76e,https://www.reddit.com/gallery/ito76e,172,16-09-2020,
1,11,3 children hospitalised after outbreak of salmonella and stomach flu at Newton pre-school,67,k9hny9,https://www.straitstimes.com/singapore/outbreak-of-salmonella-and-stomach-flu-in-newton-preschool?utm_medium=Social&utm_campaign=STFB&utm_source=Facebook&fbclid=IwAR0T1Xhi7nszBvbwA82MoOpY91HzNLNZQ9JH0_MzDhMY0zGEKFPBN7rbb-M#Echobox=1607433135,3,09-12-2020,
2,11,Security Checks at Newton Station (DTL) on 4 Feb '18,28,7uzij3,https://landtransportguru.net/event/exercise-station-guard-2018/,1,03-02-2018,
3,11,"Newton mrt 11.30pm. Scheduled maintenance, not a track fault. Doesnt mean it doesnt suck",28,ejy07i,https://i.redd.it/as79hxhu6s841.jpg,60,04-01-2020,
4,11,"Commuters try out X-ray machines, metal detectors in Newton MRT station security exercise",14,7v6ljc,https://www.channelnewsasia.com/news/singapore/commuters-try-out-x-ray-machines-metal-detectors-in-newton-mrt-9925928,8,04-02-2018,
5,11,Newton Food Centre among new locations added to list of places visited by COVID-19 cases,14,iau9pp,https://www.channelnewsasia.com/news/singapore/covid-19-moh-locations-bukit-panjang-hillion-newton-northpoint-13025668?utm_source=dlvr.it&utm_medium=twitter,4,16-08-2020,
6,11,The air smells like cat pee pee in Newton area. Has anyone noticed? Why?,3,f55ppz,https://www.reddit.com/r/singapore/comments/f55ppz/the_air_smells_like_cat_pee_pee_in_newton_area/,10,17-02-2020,And suddenly it became worse
