,district_num,title,score,id,url,comms_num,created,body
0,11,"Evening at Thomson Nature Park. Highly recommended go to after a lunch or dinner, lots of wildlife and artefacts from an abandoned Hainan village!",634,ia4x83,https://i.redd.it/89fy7ywd65h51.jpg,21,15-08-2020,
1,11,"Thomson Rd condo forbids maids from using facilities, threatens non-complying residents with 'period ban'",574,lej5dq,https://mothership.sg/2021/02/thomson-condominium-ban-maid/?fbclid=IwAR34d68hJCb9GiMCxfXDcDdEjhiVopEVBQZoN8AQ0iJLNfzBCQ1t8bmRguc,183,07-02-2021,
2,11,Even Polis also need wear mask now (Spotted at Thomson Plaza),373,f393o8,https://i.redd.it/4u0rvo6rnog41.jpg,25,13-02-2020,
3,11,Japan’s largest train operator to open shops in Thomson-East Coast Line stations,352,d0b9f4,https://www.todayonline.com/singapore/japans-largest-train-operator-open-shops-thomson-east-coast-line-stations,75,06-09-2019,
4,11,"Spotted in Thomson Plaza. Thought it was a sales ad at first, then I read the whole thing and now I'm just confused.",351,iirhyv,https://i.redd.it/80qfj3n8pxj51.jpg,39,29-08-2020,
5,11,"1846 painting of colonial Singapore by British artist John Turnbull Thomson (Thomson road's namesake). Indian cow herders on Bukit Larangan/Government Hill (today's Fort Canning) overlooking the Singapore Strait and Singapore river filled with Chinese junks, Arab dhows, European ships, and bumboats.",316,kkvlc9,https://i.redd.it/m3xbrozr5n761.jpg,29,27-12-2020,
6,11,🐒 A curious Raffles Banded Leaf monkey was caught on camera near Thomson Nature Park.,237,g2ug3m,https://v.redd.it/73vnx7obwat41,14,17-04-2020,
7,11,Thomson-East Coast Line 1,206,enlnvd,https://i.redd.it/779tjm4akba41.jpg,25,12-01-2020,
8,11,Thomson Nature Park doesn't want your rubbish,152,f17vxb,https://i.redd.it/nvc4qbbx3wf41.jpg,5,09-02-2020,
9,11,Hainan Village ruins in Thomson Nature Park - Singapore’s version of Angkor Wat,137,dk28pn,https://i.redd.it/7g5is7ddbht31.jpg,13,19-10-2019,
10,11,Wagler’s Pit Vipers mating in Thomson Nature Park this morning.,134,iejb0e,https://i.redd.it/zl11nbeocki51.jpg,11,22-08-2020,
11,11,thomson nature park,121,j7qwfp,https://www.reddit.com/gallery/j7qwfp,0,09-10-2020,
12,11,Primate researchers call for protection of forest patch used by SAF along Upper Thomson for critically endangered Raffles’ banded langur,120,gqrrvc,https://www.todayonline.com/singapore/primate-researchers-call-protection-forest-patch-used-saf-along-upper-thomson-critically,15,26-05-2020,
13,11,There’s been another run on toilet paper (NTUC Thomson Plaza),95,fqdsui,https://i.redd.it/v2ctuiczicp41.jpg,49,28-03-2020,
14,11,"This poster along Upper Thomson Road (Near to Thomson Plaza) caught my attention since my family has a Pet Grey Parrot as well. I think chances are slim to find her, but here's hoping for them.",85,jjjmz8,https://i.redd.it/3o89hrmrjsv51.jpg,18,28-10-2020,
15,11,Abandoned house in Upper Thomson where skeletal remains of two sisters were found going up for state auction,78,7zo0fq,http://www.straitstimes.com/singapore/abandoned-house-where-skeletal-remains-were-found-going-up-for-state-auction,18,23-02-2018,
16,11,"Google Maps Terrain view shows the construction progress of the Thomson East Coast Line. Cannot wait for it to start operating in 2021. Also, makes you realize the civil engineering talent that is involved in such an infrastructure project.",57,bba7qa,https://i.redd.it/ctz68twdp9r21.jpg,19,10-04-2019,
17,11,"Injured motorcyclist sues LTA, NParks over sambar deer collision in Upper Thomson",52,k4bflb,https://www.straitstimes.com/singapore/injured-motor-cyclist-sues-lta-nparks-over-sambar-deer-collision-in-upper-thomson,56,01-12-2020,
18,11,"Parliament: Thomson-East Coast Line Stage 2 to be delayed by 3 months, will open in first quarter of next year",45,imufmc,https://www.straitstimes.com/politics/parliament-thomson-east-coast-line-stage-2-to-be-delayed-by-3-months-will-open-in-first,13,05-09-2020,
19,11,"Thomson-East Coast Line and other LTA projects will face delays in completion of up to a year, opening of TEL Stage 2 will be delayed to Q3 2021 instead - LTA Facebook",48,kcw6pl,https://i.redd.it/k80fuvk255561.jpg,14,14-12-2020,
20,11,The Making of Thomson-East Coast Line Train,37,e3e9ed,https://youtube.com/watch?v=Hyke5FJaXdM,4,29-11-2019,
21,11,Car on fire in front of Thomson Plaza,40,liyj35,https://v.redd.it/3a4l3zjv78h61,8,13-02-2021,
22,11,No train services on Thomson-East Coast Line on Friday morning after signalling fault,34,k6apct,https://www.straitstimes.com/singapore/no-train-services-on-thomson-east-coast-line-on-friday-morning-after-signalling-fault,22,04-12-2020,
23,11,Just read it. Thomson Plaza.,39,i0nbjy,https://www.reddit.com/gallery/i0nbjy,17,30-07-2020,
24,11,Popular bookstore's Thomson Plaza outlet to close after 31 years this Sunday,30,c3zdgd,https://sg.style.yahoo.com/popular-bookstores-thomson-plaza-outlet-to-close-after-31-years-071240567.html,13,23-06-2019,
25,11,"Singapore's seventh nature park opens in Thomson, with site of former village on its grounds",30,dghi38,https://www.channelnewsasia.com/news/singapore/thomson-nature-park-opens-former-hainan-village-animals-11991072,1,12-10-2019,
26,11,Baby macaques at Upper Thomson play with discarded bubble tea cups,25,ifpgyi,https://mothership.sg/2020/08/macaques-play-bubble-tea-cup/?fbclid=IwAR19pihp2BCKi_Rn1RS1A28RLN8kWVRJwAM84kxh4t-zTFX9OazwMRzgN2g,8,24-08-2020,
27,11,First 3 stations on Thomson-East Coast Line to open by end-January,21,d67av5,https://www.channelnewsasia.com/news/singapore/thomson-east-coast-line-tel-open-january-2020-stations-woodlands-11920520,21,19-09-2019,
28,11,"Thomson-East Coast Line trains to feature tip-up seats, LCD route maps",22,8w0ot3,https://www.channelnewsasia.com/news/singapore/thomson-east-coast-line-trains-to-feature-tip-up-seats-lcd-route-10498094,9,04-07-2018,
29,11,COVID-19: Koufu to test 'table shields' for safe dining at Thomson Plaza food court,21,h05bl3,https://www.channelnewsasia.com/news/singapore/table-shields-koufu-food-court-thomson-plaza-covid-19-12822224,15,10-06-2020,
30,11,Thomson-East Coast line to have station at Founders' Memorial in Marina Bay,19,adekjp,https://www.straitstimes.com/singapore/transport/founders-memorial-station-to-be-added-to-thomson-east-coast-mrt-line,15,07-01-2019,
31,11,Food recommendations in YCK/AMK/Thomson area?,22,i59w67,https://www.reddit.com/r/singapore/comments/i59w67/food_recommendations_in_yckamkthomson_area/,44,07-08-2020,"Just moved into YCK area and am completely lost for food options as I stayed in the west my whole life. All suggestions are very welcomed, thank you :)"
32,11,Photo essay: Thomson-East Coast line opening day,16,ewlvuv,https://photos.google.com/share/AF1QipMkfk1CzTLxk-GTEUbMICDhm1HatjJfhMNSSyiDHoIto68CHctbMxvavD6CTVIDHw?key=TkZ2dzNyUGNMRzNsZmQ3NmxnTlZrcUtwTXJSdlpn,5,31-01-2020,
33,11,Thomson-East Coast Line: 6 more stations from Springleaf to Caldecott opening later this year,16,epzgwe,https://str.sg/JqtN,6,17-01-2020,
34,11,Free rides when first 3 stations open on Thomson-East Coast Line,13,e95uz0,https://www.channelnewsasia.com/news/singapore/new-tel-mrt-line-stations-opening-date-woodlands-free-rides-12175948,13,11-12-2019,
35,11,Man and woman taken to hospital after Lamborghini and van collide at Upper Thomson Road - Stomp,9,hqg6ib,https://stomp.straitstimes.com/singapore-seen/man-and-woman-taken-to-hospital-after-lamborghini-and-van-collide-at-upper-thomson,4,13-07-2020,
36,11,Thomson-East Coast MRT Line station addresses/locations?,6,hf8fuw,https://www.reddit.com/r/singapore/comments/hf8fuw/thomsoneast_coast_mrt_line_station/,3,25-06-2020,"Hi, does anyone have the more exact locations of the new Thomson-East Coast Line MRT stations? All I can find are line maps with station names, but no list of where the stations will actually be. 

In particular interested in the Woodlands South to Caldecott stretch (kind of figured out Springleaf, but what about  Lentor, Mayflower, Bright Hill, Upper Thomson).

Thanks in advance!"
