,district_num,title,score,id,url,comms_num,created,body
0,14,Volunteers from Buddhist group serve as road marshals during Hari Raya prayers in Eunos,179,cosz7n,https://www.straitstimes.com/singapore/volunteers-from-buddhist-group-serve-as-road-marshals-during-hari-raya-prayers?utm_medium=Social&utm_campaign=STFB&utm_source=Facebook#Echobox=1565500386,8,11-08-2019,
1,14,(Poor resolution) President Trump's convoy on Eunos Link,159,8q0paj,https://v.redd.it/104j1rl2b6311,10,10-06-2018,
2,14,Eunos MRT Money Scam,157,m3n0xz,https://www.reddit.com/r/singapore/comments/m3n0xz/eunos_mrt_money_scam/,39,13-03-2021,"Today, approx 820pm, a guy approached me and asked me for monetary help. He’s standing at approx 1.76-78m tall, wearing a The North Face pullover, with some statement necklaces, carrying a backpack, and wearing a black mask.

The purpose of this post is to shoutout to gullible people like me, that scammers are everywhere and may hit u when u least expected it. 

Anyways back to my experience, 

He said he approached some uncle and the uncle told him to shoo, and he felt helpless and he need my help for his medical bills. 

I was skeptical and I did not want to help him AT FIRST. I asked him to bring me to the clinic and he said it’s far @ marine parade area. Ok, I told him that he can wait for his mom to arrive and take the money from his mom instead of taking mine, and he said his mom will only pick him up late. Sure sure. But I jus felt that if I don’t help him, who would? I didn’t even think that he might scam me because he jus sounded so believable, at least to me. 

He claimed that he will pay me by next week as he is meeting some ‘financial difficulties’ and told me to leave him my number and he will contact me then. He kept reassuring me that he’s not out to scam me and he will defo return me the money. He even said to call me this evening to assure me that he’s ‘not a scammer’.

And... I gave him the money. It’s not a small sum to me tbh. In fact it’s my whole week’s allowance and it’s from my grandma. 

Ok but 1 funny thing is that he told me his phone only can do ‘emergency calls’ which I was a little 🤔. He only said this after I sent him the money. 

After I got home, I felt super uneasy. It’s 12am now, and there’s no phone call nor text from
him. I tried calling the number but end up it’s not in use. That is when it struck me hard: I got scammed.

That whole good 10 mins of me getting scammed by him was defo full of struggles. Should I give or should I not? Well, if u read till now, u will know that I gave him the money for his ‘medical bills’ and I can’t regret even more.

To the guy who preyed on my sympathy and took my money, if you happen to see this, I hope that you are using that sum of money for something worth it. And, I hope that I’ll be your last victim. 

It’s because of such people that caused us to not be able to trust those who actually need help. sighs..

UPDATE: today, the “scammer” texted me back to thank me for lending him money using a different number. However, in the text he mentioned he is still very sick and doesn’t have the means to pay me back. At first, I thought this may not be a scam in the end but on the other hand it’s very suspicious since he gave me a fake (not in use) number and then texted me using a real one. One possibility could be that he saw this post and decided to text me to make sure I didn’t report him etc. IDK still gonna report tho...

EDIT: THANK YOU SO MUCH TO EVERYONE WHO COMMENTED FOR ALL THE TIPS AND SUPPORT 🥺 so heartwarming to see everyone helping each other on this platform (day:made ☀️) I will learn from this :”) ❤️"
3,14,Dad in Eunos builds adorable ‘mini-mart’ with daughter using cardboard & toilet rolls,118,bx1ar2,https://mothership.sg/2019/06/creative-dad-eunos-pritam-singh/,16,05-06-2019,
4,14,Some residents living near Eunos CC will have to collect TraceTogether tokens at Punggol CC,46,joya29,https://mothership.sg/2020/11/bedok-reservoir-collect-tokens/,23,06-11-2020,
5,14,Bus captain passes worker a bag of refreshments at Jalan eunos bus stop (stay hydrated),32,fsv2ds,https://youtu.be/vwjtHfER2Pw,2,01-04-2020,
6,14,30 people evacuated after PMD-related fire breaks out at Eunos block,27,h8qx5h,https://www.straitstimes.com/singapore/courts-crime/30-people-evacuated-after-pmd-related-fire-breaks-out-at-eunos-block?utm_source=STSmartphone&utm_medium=share&utm_term=2020-06-14+17%3A48%3A23,21,14-06-2020,
7,14,"Voters of East Coast GRC, do you still remember Eunos?",19,hklcsx,https://xinguozhi.wordpress.com/2020/07/03/%e4%b8%9c%e6%b5%b7%e5%b2%b8%e9%9b%86%e9%80%89%e5%8c%ba%e9%80%89%e6%b0%91%ef%bc%8c%e8%bf%98%e8%ae%b0%e5%be%97%e5%8f%8b%e8%af%ba%e5%a3%ab%e7%9a%84%e9%81%97%e6%86%be%e5%90%97%ef%bc%9f/,3,03-07-2020,
8,14,‘Ah Gong’ of Eunos: Elderly peddler brings a community together in spirit of giving,9,a95av5,https://www.channelnewsasia.com/news/cnainsider/ah-gong-eunos-crescent-elderly-peddler-community-giving-spirit-11057680,0,24-12-2018,
9,14,"Can anyone explain why the slopes at Paya Lebar & Eunos on PIE, towards Changi Airport seem to be a hotspot for accidents?",4,d9ixuq,https://www.reddit.com/r/singapore/comments/d9ixuq/can_anyone_explain_why_the_slopes_at_paya_lebar/,4,26-09-2019,"Just drove past an accident yesterday, at the Paya Lebar slope, on PIE towards Changi Airport.

As I recall, I have witnessed a couple of accidents there as well."
10,14,Eunos Get-Together Online Show - Grassroots Adviser Chua Eng Leong sings!,0,hg8crl,https://www.youtube.com/watch?v=TR7CI7jf3Ho,2,26-06-2020,
