,district_num,title,score,id,url,comms_num,created,body
0,14,Found this in Kembangan,41,7ounpv,https://i.redd.it/8b0g0dycnq801.jpg,18,08-01-2018,
1,14,"After I butchered and got butchered over spelling the name of where I live wrong, I decided to repost my shot of a lightning strike in Kembangan with the right spelling this time",33,grag34,https://i.redd.it/6umk0navq7151.jpg,10,27-05-2020,
2,14,E-scooter rider taken to hospital after accident near Kembangan MRT station,27,8dcj2v,https://www.channelnewsasia.com/news/singapore/e-scooter-rider-car-collide-kembangan-mrt-sims-avenue-east-10153360?,32,19-04-2018,
3,14,Power back in Kembangan,10,9gmjr5,https://www.reddit.com/r/singapore/comments/9gmjr5/power_back_in_kembangan/,2,18-09-2018,With siren from somewhere!
4,14,M1 network non-existent along Kallang and Kembangan MRT?,0,ejg8w4,https://www.reddit.com/r/singapore/comments/ejg8w4/m1_network_nonexistent_along_kallang_and/,2,03-01-2020,Does anyone meet this issue too?
