,district_num,title,score,id,url,comms_num,created,body
0,14,Air Force 1 leaving Paya Lebar Airbase,717,8qigd3,https://i.redd.it/p5xd7o9wak311.jpg,71,12-06-2018,
1,14,"Sunrise over Paya Lebar, nice cloud formations before the sun explodes into the sky.",680,jxg1q1,https://v.redd.it/ppcmgfysua061,30,20-11-2020,
2,14,Randomly clicked on paya lebar airbase because it had 4.1 stars on google maps when...,378,ed3efr,https://i.imgur.com/aoW9KwL.jpg,41,20-12-2019,
3,14,TR891 from Sapporo landed at Paya Lebar Airbase instead of Changi.,209,esjj27,https://i.imgur.com/zv49EM0.jpg,64,23-01-2020,
4,14,"Coronavirus: 7 new confirmed cases in S'pore, possible new cluster involving church in Paya Lebar",194,f0st2z,https://www.straitstimes.com/singapore/coronavirus-7-new-confirmed-cases-in-spore-possible-new-cluster-involving-church-in-paya,82,08-02-2020,
5,14,TIL that 19.0 °C was the lowest recorded temperature in Singapore. It was recorded on the 14th of February 1989 at Paya Lebar.,137,7q3bxr,https://en.wikipedia.org/wiki/Geography_of_Singapore,28,13-01-2018,
6,14,TIL that 19.0 °C was the lowest recorded temperature in Singapore. It was recorded on the 14th of February 1989 at Paya Lebar.,140,kue9l4,https://en.wikipedia.org/wiki/Geography_of_Singapore#Climate,12,10-01-2021,
7,14,Foodpanda rider asked to cycle from Tampines to Paya Lebar for $5.20 after customer leaves wrong address,133,ltcvkf,https://stomp.straitstimes.com/singapore-seen/foodpanda-rider-asked-to-cycle-from-tampines-to-paya-lebar-for-520-after-customer,18,27-02-2021,
8,14,Selfless man voluntarily directs traffic along Paya Lebar Road as traffic lights were faulty,90,9nqgq5,https://mothership.sg/2018/10/paya-lebar-traffic-good-samaritan/,8,13-10-2018,
9,14,"SPF performing contact tracing 'very intensely', 'painstaking work' led to discovery of possible cluster at Paya Lebar church: Shanmugam - CNA",86,f25vjs,https://www.channelnewsasia.com/news/singapore/spf-performing-contact-tracing-very-intensely-painstaking-work-12422668,25,11-02-2020,
10,14,Nice round orange sun (Paya Lebar),82,arjn5r,https://i.redd.it/feunctbq24h21.jpg,8,17-02-2019,
11,14,Teenager taken to hospital after accident at Paya Lebar junction,83,j3mrzk,https://www.channelnewsasia.com/news/singapore/accident-paya-lebar-geylang-junction-teenager-raffles-hospital-13170754,83,02-10-2020,
12,14,"A Ch 5 series in the 1990s, Shivers, featured a MRT map from a parallel universe. Look at the alternative names for Bugis, Paya Lebar, Dhoby Ghaut and Tiong Bahru. Did the creators foresee the future?",68,lo7w5h,https://i.imgur.com/4ymIztY.jpg,19,20-02-2021,
13,14,Cheap Fix for a split in airlines. Paya Lebar Airport (1972-1981 timeline) CR:The Long and winding road on facebook,60,fn42it,https://i.redd.it/snrn6y1gl9o41.jpg,4,23-03-2020,
14,14,"Man, 33, sits on top of taxi in Paya Lebar & refuses to come down, gets arrested for rash act",52,jtblo4,https://mothership.sg/2020/11/man-sit-on-taxi/,18,13-11-2020,
15,14,"Tampines road, which wraps around northern Paya Lebar airbase reached 100% water levels in their drains today. This photo came to my mind.",37,7u94mv,https://i.redd.it/vt9btv3ywdd01.jpg,1,31-01-2018,
16,14,Coronavirus: Two of five patients who attended Paya Lebar church were not known to the church,39,f190ai,https://www.straitstimes.com/singapore/health/pastor-of-church-identified-as-potential-new-cluster-cautions-congregants-against,12,09-02-2020,
17,14,"Man charged with flying drone without permit at open field near Seletar Airport, Paya Lebar Air Base",35,cmmh2j,https://www.todayonline.com/singapore/man-charged-flying-drone-without-permit-open-field-near-seletar-airport-paya-lebar-air,12,06-08-2019,
18,14,Paya Lebar is surprisingly scenic,22,c7ospo,https://i.redd.it/bmqgbzbzrm731.jpg,11,01-07-2019,
19,14,B737 landing at Paya Lebar,21,9h0yd8,https://www.reddit.com/r/singapore/comments/9h0yd8/b737_landing_at_paya_lebar/,16,19-09-2018,Did anybody else spot a B737 landing at Paya Lebar Air Base (8:10am)? Anyone know why an airliner would land on a military base? I couldn't make out the livery but it was a red tail with a white circular design in the middle. Just a curious aviation enthusiast.
20,14,"A MH 737 joins her sister, A SQ 707 and her mother, A MSA B707 (operated by singapore airlines) after the split. Unknown location, likely to be Paya Lebar airport singapore before 1981. CR:The Long and winding road on facebook",21,ftoxyq,https://i.redd.it/ox5oz1z9hfq41.jpg,3,03-04-2020,
21,14,Buskers at Paya Lebar Square,13,c2qj43,https://www.reddit.com/r/singapore/comments/c2qj43/buskers_at_paya_lebar_square/,1,20-06-2019,"Does anyone know the name of the group of buskers that performed at 1030am today at Paya Lebar Square? They were collecting donations for Singapore Cancer Society too if i’m not wrong. 

I want to see if they have any online content. Was floored by their performance."
22,14,Why so many jets flying over Paya Lebar this evening?,14,7s5evu,https://www.reddit.com/r/singapore/comments/7s5evu/why_so_many_jets_flying_over_paya_lebar_this/,15,22-01-2018,There have been six go overhead in the past half hour. Usually you only hear them like this during the day. Anybody know what is going on? 
23,14,"Can anyone explain why the slopes at Paya Lebar & Eunos on PIE, towards Changi Airport seem to be a hotspot for accidents?",6,d9ixuq,https://www.reddit.com/r/singapore/comments/d9ixuq/can_anyone_explain_why_the_slopes_at_paya_lebar/,4,26-09-2019,"Just drove past an accident yesterday, at the Paya Lebar slope, on PIE towards Changi Airport.

As I recall, I have witnessed a couple of accidents there as well."
24,14,Ala Carte Tunglok Seafood Buffet at Paya Lebar Quarter ( PLQ ) Mall,0,k76qb5,https://youtu.be/Sr8wtLpYmCg,0,05-12-2020,
