,district_num,comment_id,comment_parent_id,comment_body,comment_link_id,created
0,8,dw3hzy2,t3_86a8qv,I hope those who take his ice cream at least bao the uncle a small ang bao,t3_86a8qv,22-03-2018
1,8,dw3im73,t3_86a8qv,"Lol I kena his ""offer"" both of the two times I needed to visit ICA.

I'm pretty convinced the free icecream periods are perpetual.

I insisted on paying for both times, cos he too cute. ",t3_86a8qv,22-03-2018
2,8,dw3jeai,t3_86a8qv,That's something gracious to see in Singapore.,t3_86a8qv,22-03-2018
3,8,dw3p22r,t3_86a8qv,"omg. this is the cutest, purest thing anyone has ever done, ever. I hope unker get lots amd lots of business and also 长命百岁 and every day happy. Bless this man ",t3_86a8qv,22-03-2018
4,8,dw3i6o1,t3_86a8qv,"Aw, that's so sweet of him! This might be a dumb question, but how does he keep track? ",t3_86a8qv,22-03-2018
5,8,dw3kgh4,t3_86a8qv,Guy is looking pretty good for 72!,t3_86a8qv,22-03-2018
6,8,dw3hro7,t3_86a8qv,"> #Lavender MRT ice cream uncle giving 1,000 free ice cream on his birthday. Again.

> Everyone loves ice cream on their birthday.

> For ice cream man Jimmy Teng, it means giving out 1,000 free ice creams on his birthday.

> In a photo that surfaced [on Twitter](https://twitter.com/hinamasayafrhn/status/976705572547342336) on March 22, 2018, Teng had a sign at his stand saying “1000 free ice cream 72 birthday.”

> Teng is stationed outside Lavender MRT station near the Immigration and Checkpoints Authority (ICA) building, his usual haunt for the past 14 years.

> This is the original tweet:

> Happy birthday uncle. Not all heroes wear capes [pic.twitter.com/MTt7OReE4r](https://t.co/MTt7OReE4r)

> — han (@hinamasayafrhn) [March 22, 2018](https://twitter.com/hinamasayafrhn/status/976705572547342336?ref_src=twsrc%5Etfw)

> This is the photo in case you can’t see it:

> 

> Affectionately known by many as Uncle Jimmy, this is not the first year that he has given out free ice cream during his birthday.

> In fact, it is his third time.

> On his 70th birthday in 2016, he had announced on his Facebook page that he would be giving out 700 servings of free ice cream to mark his birthday.

> The New Paper [reported](http://www.tnp.sg/news/singapore/ice-cream-man-gives-out-free-ice-cream-70th-birthday) that he prepared 1,000 servings instead, which cost him several hundred dollars, and managed to give out about 900 servings after six hours.

> He also told TNP this gesture was his way of thanking his customers for their support.

> This year, he also prepared 1,000 free servings.

> Happy birthday, Uncle Jimmy.

> Top photo by Twitter user @hinamasayafrhn

> If you like what you read, follow us on [link is removed] and [Twitter](https://twitter.com/MothershipSG) to get the latest updates.

>  Videos  

> Cool visual stories you just can’t peel your eyes off

>  S’poreans Anyhowly Driving  

> [Source](https://mothership.sg/2018/03/lavender-mrt-ice-cream-man/)

---
v4.0 | [Github](https://github.com/fterh/rsg-retrivr) | [Readme/Changelog](https://github.com/fterh/rsg-retrivr/blob/master/README.md) | Summon me: `/u/rsg-retrivr summon`
",t3_86a8qv,22-03-2018
7,8,dw3mjv5,t3_86a8qv,Looks like he is....pretty cool ,t3_86a8qv,22-03-2018
8,8,dw3n14a,t3_86a8qv,"wait, he has a facebook page?",t3_86a8qv,22-03-2018
9,8,dw3i0nq,t3_86a8qv,Did he get permission in black and white from walls to do such thing?! ,t3_86a8qv,22-03-2018
10,8,dw3rdlx,t3_86a8qv,sial lah legend,t3_86a8qv,22-03-2018
11,8,dw3t9jn,t3_86a8qv,"So cute! Nice to see Singaporeans showing our ""human"" side every now and then heh",t3_86a8qv,22-03-2018
12,8,dw5cdk5,t3_86a8qv,"!RemindMe 363days ""uncle's birthday on 22 March, remind redditors to give ang pao"" ",t3_86a8qv,23-03-2018
13,8,dw4bgrn,t3_86a8qv,"id rather he be retired and traveling the world. but then again, at least hes not 'exercising' with cardboard or something",t3_86a8qv,22-03-2018
14,8,dw3mv18,t3_86a8qv,Would he consider giving ice cream to the scdf personnel fighting fires? ,t3_86a8qv,22-03-2018
15,8,dw3lbjq,t1_dw3im73,"> I insisted on paying for both times, cos he too cute.

All according to keikaku",t3_86a8qv,22-03-2018
16,8,dw3qyei,t1_dw3p22r,[deleted],t3_86a8qv,22-03-2018
17,8,dw3ihzp,t1_dw3i6o1,"Probably marks his boxes and once all of them are empty, it's 1000",t3_86a8qv,22-03-2018
18,8,dw3ma88,t1_dw3kgh4,he looks about 60!,t3_86a8qv,22-03-2018
19,8,dw3n75p,t1_dw3mjv5,Definitely a chill dude in his 70s,t3_86a8qv,22-03-2018
20,8,dw3ilct,t1_dw3i0nq,Meta,t3_86a8qv,22-03-2018
21,8,dw44kf4,t1_dw3mv18,No. It will melt there.,t3_86a8qv,22-03-2018
22,8,dw3n57c,t1_dw3lbjq,His master plan fufufu~,t3_86a8qv,22-03-2018
23,8,dw3rghd,t1_dw3lbjq,TL Note:keikaku means plan,t3_86a8qv,22-03-2018
24,8,dw59pb8,t1_dw3lbjq,My roadside ice cream vendor can't be this cute!,t3_86a8qv,23-03-2018
25,8,dw4vm2h,t1_dw3qyei,"TL : 长命百岁 literally means have a long hundred year of life 

",t3_86a8qv,23-03-2018
26,8,dw3inrj,t1_dw3ihzp,Hahaha god bless him,t3_86a8qv,22-03-2018
27,8,dw3kyhx,t1_dw3ilct,He pays for the ice-cream beforehand anyway,t3_86a8qv,22-03-2018
28,8,dw3lva7,t1_dw3ilct,I don’t know the meta,t3_86a8qv,22-03-2018
29,8,dw4r93w,t1_dw3rghd,Good bot ,t3_86a8qv,22-03-2018
30,8,eiv4l51,t3_b2uu8e,There's a Thai food stall at Balestier food market. Good and quite cheap.,t3_b2uu8e,19-03-2019
31,8,eiv5qqc,t3_b2uu8e,They have a shop at tpy Lorong 6 too! How’s the service at Lavender’s?,t3_b2uu8e,19-03-2019
32,8,eiv6r8c,t3_b2uu8e,Soi Thai at Serangoon garden.,t3_b2uu8e,19-03-2019
33,8,eivw5e9,t3_b2uu8e,"I'm not sure why nobody's mentioning Golden Mile. I mean, that place is literally mini-Thailand and I have Thai colleagues which say the food joints there are the closest to the things they can get back home. I can't point you to a specific resto tho...",t3_b2uu8e,19-03-2019
34,8,eivm7gu,t3_b2uu8e,"Nangfa in Bedok. First Thai in Purvis. Jai Thai in Bishan. The latter has some other outlets but IMO the one in Bishan is the best. 

I also want to point out that Nakhon's standard has dropped drastically over the years - especially with the newer outlets. The Holland Village outlet has been infested with rats for a while even before they were caught and made to close to clear it up and the Century Square branch is simply dreadful. ",t3_b2uu8e,19-03-2019
35,8,eixdlrk,t3_b2uu8e,"Here are what I considered decent as a Thai, grouped by price range

&#x200B;

High end

\- UYKD at Clarke Quay

\- Baan Ying at Novena

\- Aroy Thai at Novena

\- Esarn Thai at Thomson / Pasir Panjang

&#x200B;

Mid end

\- Kin Moo at Bugis

\- Soi Thai at Tampines / Serangoon

\- Jai Thai at Bishan

\- Nakhon (food is ok but I hate the crowd haha)

\- Hungry Thai at Timbre+ one-north

\- Thai Restaurant below Harvey Norman (can't remember name), AMK

&#x200B;

Low end

\- Thai Stall, Koufu Fusionopolis

\- Thai Stall, Bishan S11 food court

\- Thai Stall called Authentic Thai, Amoy Food Center

\- Thai Gold Food, Bencoolen

\- Beer Thai House at Golden Mile Tower (not the Complex)

&#x200B;

Should be more but I have not tried them.",t3_b2uu8e,20-03-2019
36,8,eivaxbx,t3_b2uu8e,Nangfa Thai Kitchen at Bedok! It’s situated right next to Nakhon Bedok (apparently formed from some dispute) and I feel it’s better having had both. ,t3_b2uu8e,19-03-2019
37,8,eivakbv,t3_b2uu8e,"Ah Loy Thai @ Bugis.
Clear Tom Yum Soup is Bomb",t3_b2uu8e,19-03-2019
38,8,eiv7v12,t3_b2uu8e,"Soi Thai for their pineapple fried rice at serangoon garden


Aroy Thai is not bad for price


Thailand Street Food at Yishun is not bad but quite far ",t3_b2uu8e,19-03-2019
39,8,eivlt8d,t3_b2uu8e,Anyone able to recommend any singaporean places with authentic thai isan food other than at golden mile 😅,t3_b2uu8e,19-03-2019
40,8,eivm7y2,t3_b2uu8e,"Please go try Soi Aroy at Sim Lim Sq, they serve realllllly good noodles and they even have roti sai mai!! The owner’s rly friendly too and gave us a discount for no reason...",t3_b2uu8e,19-03-2019
41,8,eiv6bd6,t3_b2uu8e,"Thailand itself! :) Kinda feel like going for a short holiday. 

Regardless! Id like to recommend soul thai at JB city square! I think theyre really good for less than 10! ",t3_b2uu8e,19-03-2019
42,8,eiv5w1v,t3_b2uu8e,[deleted],t3_b2uu8e,19-03-2019
43,8,eivhwug,t3_b2uu8e,Nana near NUS is great! ,t3_b2uu8e,19-03-2019
44,8,eivx0px,t3_b2uu8e,"Royal Thai Boat Noodles at King Albert Park.

&#x200B;

Tuk Tuk Cha Bistro at Bedok Point.",t3_b2uu8e,19-03-2019
45,8,eiwd9rw,t3_b2uu8e,"Dee Tongue Thai by Rung Mama in Golden Mile. Authentic tasting, barely any locals it's on the quieter wing of the building. WARNING: Spice levels are for Thai taste buds, tell them to tone down",t3_b2uu8e,19-03-2019
46,8,eixd64o,t3_b2uu8e,Spicy Thai Thai Cafe! Its opposite the road of Nakhon Bedok. I'm not sure if it's an authentic Thai dish but their deep fried kangkong with their chillies is amazing ,t3_b2uu8e,20-03-2019
47,8,eiv7nyp,t3_b2uu8e,"Bangkok J.N Thai food at Clementi Ave 3 blk431
They used to be at Tanjong Katong, but a few years ago moved to Clementi. Run by a young Thai Couple. Cheap and really good.",t3_b2uu8e,19-03-2019
48,8,eivqrsp,t3_b2uu8e,Gold Thai Food at Sunshine Plaza.  Green curry fried rice to die for. Although how much of my opinion is just nostalgia from my broke SMU days I'm not sure,t3_b2uu8e,19-03-2019
49,8,eiw6ycn,t3_b2uu8e,r/hailcorporate,t3_b2uu8e,19-03-2019
50,8,eiv8o6i,t3_b2uu8e,Parkway Thai at One North also cheap and delicious. ,t3_b2uu8e,19-03-2019
51,8,eivf5z0,t3_b2uu8e,Can confirm soi47 is gr8.,t3_b2uu8e,19-03-2019
52,8,eivlqdb,t3_b2uu8e,Wow the food looks really good! How many stars out of 5 will you give?  [u/tarosukiyaki](https://www.reddit.com/user/tarosukiyaki) ,t3_b2uu8e,19-03-2019
53,8,eivtny4,t3_b2uu8e,Yellow Submarine is changing into a Thai restaurant. ,t3_b2uu8e,19-03-2019
54,8,eivvy7t,t3_b2uu8e,Threads like these will become increasingly important as Golden Mile winds down. Thanks for all the recommendations! ,t3_b2uu8e,19-03-2019
55,8,eiw0m3n,t3_b2uu8e,Lewu is underrated asf,t3_b2uu8e,19-03-2019
56,8,eiw6ui2,t3_b2uu8e,Theres a relatively unknown stall at 125 lorong 1 Tpy coffeeshop. It's actually quite legit without being expensive at all imo. The crew are all Thai too so you get pretty authentic food.,t3_b2uu8e,19-03-2019
57,8,eiwh357,t3_b2uu8e,"MBK Thai Food, just opposite Temasek Polytechnic",t3_b2uu8e,19-03-2019
58,8,eix9pgj,t3_b2uu8e, Kra pow Thai Restaurant at Far East Plaza's pretty decent! ,t3_b2uu8e,20-03-2019
59,8,eixc8w8,t3_b2uu8e,Golden Mile complex?,t3_b2uu8e,20-03-2019
60,8,eixcio4,t3_b2uu8e,Thailily at TPY Lorong 1. Not super nice but good enough. Great service + value for money,t3_b2uu8e,20-03-2019
61,8,eixddlb,t3_b2uu8e,Koat Aroy at Tai Seng.,t3_b2uu8e,20-03-2019
62,8,eixe37x,t3_b2uu8e,"เพื่อน Thai Gold Food@Bencoolen St

   It is real Thai foods and chief.  The cost is also below 10$. ",t3_b2uu8e,20-03-2019
63,8,eixesip,t3_b2uu8e,"Oh that's right. Sap Thai at Amoy Street market, anyone? ",t3_b2uu8e,20-03-2019
64,8,eixgq3z,t3_b2uu8e,"Thai5 at Purvis Street 
Pretty reasonably priced for what u get imo",t3_b2uu8e,20-03-2019
65,8,ej0f9ie,t3_b2uu8e,Nakhon Thai at Holland V or LeWu Cafe near botanics,t3_b2uu8e,21-03-2019
66,8,eivgur3,t3_b2uu8e,Thanks guys for the recommendations and suggestions! I post all my foodie adventures on my ig at [https://www.instagram.com/taro.sukiyaki/](https://www.instagram.com/taro.sukiyaki/) feel free to check it out if you're a foodie as well! ,t3_b2uu8e,19-03-2019
67,8,eiw548k,t3_b2uu8e,my top 3 personal favourite thai food shops are all in the HDB-area food courts! nakhon isn't great tbh.,t3_b2uu8e,19-03-2019
68,8,eiv5re8,t1_eiv4l51,U mean the hawker beside boon tong Kee?,t3_b2uu8e,19-03-2019
69,8,eivp9m3,t1_eiv4l51,"Seconded. Might be the thing I miss most about moving away from that area.

Normally gotta wait quite long for the food though ",t3_b2uu8e,19-03-2019
70,8,eiv5t2o,t1_eiv5qqc,Service was good! The staff were really attentive! ,t3_b2uu8e,19-03-2019
71,8,eixthp5,t1_eiv5qqc,Is it the one in the same kopitiam as that korean fried chicken?,t3_b2uu8e,20-03-2019
72,8,eix202z,t1_eiv6r8c,"I personally prefer the beef noodle stall (they sell many other Thai dishes too) at the basement of myVillage. Super authentic with Thai owners and cheap prices.

Soi Thai feels a bit commercialized but the food is good.",t3_b2uu8e,19-03-2019
73,8,eiw3esu,t1_eivw5e9,"I recommend Nana's at Golden Mile. At least, they've not disappointed me on the times I've eaten there. I would avoid their tom yum soup, but everything else is really good.",t3_b2uu8e,19-03-2019
74,8,eixcsw2,t1_eivw5e9,Am Thai but I avoid Golden Mile like crazy. Hate the vibe there haha.,t3_b2uu8e,20-03-2019
75,8,eiw3kdx,t1_eivm7gu,"thanks for sharing how bad CSQ Nakhon can be! will avoid it at all costs. And yes, i definitely agree with Nangfa Bedok. I will queue there even if the wait time is longer than its neighbour",t3_b2uu8e,19-03-2019
76,8,eix9pjf,t1_eivm7gu,Yes the CS outlet food quality is really horrible! But still got lots of people queuing during meal times though. My parents are huge fans of Thai food and I brought them there to try it. Didn’t return after that. Lol,t3_b2uu8e,20-03-2019
77,8,eixhkzo,t1_eivm7gu,Been to Jai Thai a few times and they're food is great! I didn't know there's more branches though. ,t3_b2uu8e,20-03-2019
78,8,eivozn1,t1_eivaxbx,Apparantly they are cousins or something and due to a dispute on the business they decided to split. The original Nakhon is now situated at the Nangfa Thai Kitchen location and i have always found Nangfa to be the better one out of the two even though they are nearly side by side at the row of bedok shophouses.s,t3_b2uu8e,19-03-2019
79,8,eix9hd4,t1_eivakbv,"Their food quality has gotten worse though. Went there early 2018 and the chicken in Tom yum soup wasn’t fully cooked. They cooked again and sent it out - chicken still wasn’t fully cooked :( besides uncooked chicken, the servings from other seemed to have gotten smaller and tasted different eg. Pad Thai. I suspect the cook has changed.

I had high expectations from them as I was a fan since it’s Shaw Towers days. So disappointed after my visit",t3_b2uu8e,20-03-2019
80,8,eix7paz,t1_eivakbv,Have been eating there since they were at Shaw Tower. I prefer their thick tom yum tho.,t3_b2uu8e,20-03-2019
81,8,eixwgfy,t1_eivlt8d,Esarn Thai food at upper Thomson is decent enough but quite pricey.,t3_b2uu8e,20-03-2019
82,8,eiwdczt,t1_eivm7y2,Where at SLS?,t3_b2uu8e,19-03-2019
83,8,eivgyjq,t1_eiv5w1v,Isn't that Nakhon? Was it renamed or just another GST-free Thai eatery taking over the same spot? ,t3_b2uu8e,19-03-2019
84,8,eix7w3v,t1_eiwd9rw,YEH! Was waiting to see this pop-up.,t3_b2uu8e,20-03-2019
85,8,eivrnwd,t1_eivlqdb,4/5!! There's really nothing to hate but won't give full marks! ,t3_b2uu8e,19-03-2019
86,8,eiv5t1v,t1_eiv5re8,Yeah. The stall is at the right corner. I think it's called John Thai food.,t3_b2uu8e,19-03-2019
87,8,eiv6b26,t1_eiv5t2o,Gosh then I must forsake the one in TPY. ,t3_b2uu8e,19-03-2019
88,8,eiy3y7c,t1_eixthp5,"No no it’s at block 47, near Lorong 5 market",t3_b2uu8e,20-03-2019
89,8,eixbk5a,t1_eiw3esu,what about the Diandin Leluk restaurant? anyone been there? I went there and it's not bad.,t3_b2uu8e,20-03-2019
90,8,eixbu5g,t1_eix9pjf,"> I brought them there to try it.

Might as well go Thai Express. ",t3_b2uu8e,20-03-2019
91,8,eivydnk,t1_eivozn1,Yup that's the story. Also agree that Nangfa is better. ,t3_b2uu8e,19-03-2019
92,8,eiwuw1n,t1_eiwdczt,"It’s on the second floor, along one of the quieter lanes where there’s a stretch of food places. I think easiest landmark is nuphoto? Before walking in. Hope this helps!",t3_b2uu8e,19-03-2019
93,8,eiv6m2i,t1_eiv6b26,Is the service bad over there? ,t3_b2uu8e,19-03-2019
94,8,eixjxnu,t1_eixbk5a,Came here for this... take my \^,t3_b2uu8e,20-03-2019
95,8,eixvzsp,t1_eixbk5a,Ah I'm not too sure about this one haven't tried it yet. But online reviews says it's not bad! I will try it the next time I'm there. Any specific dishes you recommend?,t3_b2uu8e,20-03-2019
96,8,ej1600k,t1_eixbu5g,Ikr,t3_b2uu8e,21-03-2019
97,8,eiwvwos,t1_eiwuw1n,Okay thanks! Will check it out.,t3_b2uu8e,19-03-2019
98,8,eiv6wxw,t1_eiv6m2i,Non-existent. Everyone there face black black,t3_b2uu8e,19-03-2019
99,8,eixj75k,t1_eiwvwos,review get 10% off lol,t3_b2uu8e,20-03-2019
100,8,eivbbhx,t1_eiv6wxw,"Where got, my family and I go there quite frequently and they were nice",t3_b2uu8e,19-03-2019
101,8,eivd78q,t1_eiv6wxw,Yea I had the same experience. I prefer DK Thai at Lorong 2. It’s in a coffee shop but food is really good and friendly service.,t3_b2uu8e,19-03-2019
102,8,eglu02m,t3_ar7dlg,"NAAAAAAAAAANTS INGONYAAAAAAA

BAGITHI BABAAAAAAAAAA",t3_ar7dlg,16-02-2019
103,8,egleufy,t3_ar7dlg,CThub or Aperia?,t3_ar7dlg,16-02-2019
104,8,e8acu2w,t3_9qmpyw,incredible.,t3_9qmpyw,23-10-2018
105,8,e8ar4xk,t3_9qmpyw,Hey that's my grandfather's road,t3_9qmpyw,23-10-2018
106,8,e8ancje,t3_9qmpyw,"wow, what year is this? Definitely doesn't look like anything i've seen from the post-independence era",t3_9qmpyw,23-10-2018
107,8,e8cbk5b,t3_9qmpyw,[deleted],t3_9qmpyw,24-10-2018
108,8,e8ahdx3,t1_e8acu2w,esp that swarm of bees that looks like they're trying to spell something out,t3_9qmpyw,23-10-2018
109,8,e8aqbod,t1_e8ancje,"The photo seems to come from the same range as some of the postcards here: [http://www.nas.gov.sg/archivesonline/eCards/ecard\_main.jsp](http://www.nas.gov.sg/archivesonline/eCards/ecard_main.jsp)

I'm gonna go out on a limb and say they came from between 1905-1915, because one of the similar-looking photos was signed off in 1919, and another has trams, which weren't a thing till 1905.",t3_9qmpyw,23-10-2018
110,8,e8cf5fn,t1_e8cbk5b,"Where do you live? I live in Bedok South and my area used to be a hill facing the sea, even as recent as the 1960s. It was only in the 70s when they started to re-terrain to form east coast ",t3_9qmpyw,24-10-2018
111,8,goph17b,t3_ls7i85,"What happened?

Edit: Photos of SCDF and ambulances from mothership (https://mobile.twitter.com/mothershipsg/status/1364943762330316800?s=21)",t3_ls7i85,25-02-2021
112,8,gopl148,t3_ls7i85,East-West MRT service disrupted after person enters tunnel and is killed https://www.straitstimes.com/singapore/east-west-mrt-services-disrupted-after-person-enters-tunnel-and-is-killed,t3_ls7i85,25-02-2021
113,8,gopgvr5,t3_ls7i85,Seems to be something serious sigh,t3_ls7i85,25-02-2021
114,8,gopixpc,t3_ls7i85,"Some photos going around: 

https://pbs.twimg.com/media/EvFAqOAVIAQNh3b?format=jpg&name=small 

https://pbs.twimg.com/media/EvFCcnUXYAo6YJN?format=jpg&name=900x900 

https://pbs.twimg.com/media/EvFCjM-UcAMtHrR?format=jpg&name=small 

https://pbs.twimg.com/media/EvFC8fTXMAEwt72?format=jpg&name=900x900

https://pbs.twimg.com/media/EvFC_pJU4AMDuFH?format=jpg&name=900x900 

There are more, but some are FB links which are not allowed here.",t3_ls7i85,25-02-2021
115,8,gopnm6i,t3_ls7i85,Yeah I entered aljunied otw home clueless. More policemen and staff than passengers on the platform. Was told to take train at opposite side towards Pasir ris. Seems the train at this side is just shuttling between Pasir ris and aljunied now.,t3_ls7i85,25-02-2021
116,8,gopm0oj,t3_ls7i85,"1 dead, he/she entered the tunnel, I'm assuming suicide.",t3_ls7i85,25-02-2021
117,8,gophpmg,t3_ls7i85,[removed],t3_ls7i85,25-02-2021
118,8,gopvguh,t3_ls7i85,"When people kill themselves, sometimes they want to make it as disruptive as possible. There was a wave of mrt suicides in the past until they were forced to put up the platform barriers you see today.

By discussing this incident we are glamorizing mrt suicides. I suspect it will lead to a copycat in a few weeks time. But what can you do, people will be people.",t3_ls7i85,25-02-2021
119,8,gopgomq,t3_ls7i85,[deleted],t3_ls7i85,25-02-2021
120,8,gopkzv6,t3_ls7i85,A page on fb has a comment claiming that it could be a tunnel fire,t3_ls7i85,25-02-2021
121,8,gopn6ty,t1_gopl148,[deleted],t3_ls7i85,25-02-2021
122,8,gopigvq,t1_gopgvr5,"From photos circulating seems to suggest somebody fell onto the track and got hit/ran over. 

I’m guessing don’t POFMA me.",t3_ls7i85,25-02-2021
123,8,gophpnk,t1_gophpmg,"Facebook links are not allowed on this subreddit.

*I am a bot, and this action was performed automatically. Please [contact the moderators of this subreddit](/message/compose/?to=/r/singapore) if you have any questions or concerns.*",t3_ls7i85,25-02-2021
124,8,goqgnsf,t1_gopvguh,platform barriers were put up because a foreigner girl fell in by accident and handicap for life or something. not because of suicide cases,t3_ls7i85,25-02-2021
125,8,gopnlma,t1_gopgomq,Someone died :(,t3_ls7i85,25-02-2021
126,8,goplk5a,t1_gopkzv6,"https://www.straitstimes.com/singapore/east-west-mrt-services-disrupted-after-person-enters-tunnel-and-is-killed

Someone entered the tunnel",t3_ls7i85,25-02-2021
127,8,gopn1ij,t1_gopkzv6,"Tunnel fire probably won't need that many police cars and officers on the scene. But at this rate, that stretch probably won't open till tomorrow morning",t3_ls7i85,25-02-2021
128,8,gopnx0s,t1_gopn6ty,Honestly I don’t blame SMRT. U can’t really prevent this sort of things given the high frequency of trains + somebody dedicated will be able to bypass most security.,t3_ls7i85,25-02-2021
129,8,goq942r,t1_gopn6ty,Don't anyhow blame la,t3_ls7i85,25-02-2021
130,8,gopj11s,t1_gopigvq,Did you also see the photos of how high the platform barriers are? Seems unlikely...,t3_ls7i85,25-02-2021
131,8,gopk1zb,t1_gopigvq,"~~Quite unlikely as that would have resulted in train services being disrupted. The current images seem to indicate that trains are simply skipping these 2 stations, which could imply something happened in the stations and not on the tracks.~~

EDIT: Train service has been disrupted!

From SMRT Twitter:

>[EWL] UPDATE: No train services btwn #Bugis and #Aljunied. Free regular and free bridging bus are available between Bugis and Aljunied.",t3_ls7i85,25-02-2021
132,8,gopj0g7,t1_gopigvq,Huh but they are gates there now what,t3_ls7i85,25-02-2021
133,8,gorgmqp,t1_gopnlma,I apologise for my comment...it was really crass and I should have known better.,t3_ls7i85,25-02-2021
134,8,gos8tlb,t1_gopnlma,Oh you guys actually care about dead people and didn’t make dark humour jokes? Lmao,t3_ls7i85,26-02-2021
135,8,goprejg,t1_gopnx0s,"just highlights how fragile the local network is, anything happen to any single lane and poof, no reroutes",t3_ls7i85,25-02-2021
136,8,gopj8to,t1_gopj0g7,It's not that difficult to climb over if you want to,t3_ls7i85,25-02-2021
137,8,gopvqwi,t1_goprejg,"Actually more like our society works heavily on the honour system. Any dedicated fucker can easily fuck up a major part anything. Most of those security barriers etc is more to prevent people from accidentally wandering into dangerous/sensitive areas  rather than outright prevent foul play. 

I mean, look at it this way - so many of us drive cars and there is a huge trust that somebody isn’t going to just not obey traffic rules and fuck everybody up. Imagine some idiot who just want to cause trouble drive across the center divider on an expressway and crash into oncoming traffic. How to prevent these sort of things?",t3_ls7i85,25-02-2021
138,8,goqn9sr,t1_goprejg,You want back up train lines to back up train lines to the actual train lines? What is your actual plan here?,t3_ls7i85,25-02-2021
139,8,gopjgow,t1_gopj8to,Lavender is underground station,t3_ls7i85,25-02-2021
140,8,goq0pjs,t1_gopvqwi,"Don't think there is a surefire way to prevent a person from driving against the flow of traffic, or crashing their own car to create trouble?

If said person really has the intent, how is it possible to prevent?",t3_ls7i85,25-02-2021
141,8,goq2gjh,t1_gopvqwi,that guy is obviously complain for sake of complaining lol,t3_ls7i85,25-02-2021
142,8,goq4ytc,t1_gopvqwi,"thats human factor, what about weather? freak accidents, mechanical failures...etc

honour system just sounds like a bad excuse for engineering and planning",t3_ls7i85,25-02-2021
143,8,gopjofb,t1_gopjgow,Incident is at kallang I believe,t3_ls7i85,25-02-2021
144,8,goq6ew9,t1_goq0pjs,engineers have tough jobs,t3_ls7i85,25-02-2021
145,8,goq4sgd,t1_goq2gjh,"not really, sg metro has the quirk of having one lane in each direction while major metropolitan routes around the world usually go with multiple tracks along with a much higher route density. yes reroutes and changes are annoying but things rarely ever stop",t3_ls7i85,25-02-2021
146,8,gopkzjt,t1_gopjofb,"tweet says its at lavender, but checking smrt twitter and mothership twitter there is no mention that it happened at lavender, so yeah, maybe this source got it wrong

Edit: The train is stopped in between the stations not at the station so the incident probably happened on the train, not suicide   


Edit edit: so that was lie, i apparently didn't consider that a person can walk down the tracks",t3_ls7i85,25-02-2021
147,8,gorswlp,t1_goq4sgd,Yes but those cities have space. SG isn’t that big to have re routes,t3_ls7i85,26-02-2021
148,8,ej74hjl,t3_b4gwcf,heehee the merlion so cute,t3_b4gwcf,23-03-2019
149,8,ej728dc,t3_b4gwcf,I went after reading a recommendation online. The place looks as if it was frozen in time. I managed to order before the queue starts forming up. The coffee was good but the bread and half boiled eggs were average. The food was prepared by two old uncles using very traditional methods. Be prepared to wait. ,t3_b4gwcf,23-03-2019
150,8,ej7040k,t3_b4gwcf,Make sure u dip the toast into the egg.,t3_b4gwcf,23-03-2019
151,8,ej6rwky,t3_b4gwcf,"Did you try their kopi gu yau? Damn good.

My gf and I had our first date here (her suggestion). ",t3_b4gwcf,23-03-2019
152,8,ej6m271,t3_b4gwcf,"Chaotah, bruh. Jin yummy, but jin sinful.",t3_b4gwcf,23-03-2019
153,8,ej8zifb,t3_b4gwcf,Just needs some you tiao to dip into the kopi.,t3_b4gwcf,24-03-2019
154,8,ej7eqko,t1_ej74hjl,I thought is mouse sia,t3_b4gwcf,23-03-2019
155,8,ej72bc6,t1_ej7040k,My friends look at me weird when I do it!I thought it's normal...,t3_b4gwcf,23-03-2019
156,8,ej76vdh,t1_ej72bc6,"My parents always say it's the 'old way of eating' lol. Whenever I go to yakun or whatever, I don't see anyone else do it either...",t3_b4gwcf,23-03-2019
157,8,ej7729c,t1_ej76vdh,o_O guess I'm a traditional guy!,t3_b4gwcf,23-03-2019
158,8,fmobv28,t3_fwhlo6,finally a seat for the NS personnel,t3_fwhlo6,07-04-2020
159,8,fmoe2km,t3_fwhlo6,you know it's not crowded at all when even an nsf sits down,t3_fwhlo6,07-04-2020
160,8,fmob7hg,t3_fwhlo6,"Wow, dope. Even my condo, which was full of kids and parents yest, is now empty. Glad to see cb actually producing results.",t3_fwhlo6,07-04-2020
161,8,fmoj9ia,t3_fwhlo6,Almost like 20 years ago,t3_fwhlo6,07-04-2020
162,8,fmoxz7w,t3_fwhlo6,Well done though.,t3_fwhlo6,07-04-2020
163,8,fmozmzx,t3_fwhlo6,I hope all of them are working for essential services.,t3_fwhlo6,07-04-2020
164,8,fmofgo3,t1_fmobv28,Finally can sit without guilt,t3_fwhlo6,07-04-2020
165,8,fmp7hxk,t1_fmobv28,Takes a virus for NS personnel to be comfortable enough to sit down.,t3_fwhlo6,07-04-2020
166,8,fmrht5h,t1_fmoe2km,"This is what i doing now lmao.

Got activated to go other camp and serve ""simulated 7 SOL"".",t3_fwhlo6,08-04-2020
167,8,fmod581,t1_fmob7hg,"People (parents and kids) are still playing basketball in my neighbourhood (Punggol). I also saw 3 old men seated together at a picnic table and chatting away like nobody’s business. 


It does produce results. But there are still ignorant people who can’t seem to play ball.",t3_fwhlo6,07-04-2020
168,8,fmotskr,t1_fmoj9ia,"I guess a lot of people got out of cars. 4 million in 2000, 5.8 million in 2020",t3_fwhlo6,07-04-2020
169,8,fmokpf2,t1_fmofgo3,"Got hair la, confirm laojiao or regglers. 

Only the botaks will phobia of seats, from my personal observations.",t3_fwhlo6,07-04-2020
170,8,fmoead7,t1_fmod581,Cant seem to play ball.. are u referring to the baseball players or all people out unnevessarily lol,t3_fwhlo6,07-04-2020
171,8,fmp4b9r,t1_fmokpf2,"One time I took a cab and the driver asked how was my reservist, I ask him why he think I came out of reservist. He replied "" Cuz your no 4 looks like shit """,t3_fwhlo6,07-04-2020
172,8,fmoemoh,t1_fmoead7,It’s a pun. Referring to the ignorant people who still want to come out and socialise.,t3_fwhlo6,07-04-2020
173,8,fmp7l8k,t1_fmp4b9r,Lmao we call it the fuck 4.,t3_fwhlo6,07-04-2020
174,8,fmpulnz,t1_fmp4b9r,Plot twist: Driver was a sgt and was itching to make you go back for a change parade.,t3_fwhlo6,07-04-2020
175,8,fmoetyc,t1_fmoemoh,Nice,t3_fwhlo6,07-04-2020
176,8,f0o7kve,t3_d5vdhk,haze vs no haze,t3_d5vdhk,18-09-2019
177,8,f0o7lto,t3_d5vdhk,Don't think it will stop the folks anyway so you online media folks want take just take but remember to credit and link back to r/Singapore,t3_d5vdhk,18-09-2019
178,8,f0o7p4f,t3_d5vdhk,slight elevation,t3_d5vdhk,18-09-2019
179,8,f0o7ta7,t3_d5vdhk,Flyer and no flyer,t3_d5vdhk,18-09-2019
180,8,f0oa6wn,t3_d5vdhk,When the big Singapore Fan is working vs not working,t3_d5vdhk,18-09-2019
181,8,f0ocpm5,t3_d5vdhk,Before and Afters of Singapore becoming part of China.,t3_d5vdhk,18-09-2019
182,8,f0o85y3,t3_d5vdhk,Can’t even see the flyer damn,t3_d5vdhk,18-09-2019
183,8,f0o8657,t3_d5vdhk,The Singapore Flyer has been demolished,t3_d5vdhk,18-09-2019
184,8,f0o9305,t3_d5vdhk,that building that was under construction in the bottom pic is now completed,t3_d5vdhk,18-09-2019
185,8,f0ob3i6,t3_d5vdhk,"Walau, just look at the difference in the greenery/grass. Not only its hazey, its dry af too.",t3_d5vdhk,18-09-2019
186,8,f0odhji,t3_d5vdhk,Construction in bottom left,t3_d5vdhk,18-09-2019
187,8,f0ojjbh,t3_d5vdhk,Flyer is gone :(,t3_d5vdhk,18-09-2019
188,8,f0olmvr,t3_d5vdhk,thats where I live... asthma attacks are back yay,t3_d5vdhk,18-09-2019
189,8,f0opxi2,t3_d5vdhk,One is clearer and the other is not,t3_d5vdhk,18-09-2019
190,8,f0qp5ha,t3_d5vdhk,Lavender town music plays,t3_d5vdhk,19-09-2019
191,8,f0r0ol3,t3_d5vdhk,"Bet you did this!  [https://sleeklens.com/dehaze-adjustment-in-photoshop-cc/#targetText=Select%20the%20picture%20you%20want,for%20accessing%20the%20Dehaze%20options.](https://sleeklens.com/dehaze-adjustment-in-photoshop-cc/#targetText=Select%20the%20picture%20you%20want,for%20accessing%20the%20Dehaze%20options.)",t3_d5vdhk,19-09-2019
192,8,f0o7niq,t1_f0o7kve,Sure. There's something missing though.,t3_d5vdhk,18-09-2019
193,8,f0o8nty,t1_f0o7p4f,"You are fun at parties aren't you? :) 

I am amused though.",t3_d5vdhk,18-09-2019
194,8,f0oc49b,t1_f0o7p4f,Increased traffic flow during the haze too.,t3_d5vdhk,18-09-2019
195,8,f0o8mjp,t1_f0o7ta7,There's something else. The angle is harder to look at though.,t3_d5vdhk,18-09-2019
196,8,f0o8n1j,t1_f0o85y3,And a prominent building close to Flyer too.,t3_d5vdhk,18-09-2019
197,8,f0o8n8c,t1_f0o8657,Indeed it has.,t3_d5vdhk,18-09-2019
198,8,f0o99r8,t1_f0o9305,I didn't notice that myself. Kudos.,t3_d5vdhk,18-09-2019
199,8,f0o7sd9,t1_f0o7niq,"Just a wild guess, but are you referring to my will to live?",t3_d5vdhk,18-09-2019
200,8,f0o946f,t1_f0o7niq,Eh haze cannot see the singapore flyer in the bg,t3_d5vdhk,18-09-2019
201,8,f0o8nva,t1_f0o8n1j,Lmao didn’t even notice was too focused on the flyer 😂,t3_d5vdhk,18-09-2019
202,8,f0od5ax,t1_f0o99r8,gbtb?,t3_d5vdhk,18-09-2019
203,8,f0o7vs0,t1_f0o7sd9,In this haze everyone's will to live is sagging,t3_d5vdhk,18-09-2019
204,8,f0o8qrb,t1_f0o8nva,"Don't blame you, flyer's closer to my workplace anyway",t3_d5vdhk,18-09-2019
205,8,fhqa4l1,t3_f4bex7,"I charge $10 for my footwork, $10 for a photoshoot of your belongings in high res and 10% commission on prevailing postage rates. https://www.singpost.com/postage-rate .

If you choose to have me safekeep for you until you return, it is $0.10/day, $10/month, $100/year up to max $1000 after which I will destroy it with kerosene and fire. A video of me destroying it will come at additional $100. /s


J/k. those are the airmail rates for your reference.",t3_f4bex7,15-02-2020
206,8,fhp6zhx,t3_f4bex7,PMed you!,t3_f4bex7,15-02-2020
207,8,fhq1x5r,t3_f4bex7,"I'm willing to help since its not too far, hmu if you're interested!",t3_f4bex7,15-02-2020
208,8,fhp88mv,t3_f4bex7,"This story is so shady. So you are not in Singapore, and are asking someone who you don’t know on an Internet forum to collect your wallet for you which you left in a locker at a hostel (??) which has all your cards.

Wtf dude",t3_f4bex7,15-02-2020
209,8,fhqi400,t3_f4bex7,I can mail the stuff back to you. PM me if you still need help.,t3_f4bex7,15-02-2020
210,8,fhp7vvk,t3_f4bex7,I’m kinda curious about how you left the country without realising your wallet was missing.,t3_f4bex7,15-02-2020
211,8,fhp6xii,t3_f4bex7,"TBH, waiting for the hostel to revert w solution may still be the safest option. 

Just ask them to ship the belongings back to your residence & charge the postage to your CC.",t3_f4bex7,15-02-2020
212,8,fhqkdl0,t3_f4bex7,That's how drug mules get hanged.,t3_f4bex7,15-02-2020
213,8,fhra7pa,t3_f4bex7,What if I get arrested by CNB immediately when I open the locker? :(,t3_f4bex7,16-02-2020
214,8,fhr4iep,t3_f4bex7,Don't you have any friend or acquaintances here? Ask them to help you pick it up,t3_f4bex7,16-02-2020
215,8,fhpax1i,t1_fhp88mv,"You’re not wrong. But the cards have been cancelled and there’s no money in there. Unless someone can make use of my foreign drivers license or a transit card with 2 AUD on it that only works in Sydney, then I literally have nothing to lose. It’s already in the care of a very disinterested secretary.",t3_f4bex7,15-02-2020
216,8,fhp9yl2,t1_fhp7vvk,"I actually have two wallets! One has my cash, cards, and identification and the other has things like old gift cards, public transport cards I’ve collected, currency that’s useless to me, business cards I’ll need later, credit cards I don’t use abroad, etc etc. Stuff I don’t want to carry on my person daily but that I would like to hold on to or might need later.

But yeah. I’m pretty disappointed in myself.",t3_f4bex7,15-02-2020
217,8,fhp94my,t1_fhp6xii,Yeah they didn’t offer. I had to call three times and beg before they would even make a trip to the locker to confirm the the items were indeed still there (it was just a few meters from the front desk),t3_f4bex7,15-02-2020
218,8,fhrhg4q,t1_fhra7pa,"Nobody’s required to open a locker! Sorry I didn’t realize that was the sketchy component to this situation everyone is hung up on. The items are with a receptionist. You can go look at them, decide whether they are harboring drugs, and take them or not 🤷‍♀️",t3_f4bex7,16-02-2020
219,8,fhp9css,t1_fhp94my,"Sometimes reception <> management or customer service. 

I’d have gone the route of either email or FB page post, or both so the appropriate personnel / manager is handling the case.",t3_f4bex7,15-02-2020
220,8,eaatlxu,t3_9zorqk,Wow thanks for the context man,t3_9zorqk,23-11-2018
221,8,eaaw2q9,t3_9zorqk,hope everyone is safe.,t3_9zorqk,23-11-2018
222,8,eaayuxt,t3_9zorqk,downvoted for zero context. lazy bugger,t3_9zorqk,23-11-2018
