,district_num,title,score,id,url,comms_num,created,body
0,8,"TIL that Farrer Park View HDB flats are built with no southwest-facing windows and openings from the 14th floor onwards, to restrict the view towards the Istana.",904,lvrrxs,https://www.reddit.com/gallery/lvrrxs,96,02-03-2021,
1,8,Where are the patients? Farrer Park Hospital with 600 staff sees about 60 patients a week,366,bi6aq0,https://www.straitstimes.com/singapore/health/where-are-the-patients-0,91,28-04-2019,
2,8,Exploring Bugis/Farrer Park through the back alleys and hidden places,108,jqd7cd,https://www.reddit.com/gallery/jqd7cd,7,08-11-2020,
3,8,Super clear afternoon in Farrer Park. No filters on this pic taken from an HDB balcony.,76,g5zrhw,https://i.redd.it/ip874iyqycu41.jpg,19,22-04-2020,
4,8,true poetry at farrer park toilet,74,fb9ucz,https://i.redd.it/3xnomb8attj41.jpg,17,29-02-2020,
5,8,Anything fun to do near Farrer Park?,3,9mrkq2,https://www.reddit.com/r/singapore/comments/9mrkq2/anything_fun_to_do_near_farrer_park/,12,10-10-2018,I've googled but most came back with food which I already have it down. I just need entertaining things to do near the Farrer Park MRT.
