,district_num,title,score,id,url,comms_num,created,body
0,8,Auntie forces MRT door open and gets herself stuck at Little India. Insane strength/10,3938,cwebdp,https://v.redd.it/xl1b7bg6k3j31,441,28-08-2019,
1,8,After a Heavy Downpour | Little India,2428,jnarr9,https://i.redd.it/mml4vmil71x51.jpg,62,03-11-2020,
2,8,"Deepavali is coming soon and Little India as usual, is decorated beautifully.",357,jbkhhg,https://www.reddit.com/gallery/jbkhhg,17,15-10-2020,
3,8,A quick jaunt around Little India,308,je3l2k,https://www.reddit.com/gallery/je3l2k,26,19-10-2020,
4,8,Man reports Xiaxue to police over 2010 ‘little india’ tweet | Coconuts Singapore,296,hmq3dl,https://coconuts.co/singapore/lifestyle/man-reports-xiaxue-to-police-over-2010-little-india-tweet/,110,07-07-2020,
5,8,"Taking a walk in Little India and there were a few nice ladies giving out free coffee and snacks, especially to the foreign workers here. Nice people :)",277,du9wkd,https://i.redd.it/kjm1mpzz6ux31.jpg,17,10-11-2019,
6,8,Impact on economy is real. This is Bismillah Biryani in Little India on a Friday afternoon! Scary!,215,f3o8ew,https://i.redd.it/gmqqnf1k3ug41.jpg,64,14-02-2020,
7,8,Two men arrested for discharging fireworks in Little India,122,9unqly,https://www.straitstimes.com/singapore/two-men-arrested-for-discharging-fireworks-in-little-india,29,06-11-2018,
8,8,Graffiti @Little India,97,9o06hr,https://i.redd.it/2gxz4bdjx2s11.jpg,9,14-10-2018,
9,8,Man found dead at foot of Little India HDB block; police discover body of his mother in flat,43,caxe9c,https://www.straitstimes.com/singapore/man-found-dead-at-foot-of-little-india-hdb-block-police-discover-body-of-his-mother-in,4,09-07-2019,
10,8,"I did not choke him to death, says man involved in upskirt video death case in Little India",38,dr9ogu,https://www.straitstimes.com/singapore/i-did-not-choke-him-to-death-says-man-involved-in-upskirt-video-death-case,44,04-11-2019,
11,8,PSP Member Jonathan Soh Tells Bangladeshi Foreign Workers to Go Riot at Little India,35,g8zzcm,https://www.singaporeink.net/2020/04/24/psp-member-jonathan-soh-tells-bangladeshi-foreign-workers-to-go-riot-at-little-india/,36,27-04-2020,
12,8,"Alright alright, who left their spaceship at the curb? 6am, from little india",34,j2b0kt,https://imgur.com/gallery/KgtVCdw,35,30-09-2020,
13,8,Man fined for setting off fireworks in Little India on Deepavali,25,ei4pbk,https://www.channelnewsasia.com/news/singapore/fireworks-little-india-deepavali-man-fined-12222020,9,01-01-2020,
14,8,Big drama in Little India as Ferrari driver is 'abducted' by four men,27,id3jt5,https://www.tnp.sg/news/singapore/big-drama-little-india-ferrari-driver-abducted-four-men,14,20-08-2020,
15,8,"A BMW crashed at Little India, injuring 2 pedestrians",29,knk37e,https://youtu.be/wx9gE-uQd34,27,31-12-2020,
16,8,"Does SWW stand for Singapore Water Works? At the time the city center was managed by the City Council of Singapore (SCC), which ran the city center area from around 1951 to 1965. Little India, Singapore.",22,j6in3i,https://i.redd.it/qr4r38830lr51.jpg,8,07-10-2020,
17,8,"Cattle, coloured lights in Little India to mark Pongal",18,eogm1s,https://www.straitstimes.com/singapore/cattle-coloured-lights-in-little-india-to-mark-pongal,5,14-01-2020,
18,8,Eight people fined for flouting safety measures in Little India,18,jshsw3,https://www.tnp.sg/news/singapore/eight-people-fined-flouting-safety-measures-little-india,5,12-11-2020,
19,8,North East Line hit by delays during morning rush hour due to faulty train at Little India,7,8be9kk,http://www.straitstimes.com/singapore/transport/train-fault-causes-delays-on-north-east-line-during-morning-peak,4,11-04-2018,
20,8,Skateshop near Little India/Singapore Centre?,4,9qrabx,https://www.reddit.com/r/singapore/comments/9qrabx/skateshop_near_little_indiasingapore_centre/,4,24-10-2018,"Hey there

Im here in Singapore to visit a friend for a few days. Does anybody know where i can find a skateshop near Little India or just downtown Singapore? I need to go buy a few things

Thanks in advance "
21,8,"Coronavirus: after Little India riot, Singapore promised migrant workers decent housing. What happened?",0,gbztp2,https://www.scmp.com/week-asia/health-environment/article/3082453/coronavirus-after-little-india-riot-singapore-promised?utm_content=article&utm_medium=Social&utm_source=Facebook#Echobox=1588386801,39,02-05-2020,
22,8,Fire engulfs terrace house near Little India,2,8wlc5t,https://www.channelnewsasia.com/news/singapore/fire-engulfs-terrace-house-near-little-india-10506572,0,07-07-2018,
23,8,Superheroes at Little India,0,bkwdk5,https://i.redd.it/hjmhuccagdw21.jpg,1,05-05-2019,
24,8,Hip-hop has enter little India!,0,d0dokn,https://youtu.be/pUk_ZaZjuW0,3,06-09-2019,
25,8,Need hostel/airbnb recommendations in or around Little India.,0,al04gi,https://www.reddit.com/r/singapore/comments/al04gi/need_hostelairbnb_recommendations_in_or_around/,3,29-01-2019,"It'll be great if you could provide me with backpacker or airbnb options available near Little India. It should be near the metro station, should have a vibrant and social environment,  and most importantly the belongings should be safe.  
Thanks!  
"
