,district_num,title,score,id,url,comms_num,created,body
0,22,Stabbing/Slashing incident happened at Boon Lay NTUC.,480,j6ms61,https://i.imgur.com/qGg7L4F.png,137,07-10-2020,
1,22,Queue at Boon Lay because of social distancing measures affecting the entrances,219,fprwha,https://i.redd.it/1dbqxo4yp5p41.jpg,69,27-03-2020,
2,22,Grab mixed up countries and put the Malaysia flag on cars in Boon Lay (found on r/Malaysia),196,cumon8,https://i.redd.it/8y45hom1oai31.jpg,18,24-08-2019,
3,22,24/7 food drop donation at Boon Lay community shop (Food from the Heart),186,m4j2dq,https://i.redd.it/yovqy556xvm61.jpg,8,14-03-2021,
4,22,Boon Lay Secondary's CCA-centric system a hit with students,112,8cm498,https://www.channelnewsasia.com/news/videos/boon-lay-secondary-s-cca-centric-system-a-hit-with-students-10140774,29,16-04-2018,
5,22,18-year-old arrested after knife attack at Boon Lay supermarket,106,j759ho,https://www.straitstimes.com/singapore/man-injured-in-boon-lay-supermarket-slashing?utm_source=emarsys&utm_medium=email&utm_campaign=ST_Newsletter_AM&utm_term=18-year-old+arrested+after+knife+attack+at+Boon+Lay+supermarket&utm_content=08%2F10%2F2020,42,08-10-2020,
6,22,Boon Lay Secondary's 'unorthodox practice' of organising form classes by CCAs,100,axj05z,https://www.straitstimes.com/singapore/education/streaming-in-secondary-schools-to-stop-at-boon-lay-secondary-form-classes-are,51,05-03-2019,
7,22,What is happening at Boon Lay MRT?,76,92kvzv,https://www.reddit.com/r/singapore/comments/92kvzv/what_is_happening_at_boon_lay_mrt/,15,28-07-2018,The area in front of the MRT has been cordened off by the police and the MRT has been shut down. What is happening?
8,22,Police searching for man who threatened to blow up pawn shop outside Boon Lay MRT station,71,92ms9j,https://www.channelnewsasia.com/news/singapore/boon-lay-mrt-incident-man-threatened-blow-up-pawnshop-robbery-10571302,26,28-07-2018,
9,22,18-year-old involved in knife attack at Boon Lay supermarket charged in court,59,j7rasi,https://sg.news.yahoo.com/18-yearold-involved-in-knife-attack-at-boon-lay-supermarket-charged-in-court-023442601.html,41,09-10-2020,
10,22,"Teen crashes “train” after joyride in Boon Lay, posts story on Instagram",52,a7wdtm,https://mothership.sg/2018/12/boon-lay-teens-stupid-singapore/,18,20-12-2018,
11,22,New Jurong Region Line will connect NTU to existing Choa Chu Kang and Boon Lay stations,39,8i2xt6,https://www.todayonline.com/singapore/new-jurong-region-line-will-connect-ntu-existing-choa-chu-kang-and-boon-lay-stations,25,09-05-2018,
12,22,Car almost hits 2 children dashing across Boon Lay Way road to view National Day mobile column,37,i71ze4,https://mothership.sg/2020/08/car-almost-hit-children-boon-lay-way/?fbclid=IwAR2kW0VZpgP98ebbvRnxyQm2fiOtTqUlkvjawTwlflESU5zQUktKmyeJG10,16,10-08-2020,
13,22,24-year-old suspect arrested for murdering his wife at Boon Lay Place,38,ii5xgs,https://www.channelnewsasia.com/news/singapore/boon-lay-place-murder-man-arrested-wife-murdered-13063526,4,28-08-2020,
14,22,Man who burned police cameras in Boon Lay jailed,34,7rhp4u,https://sg.news.yahoo.com/man-burned-police-cameras-boon-lay-jailed-051644704.html,11,19-01-2018,
15,22,"11 teenagers charged over meeting each other for 'settlement talk', fight in Boon Lay",25,grgnrt,https://www.channelnewsasia.com/news/singapore/teenagers-charged-meeting-settlement-talk-fight-boon-lay-12774818,25,27-05-2020,
16,22,Suspect in Boon Lay pawnshop robbery arrested,20,93ox8e,https://www.todayonline.com/singapore/boon-lay-pawnshop-robber-arrested,16,01-08-2018,
17,22,"2-year-old S'porean girl among 18 new community cases; Boon Lay Place, Fengshan markets visited by patients",20,hm2fsu,https://www.asiaone.com/singapore/2-year-old-sporean-girl-among-18-new-community-cases-boon-lay-place-fengshan-markets?amp,3,06-07-2020,
18,22,"Heavy rain causes flash floods in Tanjong Pagar, Boon Lay",14,7snx47,https://www.channelnewsasia.com/news/singapore/heavy-rain-causes-flash-floods-in-tanjong-pagar-boon-lay-9891678,2,24-01-2018,
19,22,3 people taken to hospital after ammonia leak near Boon Lay,14,7t4cjd,https://www.channelnewsasia.com/news/singapore/3-people-taken-to-hospital-after-ammonia-leak-near-boon-lay-9898972,2,26-01-2018,
20,22,Female cyclist badly injured after accident with van in Boon Lay Way,14,9pi8t2,https://www.straitstimes.com/singapore/female-cyclist-badly-injured-after-accident-with-van-on-boon-lay-way,18,19-10-2018,
21,22,"Jail, caning for former construction worker who tried to rob Boon Lay pawnshop",11,dbkqr3,https://www.straitstimes.com/singapore/courts-crime/jail-caning-for-former-construction-worker-who-tried-to-rob-boon-lay-pawnshop?utm_medium=Social&utm_campaign=STFB&utm_source=Facebook&fbclid=IwAR1ag29JMeSpyl8AeWvQWKIcQqeYcVp-IjkZN9l1-p8iQn9xqR5-LLHbIUw#Echobox=1569854252,7,01-10-2019,
22,22,Boon Lay pawnshop robbery attempt: Suspect is Bangladeshi construction worker who overstayed,9,93wilm,https://www.straitstimes.com/singapore/courts-crime/boon-lay-pawnshop-robbery-attempt-suspect-is-bangladeshi-construction-worker,3,02-08-2018,
