,district_num,title,score,id,url,comms_num,created,body
0,22,An unfortunate malfunction at Jurong East,1852,f73q5z,https://i.imgur.com/54O2rHA.jpg,57,21-02-2020,
1,22,Jurong point from my memories!,1706,m1nh81,https://i.redd.it/9y6y6na374m61.jpg,111,10-03-2021,
2,22,Spotted in Jurong Point. There had to be a better way to phrase this.,1361,f5ife0,https://i.redd.it/u72e7n77pkh41.jpg,116,18-02-2020,
3,22,"Tonight was a relatively clear night after the rain, with a bit of clouds, managed to get a picture of the Orion Nebula from Jurong.",1296,e10bp5,https://i.redd.it/d83b7gw1rn041.jpg,55,25-11-2019,
4,22,Sunrise seen from Jurong Lake Gardens,1185,bjd29a,https://i.redd.it/ohmu83og0jv21.jpg,35,01-05-2019,
5,22,"Dark against light; nature against industry; above the engine room of Jurong island, as factories around grind to a halt and clears the overhead sky of dust, our galaxy, the Milky Way reveals itself against the dome of light that still shrouds our island. #covid19 #astrophotography #a7iii",1186,gjs0ou,https://i.redd.it/b0wipwbdxry41.jpg,53,15-05-2020,
6,22,Rail tunnel of the old Jurong Line under Clementi Rd,1115,igoj9v,https://i.redd.it/95edjvkeq8j51.jpg,74,26-08-2020,
7,22,The sunset last weekend at Jurong.,1066,apzyqc,https://i.redd.it/gm6y2uw748g21.jpg,31,13-02-2019,
8,22,All I see on the Jurong GRC polling result,1054,hp6jy1,https://i.redd.it/vb9gd2j4u6a51.jpg,63,11-07-2020,
9,22,The shot-worthy Metal Tree in Jurong Lake Garden.,1049,fn9q3k,https://i.redd.it/jf4x9zq18bo41.jpg,51,23-03-2020,
10,22,Morning from jurong west,1016,8gd91f,https://i.redd.it/j754zflf6cv01.jpg,38,02-05-2018,
11,22,"Part of the Mango tree die because of Incense paper burning during the ghost month, @Jurong West !",998,cxubp7,https://i.redd.it/31g5s2k1erj31.jpg,96,31-08-2019,
12,22,Jurong East MRT experiencing station-wide power trip!,986,jayp23,https://i.redd.it/99rvf5pzm1t51.jpg,135,14-10-2020,
13,22,Low clouds in Jurong East today.,896,dlcer8,https://i.redd.it/me5z6o4ho0u31.jpg,35,22-10-2019,
14,22,baby monitor lizard relaxing on a Sunday morning at Jurong lake gardens,823,e0t36s,https://i.redd.it/9c6zqdo50k041.jpg,21,24-11-2019,
15,22,"Inaugural Trip on the Jurong line, 1965. I suspect this is Clementi Road , (which also may be known as Reformatory Road, changed in 1947). features a Class 20 on a special trip with passenger service.",748,jwyfo6,https://i.redd.it/jv511ohgg5061.jpg,11,19-11-2020,
16,22,Ivan Lin thanking the voters in Jurong GRC,699,hp3fpy,https://v.redd.it/w3musdm5h5a51,256,11-07-2020,
17,22,Hmmmmmmmmmm 🤔 (Found at Jurong Point),665,a068m9,https://i.redd.it/l0uyhof55f021.jpg,67,25-11-2018,
18,22,"Driving through under the interlocking rain tree canopies at Jurong west st 51 is beautiful. They don’t make HDB estates like these anymore, with market on one side, coffeshops and playground on the other, newer estates are hard concrete jungles, or maybe the trees are still young?",637,au7n3l,https://i.redd.it/p6p3qy5giii21.jpg,70,24-02-2019,
19,22,A friend of mine took this in Jurong. Absolutely stunning.,626,efrlu4,https://i.imgur.com/g2Drwfx.jpg,32,26-12-2019,
20,22,It was burning awhile back as seen from Jurong West.,609,jkyel7,https://i.redd.it/xd2js8xqy8w51.jpg,23,30-10-2020,
21,22,Shits popping off in Jurong GRC and Tharman's just like...,594,hgvisl,https://i.redd.it/5hpcycfj1h751.png,61,27-06-2020,
22,22,Iguana bridge over Jurong River,583,ltn420,https://i.redd.it/5o1t0w26k0k61.png,39,27-02-2021,
23,22,Valu$ at Jurong East,524,7qnpf9,https://i.redd.it/3r0x379b9ba01.jpg,109,16-01-2018,
24,22,"The moon this evening, in the clearest of skies for a Long while near Jurong point",500,ehmx22,https://i.redd.it/wpdozr3eas741.jpg,8,30-12-2019,
25,22,"Resilience - jogging along Jurong canal when I saw this flower beautifully growing on concrete, in the most unlikely of circumstances. Reminded me of these hard times, when it is important to be positive and resilient, as we too should still grow and live well.",372,lnxekk,https://i.redd.it/weo50bdzqji61.jpg,23,20-02-2021,
26,22,Saw this Pelican on the railings along Jurong River.... escapee from Bird Park?,375,ltjpfi,https://i.redd.it/5cb96yy0dzj61.jpg,21,27-02-2021,
27,22,Tharman has clarified Ivan Lim's presence on Jurong GRC's post-election video. Thoughts?,381,hpwvno,https://i.redd.it/py9gjw1baga51.jpg,125,13-07-2020,
28,22,Fire @ Jurong,303,c38n8j,https://v.redd.it/7gjdjgutlo531,37,21-06-2019,
29,22,Something on Jurong Island is illuminating the night sky,299,jolfk3,https://i.redd.it/ox3o70ty3gx51.jpg,29,06-11-2020,
30,22,"Sharing this shot of the night sky from Jurong of M31 - the spiral Andromeda galaxy, through the cloudy skies — that hazy dot under the brightest cloud that isn’t like the other stars, slanting diagonally, somewhat centre right of the photo.",297,e27nuz,https://i.redd.it/6kc34qwyj4141.jpg,29,27-11-2019,
31,22,Monkey spotted at Jurong West St 52,296,957wqi,https://i.redd.it/wyroyqqz6le11.jpg,54,07-08-2018,
32,22,"From a Jurong estate driveway, my old note 8 capturing Jupiter moving past the view range of a celestrom 15mm eyepiece on the omni XLT last year on a clear night - actual speed of planet moving - 1. due to earths rotation, 2. phone camera zoom, and 3. high magnification",263,aqkbma,https://v.redd.it/33514v38njg21,25,14-02-2019,
33,22,Anyone remembers the Jurong Entertainment Center? Source: lostnfiledsg.wordpress.,249,lal1n6,https://i.redd.it/ei7nkcx25ze61.jpg,85,02-02-2021,
34,22,Jurong East,250,ap3bim,https://i.redd.it/gr27od3pdqf21.jpg,12,10-02-2019,
35,22,Morning in Jurong West,244,bcjtu0,https://i.redd.it/euji0yc2vwr21.jpg,26,13-04-2019,
36,22,"exceptionally clear sky on Xmas morning, the Orion Nebula taken from the light polluted Jurong skies from my driveway downstairs",243,ef4s39,https://i.redd.it/6hsp0cchfm641.jpg,12,25-12-2019,
37,22,"What a gem - Handmade png kueh and Soon kueh at hawker stall at Jurong east hawker, made by local family. Super delicious.",215,bqcklk,https://i.redd.it/5dy9g4xia3z21.jpg,30,19-05-2019,
38,22,"The ""foster daddy"" of Jurong Bird Park",208,i5pval,https://www.youtube.com/watch?v=R93K-n-oglQ,13,08-08-2020,
39,22,Scruffy cat found in Simei reunited with owner after it went missing at Jurong West in 2018,207,ld2vd3,https://mothership.sg/2021/02/missing-cat-jurong-2018-reunited/,18,05-02-2021,
40,22,What is happening in Jurong right now?,202,c38dui,https://i.redd.it/w16ble1ufo531.jpg,31,21-06-2019,
41,22,Jurong Lake Gardens,204,kpj9dk,https://i.redd.it/ebdubhmvt3961.jpg,2,03-01-2021,
42,22,"Today's the 100th birthday of Goh Keng Swee, who played a founding role in a huge swathe of Singaporean institutions, including the SAF, Jurong Industrial Estate, EDB, DBS, MAS, Jurong Bird Park, and the Singapore Symphony Orchestra.",194,9lrf73,https://en.wikipedia.org/wiki/Goh_Keng_Swee,30,06-10-2018,
43,22,"Jurong rock caverns in Singapore. The caverns are at 27m high, 20m wide and 340m long, up to 130m underground and used as an oil storage facility.",187,aj9mel,https://i.redd.it/icm1eenj6bc21.jpg,29,24-01-2019,
44,22,Lalang fields of Jurong Lake Garden,188,kwgjmf,https://i.redd.it/fup33i5lr3b61.jpg,13,13-01-2021,
45,22,"[Meme Monday] Woodlands is pathetic compared to Yishun, Tampines and Jurong East, even though it's a regional centre",189,if61ux,https://i.redd.it/a7q2nbyn2si51.png,65,24-08-2020,
46,22,SAFRA Jurong cluster COVID-19 case gets jail for not telling contact tracers she met man five times,178,ksw3ol,https://www.channelnewsasia.com/news/singapore/safra-jurong-covid-19-case-jail-omit-info-contact-tracing-13919226?cid=FBcna,72,08-01-2021,
47,22,"5 new COVID-19 cases in Singapore, new cluster at SAFRA Jurong reported",177,fdugi2,https://www.channelnewsasia.com/news/singapore/covid19-moh-mar-5-patients-discharged-new-cases-12505112,123,05-03-2020,
48,22,"13 new Covid-19 cases in S'pore, including 9 linked to Safra Jurong dinner and an SIA Steward",177,fecsoh,https://www.straitstimes.com/singapore/health/13-new-covid-19-cases-in-spore-including-9-linked-to-safra-jurong-dinner-and-an-sia?xtor=CS3-18&utm_source=STiPhone&utm_medium=share&utm_term=2020-03-06%2020%3A03%3A15,185,06-03-2020,
49,22,Gardens by the Way in Jurong West,168,f79e18,https://i.redd.it/6xfcbcgxa9i41.jpg,13,21-02-2020,
50,22,Migrant worker found dead in Jurong West warehouse used as dorm,172,i58mnp,https://www.tnp.sg/news/singapore/migrant-worker-found-dead-jurong-west-warehouse-used-dorm,39,07-08-2020,
51,22,"Hi guys! If you have seen a cat near Jurong west street 91, nearby block 914, please let the owner know. Posting this here maybe some of you have seen the cat. Thank you!",165,la4j9i,https://i.imgur.com/dEL3XYt.jpg,3,01-02-2021,
52,22,My turtle has escaped and I need some help finding her. This is a picture of her. Last seen at Jurong Avenue 1 Block 488. Please DM me if you see her!,161,8xpe1h,https://i.redd.it/m45kdoabn4911.jpg,73,10-07-2018,
53,22,Spotted at Jurong Lake Gardens!,161,li81xe,https://i.imgur.com/6xccQtW.jpg,17,12-02-2021,
54,22,"Drinks stall in Taman Jurong food centre sells hot coffee & tea for S$0.70, iced ones for S$0.80",154,ld7k93,https://mothership.sg/2021/02/taman-jurong-coffee-tea-cheap/,19,05-02-2021,
55,22,"Over 7 years' jail, caning for gang member who kept loaded pistol, extra bullets in his Jurong West flat",142,lv3zvt,https://www.todayonline.com/singapore/over-7-years-jail-caning-gang-member-who-kept-loaded-pistol-extra-bullets-his-jurong-west,80,01-03-2021,
56,22,Jurong East MRT Station in 1991,139,7wkj0l,https://youtu.be/a4S7wI8N0EU,23,10-02-2018,
57,22,65-year-old housewife from Safra Jurong Covid-19 cluster jailed for not disclosing secret meetings with male friend,124,ku346c,https://www.todayonline.com/singapore/housewife-safra-jurong-covid-19-cluster-gets-jail-not-disclosing-secret-meetings-male,28,10-01-2021,
58,22,“Are you running a communist law now?” PMD riders confront Jurong GRC MP Ang Wei Neng,119,dv2jjq,https://mothership.sg/2019/11/pmd-riders-confront-ang-wei-neng,147,12-11-2019,
59,22,"10 new Covid-19 cases, CNY dinner at Safra Jurong biggest cluster; short-term visitors must now pay for treatment",123,fftnyc,https://www.straitstimes.com/singapore/10-new-covid-19-cases-cny-dinner-at-safra-jurong-biggest-cluster-short-term-visitors-must,137,09-03-2020,
60,22,"Jurong Hawker Runs Cai Png Stall Despite Covid-19 Symptoms, Later Tests Positive On 6 Mar",124,fgc7w2,https://mustsharenews.com/jurong-hawker-covid-symptoms/,39,10-03-2020,
61,22,M’sia lockdown: Stranded workers given shelter & care package at Jurong East sports hall,119,fl9vfa,https://mothership.sg/2020/03/malaysia-workers-jurong-east-shelter/,33,19-03-2020,
62,22,What a beautiful day - snapped this while cycling at Jurong!,112,hpr7kj,https://i.redd.it/wcr12dvn2ea51.jpg,10,12-07-2020,
63,22,Found this in Jurong,109,7rxldt,https://i.redd.it/hutvpg8z6fb01.jpg,16,21-01-2018,
64,22,Flaring from Jurong Island,120,jpkvie,https://i.redd.it/ynwcot4q1rx51.jpg,5,07-11-2020,
65,22,"1,300 healthy foreign workers move into vacant premises at Jurong & Bedok camps",117,fxtipm,https://mothership.sg/2020/04/foreign-worker-jurong-bedok-camp/?fbclid=IwAR2-PlvDg00IX6beDmpEX-RYuzhZc9HBzCFMFsrKDD8kn5WdNtKXgA4g9wY,52,09-04-2020,
66,22,21-year-old arrested after allegedly attacking 26-year-old in Jurong West with weapon,118,gi85ja,https://mothership.sg/2020/05/jurong-west-attack/?fbclid=IwAR09LatEteH4wSA-OgHqYuEFtowLQUykOWNuv4-1W5Veuq2MXjWCOxjkueQ,27,12-05-2020,
67,22,Jurong Bird Park hornbill with cancer gets 3D-printed prosthesis,102,9kys0c,https://www.channelnewsasia.com/news/singapore/hornbill-with-cancer-jurong-bird-park-3d-printed-prosthesis-10786204,24,03-10-2018,
68,22,"Big Box, Jurong East",112,fadvn1,https://i.redd.it/qbyk5jv1lhj41.jpg,96,27-02-2020,
69,22,"Stupid question: Why isnt Woodlands as developed as other regional centres (Jurong East, Tampines) or even Yishun?",110,i4qatf,https://www.reddit.com/r/singapore/comments/i4qatf/stupid_question_why_isnt_woodlands_as_developed/,62,06-08-2020,"Woodands is the largest town in the north and also attracts Malaysians going to Singapore, more when the RTS comes. Also, Woodlands, like Tamp and JE is a regional centre. But unlike Tamp and JE, Woodlands is underdeveloped, not many malls, not much variety of shops.  

Even Yishun has more variety of shops than Woodlands, I dont get it, and I also feel that many shop outlets avoid Woodlands"
70,22,COVID-19: Some in SAFRA Jurong cluster continued normal activities with symptoms for days – MOH official,106,ff4i9m,https://sg.news.yahoo.com/covid-19-some-in-safra-jurong-cluster-continued-normal-activities-with-symptoms-for-days-moh-official-053936379.html,48,08-03-2020,
71,22,Jurong couple allegedly spreads rumours about neighbour being prostitute after hearing late night noises,98,dvdmxc,https://mothership.sg/2019/11/jurong-neighbour-prostitute/,26,13-11-2019,
72,22,Loud bang in Jurong East after 45kg of chlorine powder poured into public sewers,102,lzhl4b,https://str.sg/Jjku,16,07-03-2021,
73,22,Jurong flag because you need passport to go there (repost because i forgot about meme monday),99,io202e,https://i.redd.it/e5wue28i0ol51.jpg,11,07-09-2020,
74,22,"Jurong Region Line, Singapore's 7th MRT line, to open in three phases from 2026",97,8i32l0,https://www.straitstimes.com/singapore/transport/jurong-region-line-singapores-7th-mrt-line-to-open-in-three-phases-from-2026?utm_campaign=Echobox&utm_medium=Social&utm_source=Facebook&xtor=CS1-10#link_time=1525831213,91,09-05-2018,
75,22,A closer look at the fireworks display @ Jurong Lake Gardens,106,i6tu5y,https://www.flickr.com/photos/davejunia/albums/72157715421672807,5,10-08-2020,
76,22,"New security Equipment called ""Human Security Radar"" at Jurong East MRT station",96,b9p8ah,https://i.redd.it/d7pfyyys4fq21.jpg,29,05-04-2019,
77,22,This is the grass patch near my block (Jurong West St 42). When are the grass cutters coming back ah? Missing the unsung heroes so much.,101,hg45vu,https://i.redd.it/wn84hspvz7751.jpg,41,26-06-2020,
78,22,Men charged over loaded pistol found in Jurong West flat (first such case in a decade),95,dfsfe1,https://www.channelnewsasia.com/news/singapore/loaded-pistol-jurong-west-2-men-charged-11987066,11,10-10-2019,
79,22,A new trail from Jurong Lake Gardens to Coney Island!! But what is the meaning of Appening in 2019. What the H?,88,areyoj,https://i.redd.it/9kd2t1wev0h21.jpg,25,17-02-2019,
80,22,SCDF issues warning to Jurong-Clementi Town Council after officers unable to use hose reels during fire,90,dthalk,https://www.straitstimes.com/singapore/courts-crime/scdf-issues-warning-to-jurong-clementi-town-council-after-officers-unable-to?utm_medium=Social&utm_campaign=STFB&utm_source=Facebook#Echobox=1573227085,25,08-11-2019,
81,22,Big Box in Jurong East becomes ghost town as mall put up for sale,86,bk67vh,https://mothership.sg/2019/05/big-box-jurong-east-mall-empty/,66,03-05-2019,
82,22,Jurong Point Swensens ordered to close for 2 weeks due to cockroach infestation,91,l5fxer,https://mothership.sg/2021/01/swensens-jurong-point-cockroaches/,13,26-01-2021,
83,22,"There was some sort of a Greek/Roman styled amphitheater in Jurong West, before it was completely demolished (album)",87,gsqyg1,https://i.redd.it/mvcsq6rero151.jpg,24,29-05-2020,
84,22,The white blimp that used to soar in jurong west at ground 0,83,ga3wm3,https://i.redd.it/hnmgtov95pv41.jpg,20,29-04-2020,
85,22,Bat chomps on bananas at fruit display section outside Jurong East FairPrice store,85,jc5dbh,https://mothership.sg/2020/10/bat-eat-banana-ntuc-fairprice/?fbclid=IwAR09AmMReMFusir9XfreN-4m961uxWvOoXBKqPNc3ufP-Nd12KRSbO2fcUQ,35,16-10-2020,
86,22,Jurong Point's NTUC FairPrice and Shokutsu Ten Japanese Food Street named as public places visited by Covid-19 cases for more than 30 minutes,93,gqd2e1,https://www.straitstimes.com/singapore/coronavirus-344-new-cases-as-singapores-cases-reach-31960,37,25-05-2020,
87,22,Jurong MP Tan Wu Meng to retire as political officeholder to focus on medical practice,84,hxivqb,https://mothership.sg/2020/07/tan-wu-meng-retire/,52,25-07-2020,
88,22,Jurong point. Mid autum is coming soon,77,csz3yc,https://i.redd.it/14n67d6qylh31.jpg,2,20-08-2019,
89,22,"Friend's lovebird last seen at 4th March at night. Location is around Jurong east street 31 around blk 323. If found, please contact the number in the poster! Thanks!",79,lyfh35,https://i.redd.it/d7lu84srj8l61.jpg,3,06-03-2021,
90,22,Really liking the design and colours of this estate (Jurong West),83,gnbms9,https://i.redd.it/spqkop5kcxz41.jpg,15,20-05-2020,
91,22,"Jaywalking elderly woman in Jurong West knocked down by van, but leaves scene before SCDF arrives",75,i2szh7,https://mothership.sg/2020/08/jaywalk-woman-jurong-west/?fbclid=IwAR3usFUiP8HogLaqqKzptFEXUtLqt5J2TMENrI6bVGXdNedKKKnK0kA_ioQ,50,03-08-2020,
92,22,"There is a large swarm of birds near corporation road now hovering and changing form, there must be 500 at least! (Shot from the AYE back towards the Jurong lake area.)",72,ee3a9n,https://i.redd.it/ywjy9l7jq5641.jpg,10,22-12-2019,
93,22,Chasing away the storm. Jurong East,70,a2dmkx,https://i.redd.it/9bk7egwjkv121.jpg,2,02-12-2018,
94,22,Jurong Bird Park is going to move to Mandai next year in 2021. Have you visited the Jurong site yet?,69,lyvg8w,https://v.redd.it/26alt9fzkcl61,15,06-03-2021,
95,22,"7 arrested near Jurong Island over illegal transaction of 3,000kg of marine gas oil",70,brk303,https://www.straitstimes.com/singapore/7-arrested-near-jurong-island-over-illegal-transaction-of-3000kg-of-marine-gas-oil,7,22-05-2019,
96,22,Jurong East bus interchange to be relocated from Dec 6 till 2027,69,js0hf9,https://www.straitstimes.com/singapore/transport/jurong-east-bus-interchange-to-be-relocated-from-dec-6-till-2027,32,11-11-2020,
97,22,Man admits to throwing Molotov cocktail at neighbour’s flat in Jurong West,67,a2lsci,https://www.todayonline.com/singapore/man-admits-throwing-molotov-cocktail-neighbours-flat-jurong-west,45,03-12-2018,
98,22,Milky Stork having a meal @ Jurong Lake Gardens,67,lqgx43,https://v.redd.it/6nnwugzrw7j61,6,23-02-2021,
99,22,Kinda guessed Jurong to be the most densely populated area just based on human MRT congestion.,64,bcer6p,https://youtu.be/N1TF0FylTX4,19,12-04-2019,
100,22,The Safra Jurong Cluster Happened Because Singapore Cares Too Much About ‘Showing Face’,70,fhgjhg,https://www.ricemedia.co/current-affairs-opinion-safra-jurong-cluster-singapore-cares-too-much-showing-face,12,12-03-2020,
101,22,Is there a fire on Jurong Island?,60,8c7phl,https://i.redd.it/1d4av5wwrvr01.jpg,18,14-04-2018,
102,22,81-Year-Old Hawker Sells Chwee Kueh At Taman Jurong From 6am Daily,63,kl4zns,https://www.8days.sg/eatanddrink/81-year-old-hawker-sells-chwee-kueh-at-taman-jurong-from-6am-13843494?fbclid=IwAR373KOsgSjN__uH0mPfJq0t_8YNLgT528o0U86i1MAThpLd2CKnFoDgZiY,5,27-12-2020,
103,22,"12 new Covid-19 cases in S'pore, including 9 imported cases and 1 linked to Safra Jurong private dinner",61,fiizy9,https://www.straitstimes.com/singapore/12-new-covid-19-cases-in-spore-including-9-imported-cases-and-1-linked-to-safra-jurong,19,14-03-2020,
104,22,"70-year-old Singaporean man from Safra Jurong cluster dies from Covid-19, the 10th death in S'pore",59,g15xug,https://www.straitstimes.com/singapore/health/70-year-old-singaporean-man-from-safra-jurong-cluster-dies-from-covid-19-the-10th?xtor=CS3-18&utm_source=STiPhone&utm_medium=share&utm_term=2020-04-14%2021%3A04%3A13,3,14-04-2020,
105,22,Singapore GE2020: Red Dot United introduces team to contest Jurong GRC,58,hfz20b,https://www.straitstimes.com/politics/ge2020-red-dot-united-introduces-team-to-contest-jurong-grc?utm_medium=Social&utm_campaign=STFB&utm_source=Facebook&fbclid=IwAR31ieJAOnpVfA25PHJGEWoXd1t78pccgrJVt3KvLnqfRnHnf5_Q5NfuDmo#Echobox=1593136936,32,26-06-2020,
106,22,A stroll in Jurong Lake Gardens (day and night version),60,jol6th,https://www.reddit.com/gallery/jol6th,5,05-11-2020,
107,22,Petition lodged by hawkers paying the price for tray returns at Jurong West Hawker Centre,60,9nifnl,https://www.todayonline.com/singapore/petition-lodged-hawkers-paying-price-tray-returns-jurong-west-hawker-centre,24,12-10-2018,
108,22,73-year-old S'porean man from Safra Jurong cluster dies of Covid-19 complications; 15-year-old student among new cases,58,h88zlg,https://www.straitstimes.com/singapore/health/73-year-old-sporean-man-from-safra-jurong-cluster-dies-of-covid-19-complications-15?xtor=CS3-18&utm_source=STiPhone&utm_medium=share&utm_term=2020-06-13%2022%3A06%3A22,13,13-06-2020,
109,22,Housefire near Jurong East. 1 lost their home with 3 storeys affected by smoke. Hope everyone is alright,52,bd0ngh,https://i.redd.it/q3rpx6apt6s21.jpg,3,14-04-2019,
110,22,Accident @ Jurong West,53,8ehw2n,https://m.imgur.com/gallery/w42oV2b,33,24-04-2018,
111,22,Karaoke booth at jurong point in case you have a random urge to sing,52,84ucrg,https://i.redd.it/w4ofs1wjo3m01.jpg,34,16-03-2018,
112,22,Jurong Westsiders...,54,f68zpx,https://www.reddit.com/r/singapore/comments/f68zpx/jurong_westsiders/,22,19-02-2020,Do you all smell something weird like haze or burning incense paper in the late evening before bedtime this past week?
113,22,Situation at NTUC Jurong,63,fjn3vz,https://i.redd.it/veca6q5o32n41.jpg,30,16-03-2020,
114,22,Outings from Singapore 1979 (Jurong Chinese garden & Sentosa island),52,g9ns07,https://youtu.be/g2qIxHq0CGs,2,28-04-2020,
115,22,Teo Eng Cheong resigns as CEO International of Surbana Jurong,47,ikzrlv,https://mothership.sg/2020/09/teo-eng-cheong-resign/,28,02-09-2020,
116,22,NParks launches 36km trail linking Coney Island with Jurong Lake,47,b7l1gd,https://www.channelnewsasia.com/news/singapore/nparks-launches-36km-trail-linking-coney-island-with-jurong-lake-11396546,11,31-03-2019,
117,22,KL-Singapore High Speed Rail cancellation will have little impact on other plans for Jurong: Experts,49,koo1j9,https://www.straitstimes.com/singapore/politics/hsr-cancellation-will-have-little-impact-on-other-plans-for-jurong-experts,13,02-01-2021,
118,22,"GE2020: Tharman remains in Jurong GRC, Desmond Lee out",48,hhtrc0,https://mothership.sg/2020/06/pap-jurong-grc-tharman-desmond-ge2020/?fbclid=IwAR2HpeojevQs36Mf3gFSsY69UA2G0wnAw_gtKMG0GuVLtERSIF2_xlLKs38,37,29-06-2020,
119,22,Construction of Jurong East Integrated Transport Hub to commence in Q2,48,lc88yj,https://www.channelnewsasia.com/news/singapore/jurong-east-integrated-transport-hub-construction-2021-lta-14110058,11,04-02-2021,
120,22,"Westsiders of SG, do you smell haze? (I'm from jurong)",48,f5a2if,https://www.reddit.com/r/singapore/comments/f5a2if/westsiders_of_sg_do_you_smell_haze_im_from_jurong/,12,17-02-2020,Haze smell started i think saturday morning. And till now it's quite bad. I drove down to alexandra rd and there was no smell at all.
121,22,Lost parrot around Jurong West strt 42 (not my sign),43,a8hgb2,https://i.redd.it/w0nvmczi1r521.jpg,8,22-12-2018,
122,22,Clown wedgefish thought to be likely extinct 'rediscovered' at Jurong fishery port,44,dffvcu,https://www.straitstimes.com/singapore/environment/chance-discovery-at-jurong-fishery-port-of-rarely-seen-clown-wedgefish-thought,3,09-10-2019,
123,22,New Jurong Region Line will connect NTU to existing Choa Chu Kang and Boon Lay stations,46,8i2xt6,https://www.todayonline.com/singapore/new-jurong-region-line-will-connect-ntu-existing-choa-chu-kang-and-boon-lay-stations,25,09-05-2018,
124,22,Fire by Jurong River,41,ffttaq,https://i.redd.it/9rklrjwh3nl41.jpg,3,09-03-2020,
125,22,"1 dead, 2 injured after fire breaks out in Jurong industrial area",45,c3ajxl,http://www.channelnewsasia.com/news/singapore/fire-in-jurong-scdf-explosions-heard-11649812,6,21-06-2019,
126,22,"Elderly S'poreans In Bedok, Jurong To Get Subsidised Gojek Rides To Medical Appointments",41,cj5oaf,https://vulcanpost.com/670587/gojek-senior-citizens-subsidised-rides-singapore/?fbclid=IwAR13ldCS97S97e-4i7kog-XiUxySKtAvcap0SedwmlgF86Vaymntgq5bt1M,6,29-07-2019,
127,22,Jurong Island Highway Collision - Lorry driver obviously not paying attention to the road,41,aeguhu,https://v.redd.it/3s3q201luj921,27,10-01-2019,
128,22,Jurong (Spring) GRC... What I've noticed so far.,47,hjrrb0,https://www.reddit.com/r/singapore/comments/hjrrb0/jurong_spring_grc_what_ive_noticed_so_far/,36,02-07-2020,"At Jurong GRC, the number of PAP election posters far exceed those of RDU. And RDU ones are much smaller and harder to read (probably because of budgetary reasons?). Just crossed paths with the likely new MP for Jurong Spring Shawn, didn't say much other than to wish him good luck. 

Still on the fence on whether or not RDU is worth a sympathy vote from a first time voter. Read their manifesto and found it ok, learnt about Michelle Lee and have some respect for her chosen path. The only thing I am not sure about is their proposal for mandatory en bloc.

Not everyone wants it, and it could be too costly.  Does anyone in jurong GRC have additional thoughts about the election here?"
129,22,Singapore GE2020: PAP names Xie Yao Quan to replace Ivan Lim in its Jurong GRC team,42,hhs3mx,https://www.straitstimes.com/politics/singapore-ge2020-pap-names-xie-yao-quan-to-replace-ivan-lim-in-its-jurong-grc-team,46,29-06-2020,
130,22,ikea trolley found in jurong west (opposite river valley high),38,dlggxy,https://i.redd.it/i1pxfi7wt2u31.jpg,9,22-10-2019,
131,22,"A dinner where death lurked: Couple who became part of Safra Jurong Covid-19 cluster landed in hospital, and survived",45,gciu92,https://www.straitstimes.com/singapore/a-dinner-where-death-lurked?utm_medium=Social&utm_campaign=STFB&utm_source=Facebook&fbclid=IwAR06k_VH_qCSmLfu3GukfkKu9FSsh1XlVnDAkef7jR4hnda-acRKr6Vuu-o#Echobox=1588468384,5,03-05-2020,
