,district_num,title,score,id,url,comms_num,created,body
0,22,Mini waterfall at Pioneer MRT platform,253,jui516,https://v.redd.it/5x6qjqk2wcz51,27,15-11-2020,
1,22,Pioneer station power trip,212,jaypqx,https://i.redd.it/p5datla9n1t51.jpg,27,14-10-2020,
2,22,Singapore GE2020: Retiree concerned about climate issues plans to run as an independent in Pioneer SMC,207,hhdoah,https://www.straitstimes.com/politics/singapore-ge2020-retiree-concerned-about-climate-issues-plans-to-run-as-an-independent-in,48,28-06-2020,
3,22,RIP Pioneer Magazine,196,ckn12r,https://i.redd.it/iwt2yjsymtd31.jpg,59,01-08-2019,
4,22,"Pioneer gynaecologist, 104, receives honorary doctorate from NUS",187,kvo6sa,https://www.straitstimes.com/singapore/health/pioneer-gynaecologist-104-receives-honorary-doctorate-from-nus?utm_medium=social&utm_source=facebook&utm_campaign=stfb&fbclid=IwAR2_woddP2tIB5rQYg8VDhrANTWWrxem2q21OvrKbXlA6-3b7s7rlOycRTM,11,12-01-2021,
5,22,"TIL Benjamin Sheares, the second president of Singapore, was a pretty influential doctor who pioneered male-to-female sex change operations. Even as a child he used to 'play doctor' with his sister Alice, and years later as a doctor he developed a technique to create an artificial vagina.",146,9eyz8n,https://en.wikipedia.org/wiki/Benjamin_Sheares,28,12-09-2018,
6,22,Pioneer Jewel - West is Best,96,jv4iz7,https://v.redd.it/sf5j6kfsvkz51,13,16-11-2020,
7,22,Map along the PCN at Pioneer. It hasn't been updated since the 90s.,94,eg96l2,https://i.redd.it/ezl7rcizb5741.jpg,19,27-12-2019,
8,22,"Naked woman, 35, at Pioneer MRT Station arrested - Stomp",59,8p9xmf,http://stomp.straitstimes.com/singapore-seen/naked-woman-35-at-pioneer-mrt-station-arrested,17,07-06-2018,
9,22,Tourism pioneer who helped to establish the NATAS travel fair dies from covid-19,41,fco87u,https://www.eglobaltravelmedia.com.au/atec-vale-james-kwan/,4,03-03-2020,
10,22,Happened at Pioneer MRT,30,b42sp4,https://www.reddit.com/r/singapore/comments/b42sp4/happened_at_pioneer_mrt/,18,22-03-2019,"I was at the bus stop with my friend checking the bus information and suddenly an uncle alighted with his wife and both of them are using walking stick. He was literally swinging his walking stick and trying to whack anyone that was in his way. He was shouting and trying to whack whoever he can and I was so triggered by him because my friend almost got hit by him for nothing. There was another 2 girls standing near some poles and the Uncle whacked his stick so hard that there was this “ piang “ sound and the two girls went away. Did anyone met the guy before? He’s probably in 70s, bald and at that time he was wearing purple.  "
11,22,"Commentary: The world is hungry for green cooling solutions. Thankfully, Singapore is pioneering them",25,ja7z0i,https://www.channelnewsasia.com/news/commentary/singapore-air-con-green-cooling-tech-climate-change-energy-solar-13239626,25,13-10-2020,
12,22,"GE2020: Pasir Ris-Punggol GRC, Pioneer SMC set for three-cornered fights",21,hihq3d,https://www.todayonline.com/singapore/ge2020-pasir-ris-punggol-grc-pioneer-smc-set-three-cornered-fights,6,30-06-2020,
13,22,"Former SAF engineer only independent candidate for GE2020, part of 3-corner fight at Pioneer SMC",23,hiohdb,https://www.youtube.com/watch?v=Ej7NCHkgfDY,9,30-06-2020,
14,22,Fire 'fully engulfs' warehouse in Pioneer industrial estate,11,ffw3bz,https://www.channelnewsasia.com/news/singapore/fire-warehouse-jalan-besut-pioneer-industrial-estate-12519252,0,09-03-2020,
15,22,"Singapore GE: NSP to contest in Sembawang and Tampines GRCs, Pioneer and MacPherson SMCs",11,fn0j4h,https://www.straitstimes.com/politics/singapore-ge-nsp-to-contest-in-sembawang-and-tampines-grcs-pioneer-and-macpherson-smcs?utm_medium=Social&utm_campaign=STFB&utm_source=Facebook&fbclid=IwAR2iqmU4BuFkzmz7_RaVvMZYRMYV--fQz1Qjs4YE5at6ZLAH8J_SgBUkjKg#Echobox=1584883151,8,22-03-2020,
16,22,Keep pioneer statues around permanently,8,aerrze,https://www.straitstimes.com/forum/letters-in-print/keep-pioneer-statues-around-permanently,4,11-01-2019,
17,22,PIONEER - She's a Leonheart at BMTC,4,dylj4l,https://www.mindef.gov.sg/web/portal/pioneer/article/cover-article-detail/people/2019-Q4/19nov19_news1,9,19-11-2019,
18,22,Descendants of seven pioneers gather to share family histories,3,d8fxs4,https://www.straitstimes.com/singapore/descendants-of-seven-pioneers-gather-to-share-family-histories,1,24-09-2019,
19,22,$255 million in Medisave top-ups to be given to Pioneer and Merdeka Generation seniors in July,1,ham8d2,https://www.straitstimes.com/singapore/255-million-in-medisave-top-ups-to-be-given-to-pioneer-and-merdeka-generation-seniors-in,0,17-06-2020,
20,22,[Rant] Wa Pioneer Gen last warning ah,3,9mxae5,https://www.reddit.com/r/singapore/comments/9mxae5/rant_wa_pioneer_gen_last_warning_ah/,29,10-10-2018,"So I was sitting down on an mrt seat and because I had a broad shoulder i decided to move 1 seat towards to the reserved seat. The next stop a uncle came in the train and I wasn't aware since I was using my phone and had my anc headphones on. So you know what this mother fucker do? He place the pioneer generation card in my fucking face while I was using my phone. Obviously I damn buay song and had only 3 hours of sleep. I stand up give him the seat and contiunously diao him. Nabei you self entitled fucking bastards this seats is reserved doesn't mean I have to be forced to give it to up. The next time someone shoves a fucking pioneer generation card in my face I will throw that fucking card on the floor and walk off. This card is not your self entitlement VIP you fucking assholes everyone pays the same train fares as well if you dun get to sit suck ur fucking thumb and contiune standing the fuck up.
/Rant over
TL:DR Uncle shoved his pioneer gen card in my face to force me to give up seat

+I DO HOPE THE FUCKING MERDEKA GEN IS NOT SO SELF ENTITLED FUCK AS THE PIONEER GEN"
21,22,1 injured after trailer truck rams car at Pioneer Road junction,0,8eu27s,https://www.straitstimes.com/singapore/1-injured-after-trailer-truck-rams-car-at-pioneer-road-junction?xtor=CS1-10,2,25-04-2018,
22,22,S$180m in MediSave top-ups for Pioneer Generation in 2018,1,8q6aiz,https://www.channelnewsasia.com/news/singapore/s-180m-in-medisave-top-ups-for-pioneer-generation-in-2018-10418556,0,11-06-2018,
23,22,The last 2 PIONEER Magazine and the last PIONEER Magazine have arrived at my mailbox /latterbox on Monday,0,cltkbd,https://i.redd.it/ksx5hwepsde31.jpg,4,04-08-2019,
24,22,Roadblock at pioneer road north,0,gmuk6f,https://www.reddit.com/r/singapore/comments/gmuk6f/roadblock_at_pioneer_road_north/,2,20-05-2020,"Saw a roadblock downstairs while walking to the toilet, kinda random"
25,22,New book honours pioneer NS officer cadets,0,cboqar,https://www.straitstimes.com/singapore/new-book-honours-pioneer-ns-officer-cadets,2,11-07-2019,
