,district_num,title,score,id,url,comms_num,created,body
0,4,Rainbow over Buona Vista.,170,a1fqyu,https://i.imgur.com/a2Sx7jP.jpg,11,29-11-2018,
1,4,SPF escort 3 people away for protest against transphobia outside MOE building at Buona Vista,152,l5dnnr,https://youtu.be/9eAwk_cYgBY,79,26-01-2021,
2,4,Didn’t know Buona Vista was in Malaysia 🤔,139,ci1bdp,https://i.redd.it/dauw4cnsnmc31.jpg,22,26-07-2019,
3,4,Hi! A Conure has been found in my school at Buona Vista/Ghim Moh! It's been injured by a fan (not bleeding but unable to fly) and is currently at the vet. Please PM if you think it might be yours!,131,a87te6,https://i.redd.it/jzkpnbmb8l521.png,13,21-12-2018,
4,4,Woman's leg trapped in between MRT train and platform at Buona Vista station during peak hour,52,bash2l,https://www.straitstimes.com/singapore/womans-leg-trapped-in-between-mrt-train-and-platform-at-buona-vista-station-during-peak,25,08-04-2019,
5,4,Anyone know what is this restaurant nearby Buona Vista? Thanks in advance,27,91fs32,https://i.redd.it/sdqypt9h3vb11.jpg,14,24-07-2018,
6,4,Nando’s advertising in Buona Vista...,24,a14p1q,https://i.redd.it/pzr2zd11j1121.jpg,3,28-11-2018,
7,4,Sirens in Buona Vista? Any one know what it means?,0,gt89kt,https://www.reddit.com/r/singapore/comments/gt89kt/sirens_in_buona_vista_any_one_know_what_it_means/,8,30-05-2020,Over at ghim moh we could hear a siren that’s been a few minutes already. Anyone know what’s up?
