,district_num,title,score,id,url,comms_num,created,body
0,4,Sketches of Singapore #3: Clementi Mall,2878,g8xwet,https://i.redd.it/pw3sq1br2cv41.png,76,27-04-2020,
1,4,Rail tunnel of the old Jurong Line under Clementi Rd,1113,igoj9v,https://i.redd.it/95edjvkeq8j51.jpg,74,26-08-2020,
2,4,Gorgeous sunrise at Clementi,746,bja9ky,https://i.redd.it/voop9162khv21.jpg,44,01-05-2019,
3,4,"Inaugural Trip on the Jurong line, 1965. I suspect this is Clementi Road , (which also may be known as Reformatory Road, changed in 1947). features a Class 20 on a special trip with passenger service.",749,jwyfo6,https://i.redd.it/jv511ohgg5061.jpg,11,19-11-2020,
4,4,The old funfair at Clementi,380,kcr93h,https://i.redd.it/0jvfjv8o63561.jpg,22,14-12-2020,
5,4,"Kathy was a ‘people person’, loved by many: Family, friends of NUS undergrad who died in Clementi taxi accident",359,8dwlb2,https://www.channelnewsasia.com/news/singapore/nus-undergraduate-clementi-taxi-accident-family-wake-10161840,75,21-04-2018,
6,4,Clementi resident asked to remove Christmas mannequin standing on HDB ledge,299,a5yemp,https://www.straitstimes.com/singapore/clementi-resident-asked-to-remove-christmas-decorations-outside-flat-due-to-safety,101,14-12-2018,
7,4,PJ Thum's Laptop and Phone seized by police after hours of questioning at Clementi Police Station,288,iwxn9q,https://i.redd.it/dmfcraka7ho51.png,119,21-09-2020,
8,4,A Row of Workhorses (Clementi Interchange).,276,jp7107,https://i.redd.it/wlkanpga1nx51.jpg,27,06-11-2020,
9,4,Lost lovebirb in clementi area! Likes to perch on heads,216,j7u9y4,https://www.reddit.com/gallery/j7u9y4,15,09-10-2020,
10,4,view from clementi right now,181,8tz87w,https://i.redd.it/g48adjkfyb611.jpg,19,26-06-2018,
11,4,"SCDF NSF found dead at Clementi block had indicated feelings of depression, court hears",179,atfvy0,https://www.channelnewsasia.com/news/singapore/scdf-nsf-found-dead-at-clementi-block-had-indicated-feelings-of-11279512,23,22-02-2019,
12,4,Anybody have a clue to who this man is and why he's doing it? He's always around Clementi!,178,f7r0aj,https://v.redd.it/rzu5e6d5fgi41,62,22-02-2020,
13,4,Crazy auntie in clementi,162,7uhx9r,https://www.reddit.com/r/singapore/comments/7uhx9r/crazy_auntie_in_clementi/,65,01-02-2018,"Sorry if this becomes ranty.

At around 6.20pm, there was a 40+ year old auntie who boarded 189 near nanhua high sch. She then proceeded to rant about construction vehicles taking up the road and how noisy the students were (about 30-40 students?).

The bus driver then started telling her to keep quiet as he needed to drive. And it escalated to a shouting match and she immediately alighted at the next stop. 

She then came up to the bus at the traffic light to make obscene gestures and continued to shout at the bus driver. She then stood infront of the bus before the next stop preventing the bus driver from moving. I have no idea what the fuck she's thinking stopping 30+ students trying to  get home for dinner just because they were noisy. 

I really pity bus drivers if this is what they go through on a daily/weekly basis. Wtf is wrong with these people being entitled af"
14,4,Petition to save Clementi Forest from Urbanization,127,jlazym,http://chng.it/5JmcYZkDRT,28,31-10-2020,
15,4,Clementi Forest - Singapore,127,k88qw5,https://youtu.be/EZy4iUTMQRc,22,07-12-2020,
16,4,"On Google Maps, Clementi's Police Division HQ is blacked out. This is the only blacked out area in the country. What is going on?",120,b2tlei,https://i.redd.it/jsb6j8mbl0n21.png,50,19-03-2019,
17,4,My nephew lost his cat in clementi. Need some help finding :'(,103,dq1o39,https://i.imgur.com/g3OVsvs.jpg,12,01-11-2019,
18,4,SCDF issues warning to Jurong-Clementi Town Council after officers unable to use hose reels during fire,86,dthalk,https://www.straitstimes.com/singapore/courts-crime/scdf-issues-warning-to-jurong-clementi-town-council-after-officers-unable-to?utm_medium=Social&utm_campaign=STFB&utm_source=Facebook#Echobox=1573227085,25,08-11-2019,
19,4,Spotted at Clementi Mall. Who knew phone gaming would become an Esport!,86,9c13z2,https://i.redd.it/tr7bx3c7rkj11.jpg,36,01-09-2018,
20,4,Singaporean woman's wedding with 'ang moh' husband at Clementi void deck is like no other,81,ekpxdh,https://stomp.straitstimes.com/singapore-seen/singaporean-womans-wedding-with-ang-moh-husband-at-clementi-void-deck-is-like-no,50,06-01-2020,
21,4,PSA: 3 incidents of rocks being thrown down from AYE (Clementi) flyover at wee hours,70,8szzcn,https://www.youtube.com/watch?v=SfJKl_oL5FA,22,22-06-2018,
22,4,Nature lover proposes building 500m elevated boardwalk in Clementi Forest for its conservation,75,k5ne4i,https://mothership.sg/2020/11/clementi-forest-boardwalk-proposal/,34,03-12-2020,
23,4,Blast from the Past: Clementi Edition,65,lbgam8,https://www.reddit.com/r/singapore/comments/lbgam8/blast_from_the_past_clementi_edition/,40,03-02-2021,"McDonalds? Check. Fountain? Check. Perpetually blue MRT station? Triple check. This is the Clementi that I grew up in, and occasionally look back on with fondness.

What are your memories of this bygone place?

&#x200B;

[Image Credits: https:\/\/www.lifestinymiracles.com\/2012\/08\/loving-my-spot-ecclectic-clementi\/](https://preview.redd.it/6utg6tmt47f61.jpg?width=640&format=pjpg&auto=webp&s=5814b191a082d37a573d68e3e9202e3074e949f1)

&#x200B;

[Image credits: Wikipedia](https://preview.redd.it/hvqwu8ks88f61.jpg?width=2592&format=pjpg&auto=webp&s=42aa31a25082e3626167a57d224d9c6a72e433ce)

Edit: More photos"
24,4,Police report filed after parkour teens perform stunts on roof of 40-storey HDB block in Clementi,53,8w105w,https://www.straitstimes.com/singapore/police-report-filed-after-parkour-teens-perform-stunts-on-roof-of-40-storey-hdb-block-in,34,04-07-2018,
25,4,Clementi is off-center,52,7qhfig,https://i.redd.it/ry66yz0ix5a01.jpg,24,15-01-2018,
26,4,Taxi driver in fatal Clementi Road accident arrested,49,8f2ory,https://www.channelnewsasia.com/news/singapore/kathy-ong-taxi-driver-clementi-accident-arrested-10178384#cxrecs_s,22,26-04-2018,
27,4,Bad smell in clementi,38,j7esrh,https://www.reddit.com/r/singapore/comments/j7esrh/bad_smell_in_clementi/,15,08-10-2020,"Hello all, looks like the bad farting smell in clementi is back once again! people have complained about this particular farting smell repeatedly over the years. it’s too strong and covers too broad an area and also smells a bit too synthetic for it to be fertilizer/cooking oil/sewage (also it doesn’t smell like sewage??) is there some really nasty factory nearby producing this smell?"
28,4,Clementi hawker offers S$1 off kuay teow & free goreng pisang for all guardsmen from his batch,44,eqv8ar,https://mothership.sg/2020/01/kuay-teow-goreng-pisang-guardsmen/,11,19-01-2020,
29,4,Bus 99 90x Timelapse - Jurong West to Clementi interchange,38,aajaty,https://youtu.be/_WPlp2ymBtw,29,29-12-2018,
30,4,Jurong-Clementi Town council acts swiftly after reports of items stored in hose reel cabinets,32,e0t2a8,https://mothership.sg/2019/11/town-council-hose-reel-cabinets/,7,24-11-2019,
31,4,"Which is your favourite hawker centre? I was at Clementi street 2 hawker centre this morning and realised that every one feels slightly different, food choices aside. This one feels nice because it faces a row of shops across a a wide garden path with seats in between. Can eat, chill and watch.",30,b78ib4,https://i.redd.it/uubl3wlyk7p21.jpg,25,30-03-2019,
32,4,Fire in Clementi? This is looking from Sunset Way Towards Clementi at 540 this morning.,30,e34z8m,https://i.redd.it/kx2uy6qb1i141.jpg,7,29-11-2019,
33,4,STOMP: Men argue over queue-cutting at McDonald's in Clementi 'Your father's road ah?',26,gs32zk,https://youtu.be/bh2Ss8i1Su8,11,28-05-2020,
34,4,Clear skies over Clementi,34,fd5wkq,https://imgur.com/JiFXBrQ,7,04-03-2020,
35,4,"Elderly couple buys 5-room HDB resale flat in Clementi for $1.04 million, pays in cash, Money, Singapore News",25,hukjfm,https://www.asiaone.com/money/elderly-couple-buys-5-room-hdb-resale-flat-clementi-104-million-pays-cash,36,20-07-2020,
36,4,Ex-taxi driver admits to causing NUS student's death at Clementi Road junction,21,cepuat,https://sg.news.yahoo.com/extaxi-driver-admitted-to-causing-nus-students-death-at-clementi-road-junction-030903982.html,9,18-07-2019,
37,4,"Why is there a via woodlands subtext under train stations on the north south line, but not any other places, like via clementi, for example?",21,7x8lts,https://www.reddit.com/r/singapore/comments/7x8lts/why_is_there_a_via_woodlands_subtext_under_train/,16,13-02-2018,"Just wondering because I’m super curious. Live in woodlands and it’s very easy to tell which direction at a quick glance so that’s a good thing tho

Edit: to clarify, if you look at the signage To:Jurong East, you will see a subtext under it such as “via woodlands”? "
38,4,PMD being charged in Clementi HDB common corridor catches fire; 3 residents evacuated,21,e6hrhr,https://www.straitstimes.com/singapore/pmd-being-charged-in-clementi-hdb-common-corridor-catches-fire-3-residents-evacuated,6,05-12-2019,
39,4,Smart letterboxes to be trialled at two Clementi Housing Board blocks,15,k5tpby,https://www.straitstimes.com/singapore/consumer/smart-letterboxes-to-be-trialled-at-two-clementi-housing-board-blocks,13,03-12-2020,
40,4,Nice view from one of the Casa Clementi towers,16,hiqcuz,https://i.redd.it/6dxo22pvn2851.jpg,7,01-07-2020,
41,4,PSA: Platform screen door fault at Clementi station (eastbound),7,8opkss,https://www.reddit.com/r/singapore/comments/8opkss/psa_platform_screen_door_fault_at_clementi/,2,05-06-2018,"Affecting eastbound traffic from JE to Dover, but starts way earlier. Originally claimed 5 minute delay, but now the announcement changed to 10. Though, that's SMRT mathamagic, and it's closer to 15 minutes delay now. "
42,4,Line of people spotted at backdoor of licensed moneylender in Clementi,9,gc5r9c,https://mothership.sg/2020/05/people-queuing-moneylender-clementi/?fbclid=IwAR2CCJpWTgm_HgIKp1KiR3bgqeBGhtT8ReL__NUBZicVR673oBujOiVNHMU,6,02-05-2020,
43,4,Food at clementi,6,hkgoit,https://www.reddit.com/r/singapore/comments/hkgoit/food_at_clementi/,24,03-07-2020,"Hi people i would like to ask, if anyone has any recommendations for food around clementi. I will be there a lot next few years so i wanted to see if there are anyone that knows about good food places there. Pref hawker centre but not restricted to. Thanks!"
44,4,First reservist in clementi,3,8w75nn,https://www.reddit.com/r/singapore/comments/8w75nn/first_reservist_in_clementi/,14,05-07-2018,"Going back for my first reservist in clementi soon, anyone knows what to expect?"
45,4,Found a collared dog roaming about near Clementi/Burgundy Hill.,4,83unyi,https://www.reddit.com/r/singapore/comments/83unyi/found_a_collared_dog_roaming_about_near/,6,12-03-2018,"So, I found a dog roaming around the streets around Burgundy Hill, near to Yushok Issak's gates.

Attached is the picture taken from my phone.
puu.sh/zFY02/e6a53effdf.jpg

The dog looks old and generally comfortable with humans, though dirty/haggard and not properly groomed. 

Could not approach the dog as it started being ""on guard"" and backing off, though I can walk pass it without it being territorial. 

I hope I can help someone out here. Thanks!

PM me for personal HP if there are any leads."
