,district_num,comment_id,comment_parent_id,comment_body,comment_link_id,created
0,4,gmeykoa,t3_leld8z,Yep. The jap restaurant was really good.,t3_leld8z,07-02-2021
1,4,gmg8mnl,t3_leld8z,"I remember a car dealer as well, a few exotic Continentals always for sale.",t3_leld8z,07-02-2021
2,4,gmjzltp,t3_leld8z,"Was this at near Ayer Raja Hawker Center?

I've never been there but my parents pass by a lot after eating at Hawker. I remember there was a car dealer store and i always look at them until the demolished.",t3_leld8z,08-02-2021
3,4,gmis4c9,t3_leld8z,"There was also:  
a.  laundry - remember watching the giant washing machines and industrial steam-ironing machine

b.  dentist - my regular dentist. They had a rainbow window decal. Wonder what it was intended to mean in those days (late 80s)",t3_leld8z,07-02-2021
4,4,gmk838p,t3_leld8z,You can catch glimpses of Hong Leong Gardens on Google Street View :) You can select earlier years,t3_leld8z,08-02-2021
5,4,gmezdbl,t1_gmeykoa,There's also a Japanese restaurant there now when it reopened at Newest called Hakata Japanese Restaurant. The food is generally good and there were Japanese magazines stacked on the racks which was similar to the old Japanese restaurant. Makes me wonder if the previous owners reopened it under a new name.,t3_leld8z,07-02-2021
6,4,gmhlwu1,t1_gmeykoa,Yes! An old schoolmate’s family ran the restaurant (if you and I are remembering the same restaurant.) It served super homely japanese fare. She was already quite old when I used to go though so I suspect they are not running a restaurant anymore.,t3_leld8z,07-02-2021
7,4,gmjl0p6,t1_gmg8mnl,"My father bought a Chevy there, I still remembered",t3_leld8z,08-02-2021
8,4,gmk0gi4,t1_gmjzltp,Yeah!! I also kept on looking at the car dealer as I was a car crazy kid back then. I once even tried running into the dealer but was stopped by my grandmother.,t3_leld8z,08-02-2021
9,4,gmirz7h,t1_gmezdbl,Yes hakata restaurant reopened under the new condo/shopping development NEwest .,t3_leld8z,07-02-2021
10,4,gmj2w7p,t1_gmhlwu1,"Owner is still the same, they are already 60+. now passing over to next generation.

  
food still good though",t3_leld8z,08-02-2021
11,4,gmjjhux,t1_gmj2w7p,"Sorry which restaurant is this, may I know please?",t3_leld8z,08-02-2021
12,4,gmo4l2c,t1_gmjjhux,"[http://www.hakatarestaurant.com/](http://www.hakatarestaurant.com/)  
Hakata Nihon Ryori",t3_leld8z,09-02-2021
13,4,gmob3jf,t1_gmo4l2c,Thank you!,t3_leld8z,09-02-2021
