,district_num,title,score,id,url,comms_num,created,body
0,4,"Tok Ujang, the last survivor of Battle of Pasir Panjang, passes away due to Covid-19",769,lhbsqx,https://www.thestar.com.my/news/nation/2021/02/10/tok-ujang-the-last-survivor-of-battle-of-pasir-panjang-passes-away-due-to-covid-19,31,11-02-2021,
1,4,"76 years ago, on this day, the Battle of Pasir Panjang in Singapore was fought between the Malay Regiment and the Japanese 18th Division, marking the final stage of the invasion.",487,7x8hs2,https://i.redd.it/kvzu56k0iyf01.jpg,75,13-02-2018,
2,4,Wild rooster near Science Park II at Pasir Panjang,350,8nf01b,https://i.redd.it/tzihlf8zi3111.jpg,64,31-05-2018,
3,4,abandoned Pasir Panjang Power Station. really photogenic place,277,as7o8d,https://i.redd.it/3lcsx5kx5hh21.jpg,37,19-02-2019,
4,4,Sunset at Pasir Panjang,172,fcr8da,https://i.redd.it/5tuggolxvek41.jpg,21,03-03-2020,
5,4,Sunset over Pasir Panjang Port,119,8uk84k,https://v.redd.it/xsokg6h9br611,5,28-06-2018,
6,4,Sunset over Pasir Panjang Port. This is a still taken at the same time. Feel it looks clearer than the video.,92,8uq8hf,https://i.redd.it/7m3h4yhr8v611.jpg,4,29-06-2018,
7,4,saw a few pasir panjang port photos. heres mine,69,9qmm68,https://i.redd.it/yo5uxuegzvt11.jpg,4,23-10-2018,
8,4,World War II survivor - Pasir Panjang Machine Gun Pillbox,66,b0wwxk,https://i.redd.it/6ehry33v21m21.jpg,9,14-03-2019,
9,4,Pasir Panjang Port at Dusk,64,9oza72,https://i.redd.it/3gnr8b0fdrs11.jpg,1,17-10-2018,
10,4,Does anyone have any idea what are the opening rates for the new Anytime Fitness at Pasir Panjang?,0,ed7moq,https://www.reddit.com/r/singapore/comments/ed7moq/does_anyone_have_any_idea_what_are_the_opening/,1,20-12-2019,"Can't find any info on it, and tried contacting the outlet but haven't heard back from them."
11,4,Pasir Panjang,0,80ek6e,https://i.redd.it/cs7hikt9ali01.jpg,1,27-02-2018,
