,district_num,title,score,id,url,comms_num,created,body
0,4,"HornBill Sand Bath, West coast park.",1469,jftoig,https://v.redd.it/6skjouuh0lu51,65,22-10-2020,
1,4,Went to West Coast Park for breakfast and found a parrot club meetup!,609,9q0pk1,https://i.redd.it/eacu6tw3rgt11.jpg,61,21-10-2018,
2,4,Captured this beautiful rainy sunset at West Coast Park,446,a2dam9,https://i.redd.it/c3uqxqyfcv121.jpg,15,02-12-2018,
3,4,Mcdonalds Walk Thru @ West Coast Park,182,f7amhw,https://i.imgur.com/e4ZNGME.jpg,24,21-02-2020,
4,4,A lone otter at West Coast Park.,163,lnxbuy,https://i.redd.it/61ecuwa8qji61.jpg,10,20-02-2021,
5,4,PSP West Coast ordered to take down 50 posters by West Coast Town Council,151,hkaqxy,https://www.reddit.com/r/singapore/comments/hkaqxy/psp_west_coast_ordered_to_take_down_50_posters_by/,53,03-07-2020,"From PSP West Coast:

https://streamable.com/gzi6j3

https://ibb.co/JsCbGMV

EDIT: ELD has clarified that posters by both PAP and PSP were removed for public safety.

Thank you u/Zukiff and u/kirikanankiri for pointing us to a video of the PAP also removing a poster before the official statement by ELD.

And an absolute BIG SHOUTOUT to u/xhesakh and u/capsgabe for posting links to press articles on the ELD statement. 😗👄😘😙😽"
6,4,"Anyone watching CNA right now? The newscaster just referred to PSP's team in West Coast as the ""so-called Progress Singapore Party's A-Team""",129,him3g6,https://www.reddit.com/r/singapore/comments/him3g6/anyone_watching_cna_right_now_the_newscaster_just/,14,30-06-2020,"So-called? Arguably it could be referring to the ""A-Team"" but the placement of ""so-called"" before PSP is awful. How blatant."
7,4,Dr Tan Cheng Bock's message from 2011 is still relevant now for all West Coast voters,121,hppao2,https://www.youtube.com/watch?v=rywPgwDk9vM,7,12-07-2020,
8,4,Hills across the west coast: Is the air much cleaner?,121,g17a4s,https://i.redd.it/8sbnk2isuss41.jpg,15,14-04-2020,
9,4,Nostalgia Part X- Anyone Remembers Ginza Plaza? (current west coast plaza).,107,lv06xg,https://i.redd.it/xggralnzick61.jpg,36,01-03-2021,
10,4,Beautiful evening at West Coast park . People enjoying open spaces rather than the malls.,94,fizp6v,https://i.redd.it/t0qwegpritm41.jpg,5,15-03-2020,
11,4,"GE2020: Tan Cheng Bock to lead PSP team in West Coast GRC, Lee Hsien Yang not among candidates for now",85,hg1tcn,https://www.todayonline.com/singapore/ge2020-tan-cheng-bock-lead-psp-team-west-coast-grc-lee-hsien-yang-not-among-candidates-now?fbclid=IwAR0xrtoSm9hjLRWCDE4hrRNxqSnIO625GjI7f7Pzoo_soAYBg5Hp0TiWcJc,16,26-06-2020,
12,4,Tan Cheng Bock has breakfast with Lee Hsien Yang at West Coast hawker centre,72,9u0e5d,https://www.straitstimes.com/politics/tan-cheng-bock-has-breakfast-with-lee-hsien-yang-at-west-coast-hawker-centre?xtor=CS1-10,42,04-11-2018,
13,4,A pair of black and white Hornbills at West Coast Park.,80,ehkhs3,https://i.redd.it/g76fudz80r741.jpg,0,30-12-2019,
14,4,GE2020: No more three-cornered fight in West Coast as Reform Party backs out,82,hes906,https://www.straitstimes.com/politics/ge2020-no-more-three-cornered-fight-in-west-coast-as-reform-party-backs-out,30,24-06-2020,
15,4,Sunset at West Coast Park,53,bbkwwm,https://www.reddit.com/r/singapore/comments/bbkwwm/sunset_at_west_coast_park/,5,10-04-2019,"&#x200B;

https://preview.redd.it/ddfkjuaaafr21.jpg?width=1600&format=pjpg&auto=webp&s=38dc5c5903b0645445986bba526dbec0917dc3f5"
16,4,West Coast Sunset 01/02/2018,52,7uhws2,https://imgur.com/79sLIcL,3,01-02-2018,
17,4,"Reddit users of singapore, my parents have found this unleashed dog last night in West Coast Park and we are unsure if it is wild or a lost dog. When we approached it, it ran away. Does anyone know who its owner is?",46,aa8i1z,https://i.redd.it/c6i46zhtaz621.jpg,14,28-12-2018,
18,4,Beautiful bird formation over West Coast Park,47,eo5qjb,https://v.redd.it/ofyl8r0zfka41,3,13-01-2020,
19,4,"Dr Tan Cheng Bock's response to ""if you were to win West Coast GRC, what would be some of your plans?""",38,hmvugm,https://www.reddit.com/r/singapore/comments/hmvugm/dr_tan_cheng_bocks_response_to_if_you_were_to_win/,12,07-07-2020,[https://media.giphy.com/media/lqN1cXYThHco84KMal/giphy.gif](https://media.giphy.com/media/lqN1cXYThHco84KMal/giphy.gif)
20,4,West Coast GRC is the biggest by land mass & most important industrial base,40,hrhmwj,https://i.redd.it/2fzelh86gya51.jpg,25,15-07-2020,
21,4,WEST COAST DOMINOS PIZZA RIDER ASSAULTS & SMASHES YOUNG MANAGER,38,kkjbqe,https://singaporeuncensored.com/west-coast-dominos-pizza-rider-assaults-smashes-young-manager/,28,26-12-2020,
22,4,Tan Cheng Bock leads party's first door-to-door visits in West Coast; declines to confirm if PSP will contest in area,29,enlw6v,https://www.straitstimes.com/politics/tan-cheng-bock-leads-partys-first-door-to-door-visits-in-west-coast-declines-to-confirm-if,16,12-01-2020,
23,4,GE2020: Two PSP candidates from West Coast GRC team to be offered NCMP seats,27,hp5ggn,https://www.straitstimes.com/politics/ge2020-two-psp-candidates-from-west-coast-grc-team-to-be-offered-ncmp-seats-as-best-losers,14,11-07-2020,
24,4,(3 Corner Fights) Tan Cheng Bock set to contest West Coast GRC as PSP eyes 15 constituencies,27,fkzanb,https://www.reddit.com/r/singapore/comments/fkzanb/3_corner_fights_tan_cheng_bock_set_to_contest/,8,19-03-2020,"https://www.straitstimes.com/politics/tan-cheng-bock-set-to-contest-west-coast-grc-psp-sets-eyes-on-15-constituencies

SINGAPORE - The Progress Singapore Party (PSP) has set its sights on seven SMCs and eight GRCs at the next election, with party chief Tan Cheng Bock set to lead a team in West Coast GRC.

Speaking to The Straits Times after a party meeting on election plans on Wednesday night (March 18), PSP assistant secretary-general Leong Mun Wai said the party has identified 44 candidates, with another 13 in reserve, and is seeking to make its presence felt on its first electoral outing.

""We intend to field a sizeable contingent, but of course, the final outcome will depend on discussions with all the other parties. We are mindful that we are the newest party, so we seek the cooperation of all the other parties to come to an amicable arrangement,"" said Mr Leong, adding that Dr Tan will likely be fielded in West Coast GRC because of his past track record and the expectation of voters.

The GRC includes the Ayer Rajah ward, where the veteran politician was MP for 26 years.

However, this sets up a potential three-way contest in West Coast GRC as Reform Party chairman Andy Zhu has said his party will contest there to ""pick up where we left off"" from the last elections.

There are many other potential overlaps as PSP sets an ambitious target of contesting 15 constituencies: Jurong GRC, Chua Chu Kang GRC, Tanjong Pagar GRC, Jalan Besar GRC, Bishan-Toa Payoh GRC, Nee Soon GRC, Sembawang GRC, Hong Kah North SMC, Yuhua SMC, Pioneer SMC, Radin Mas SMC, Kebun Baru SMC, Marymount SMC and Yio Chu Kang SMC.

The meeting was held via video conference in three venues - the party's headquarters in Bukit Timah, its office in Tannery Lane and secretary-general Dr Tan's house in Holland Grove.

Central Executive Committee members like Francis Yuen, assistant treasurer Hazel Poa and assistant secretary-general Leong Mun Wai were seen entering Dr Tan's house from about 7pm.

Earlier in the day, the party had posted a recruitment call on its Facebook page for polling agents and counting agents.

The recruitment is part of its preparations for the next general election, which it said ""could be any time soon"" following the release of the new electoral boundaries last Friday (March 13).

In its post, the party explained what those roles entailed, and added that training will be provided by the party.

A message from Mr Leong had gone out to members on Monday, saying that the party would aim to compete in at least one GRC in each of its four divisions and a few SMCs, ""subject to negotiation with other parties"".

""Let us stress that to be a candidate is not the only way to contribute to the party and the cause we are fighting for,"" he said in the message.

Political observer Felix Tan, an associate lecturer at SIM Global Education, said the party could be ""stretching itself too thinly"" in just its first electoral outing, especially since it still largely rests on the personality of Dr Tan Cheng Bock.

""We don't know how well voters will take to the other candidates running in the other constituencies,"" he said.

He said that West Coast GRC is the PSP's best chance of electoral success, because Dr Tan has a following with a loyal support group among the voters there.

""It would be a surprise if he didn't run there."""
25,4,Anyone else hearing and feeling booms near West Coast Park?,26,ievytb,https://www.reddit.com/r/singapore/comments/ievytb/anyone_else_hearing_and_feeling_booms_near_west/,24,23-08-2020,"Heard at least 4 in the past hour, windows shaking slightly. Thought it could be possible SAF detonations in the Southern Islands?"
26,4,"FYI PAP were told to remove their posters in West Coast GRC as well, it didn't just happen to PSP",18,hkf2e7,https://www.reddit.com/r/singapore/comments/hkf2e7/fyi_pap_were_told_to_remove_their_posters_in_west/,9,03-07-2020," Since everyone is complaining about this

\*facebook link   


/factchecker.sg/videos/720332122115530/  


Yes and this is why it's 10 kinds of retarded to ban fb links"
27,4,"Tan Cheng Bock hints at West Coast GRC fight after 200 PSP members visited Teban Gardens, Pandan Loop",20,eof53f,https://www.mothership.sg/2020/01/tan-cheng-bock-west-coast-grc-psp/,16,14-01-2020,
28,4,From West Coast to Sengkang: The 5 closest fights of GE2020,18,hp3c93,https://www.straitstimes.com/politics/the-5-closest-fights-of-ge2020?xtor=CS3-18&utm_source=STiPhone&utm_medium=share&utm_term=2020-07-11%2011%3A07%3A51,2,11-07-2020,
29,4,"Desmond Lee: We will plant 100,000 new trees in West Coast industrial areas",24,hl118j,https://mothership.sg/2020/07/desmond-lee-trees-west-coast/,25,04-07-2020,
30,4,Bike sharing in East/West coast park,10,7vdgsr,https://www.reddit.com/r/singapore/comments/7vdgsr/bike_sharing_in_eastwest_coast_park/,9,05-02-2018,"Hi!

I was at east coast park on saturday afternoon, and noticed that a number of shared bikes like ofo or obike etc being hoarded (e.g. parked near someone/a group of people), but whom have no intention of allowing others to unlock the bike.

My friend spotted a bike near a bench occupied by a man, and attempted asking him whether that bike was available.
However my friend was told that he was still using it, and said that the bike was still unlocked.

Others simply said that they are still using the bikes despite being at a group gathering and having no indication that they were going to use it anytime soon.

Anyone else noticed this irony of bike sharing, or is it just me?"
31,4,In case it gets taken down (PAP West Coast GRC candidate Rachel Ong runs door-to-door during home visits at Telok Blangah St 31),9,hmk7dh,https://v.redd.it/nyxg3gbryb951,43,07-07-2020,
32,4,Whats the best way to ship a 30kg bulky object with a ton of batteries from SG to the USA west coast?,5,9wmr6k,https://www.reddit.com/r/singapore/comments/9wmr6k/whats_the_best_way_to_ship_a_30kg_bulky_object/,14,13-11-2018,"If you couldn't guess I'm referring to the speedy scooters. Since the LTA ban, a ton of them are going totally unused and popping up on carousell for like $1000 USD. Brand New ones in the US are $2800!

However shipping a scooter gets complicated since they're heavy, bulky, and their giant batteries aren't permitted on cargo planes as far as I know.

So, what are some shipping companies that can do stuff like this? And how much should I expect to pay? Like $600 USD?


Thanks r/Singapore

PS;I'm in talks with a fellow at a place called ScooterSG who does ship new scooters to the USA as a reseller, and claims they can ship one for $350 in 6 to 8 buisnesses days which seems unusually low...



"
33,4,"What happen to the automatic recount? PSP 48.31% in West Coast GRC, <=2% difference",3,hox0fw,https://www.reddit.com/r/singapore/comments/hox0fw/what_happen_to_the_automatic_recount_psp_4831_in/,5,11-07-2020,"""Unlike in previous GEs, the returning officer will automatically call for a recount of the votes if the difference between contesting candidates is 2 per cent or less.""

[https://www.todayonline.com/singapore/no-voting-covid-19-patients-and-those-quarantine-special-voting-hour-those-shn](https://www.todayonline.com/singapore/no-voting-covid-19-patients-and-those-quarantine-special-voting-hour-those-shn)

&#x200B;

~~Am I missing something?~~

&#x200B;

Edit: My misunderstanding.. Apologies!"
34,4,West Coast YEC Esport Tournament 2020 (Circuit Breaker edition),0,gasfq0,https://www.reddit.com/r/singapore/comments/gasfq0/west_coast_yec_esport_tournament_2020_circuit/,3,30-04-2020,"With the extended circuit breaker, West Coast CC YEC proudly presents an online League of Legends Tournament where teams of 5 will battle against one another. Stand a chance to win up to $200 worth of NTUC vouchers! Show us YOUR SKILLS, YOUR OUTPLAYS, and TEAM TACTICS together with your friends! Registration opens on **30th April 2020** and signups are open for 16 teams only (first come first serve basis) SO WHAT ARE YOU WAITING FOR? SIGN UP NOW!

**SIGN UP LINK**: [https://go.gov.sg/westcoastyecesports](https://go.gov.sg/westcoastyecesports)

For any further inquiries, you can direct message me [u/lowjonas](https://www.reddit.com/u/lowjonas/)\*\*,\*\* one of the moderators of the event. Thank you!

Additional note: The timings will be **7-9 pm on 4th May** and **1-4 pm for 5-8th May**. 1-4 pm will be the timing for all game days (that is the quarters, semi, and finals). There will be one game played per team each day. But the semi-finals and finals will be best of 3. Finally, if there are any changes the group leader will be informed."
