,district_num,title,score,id,url,comms_num,created,body
0,13,Spotted in the wild near Braddell Station,1375,ez6muz,https://i.redd.it/4vus7lnrj2f41.jpg,43,05-02-2020,
1,13,found a lost keychain at Braddell Stn/Blk 107 bus stop!,195,jiew49,https://i.redd.it/newui8xa2gv51.png,24,26-10-2020,
2,13,Was running along Braddell Road and saw something strange,41,gd8wvy,https://v.redd.it/r5pkb7q23qw41,10,04-05-2020,
3,13,"Carpe domus, Braddell",33,kpe61a,https://i.redd.it/p4kntvnou1961.jpg,6,03-01-2021,
4,13,"Reckless cyclists, PMD users spur Braddell Heights, Tanjong Rhu residents into action",7,9femal,https://www.todayonline.com/singapore/reckless-cyclists-pmd-users-spur-braddell-heights-tanjong-rhu-residents-action,3,13-09-2018,
