,district_num,comment_id,comment_parent_id,comment_body,comment_link_id,created
0,13,fglgxyr,t3_ez6muz,Hairy Cutter and The Chamber Of Man Buns,t3_ez6muz,05-02-2020
1,13,fglk09g,t3_ez6muz,"harry potter and the prisoner of tekong?

i didnt mean to call NSmen prisoners mindef pls don’t hurt me",t3_ez6muz,05-02-2020
2,13,fglsyi5,t3_ez6muz,"Lord Botakmort, he who must not be shaved.",t3_ez6muz,05-02-2020
3,13,fglhlj8,t3_ez6muz,"If hogwarts was a sports school, he would be Harry putter

If hogwarts was a dairy farm, he would be Harry butter",t3_ez6muz,05-02-2020
4,13,fglgq8o,t3_ez6muz,r/unexpectedhogwarts,t3_ez6muz,05-02-2020
5,13,fglsulr,t3_ez6muz,"You're a barber, Hairy.",t3_ez6muz,05-02-2020
6,13,fglpd3o,t3_ez6muz,Wait till you see shoelock homes at Far East Plaza,t3_ez6muz,05-02-2020
7,13,fglov4d,t3_ez6muz,lol this shop is just opposite my grandma house block and when i see it i just can't stop but laugh,t3_ez6muz,05-02-2020
8,13,fglgbo5,t3_ez6muz,Punny,t3_ez6muz,05-02-2020
9,13,fgltveh,t3_ez6muz,Ok this is brilliant.,t3_ez6muz,05-02-2020
10,13,fglvahd,t3_ez6muz,Anyone tried to cut hair there?,t3_ez6muz,05-02-2020
11,13,fgm8z04,t3_ez6muz,I swear to god I see that everyday but too insignificant to care about it,t3_ez6muz,05-02-2020
12,13,fgmbeuy,t3_ez6muz,Hi /u/aaa27070,t3_ez6muz,05-02-2020
13,13,fgmbzjb,t3_ez6muz,funny and punny,t3_ez6muz,05-02-2020
14,13,fglgfxx,t3_ez6muz,What am I supposed to be looking at?,t3_ez6muz,05-02-2020
15,13,fglv4je,t3_ez6muz,PMD,t3_ez6muz,05-02-2020
16,13,fglj4ju,t1_fglgxyr,Hairy Cutter and the Half-Cut Fringe,t3_ez6muz,05-02-2020
17,13,fgo8f1v,t1_fglgxyr,Hairy Cutter and the Shaving of Furries OwO,t3_ez6muz,06-02-2020
18,13,fglruby,t1_fglk09g,yes encik this guy right here,t3_ez6muz,05-02-2020
19,13,fgm0f0m,t1_fglk09g,"i mean, fairly accurate description",t3_ez6muz,05-02-2020
20,13,fglj8pd,t1_fglhlj8,"If hogwarts was run by tong guan, it would be harry nutter",t3_ez6muz,05-02-2020
21,13,fgmluba,t1_fglhlj8,"If hogwarts was a BKT store, he would be Hairy Porker.",t3_ez6muz,05-02-2020
22,13,fgm142y,t1_fglov4d,Any idea how much is the cut there?,t3_ez6muz,05-02-2020
23,13,fgmbj6p,t1_fgmbeuy,hi /u/scampower3 :D,t3_ez6muz,05-02-2020
24,13,fgmbjqt,t1_fgmbeuy,hi aaa270700 whats up my dooood,t3_ez6muz,05-02-2020
25,13,fglgzb5,t1_fglgfxx,"YOU’RE A SCISSOR , HAIRY.",t3_ez6muz,05-02-2020
26,13,fglgzpl,t1_fglgfxx,the name of the shop is an obvious rip of harry potter,t3_ez6muz,05-02-2020
27,13,fgmj2io,t1_fglv4je,Isn't that a PMA.,t3_ez6muz,05-02-2020
28,13,fglxgpg,t1_fglj4ju,Hairy Cutter and the Goblet of Hair gel,t3_ez6muz,05-02-2020
29,13,fgllszb,t1_fglj8pd,"If Hogwarts was in Geylang, it would be Hairy Nutter",t3_ez6muz,05-02-2020
30,13,fgmbcs7,t1_fgm142y,$9.75,t3_ez6muz,05-02-2020
31,13,fgmeg1f,t1_fgmbjqt,hello there /u/ReturnToNothing,t3_ez6muz,05-02-2020
32,13,fgloe8p,t1_fglgzb5,"Came here to see a comeback, was not disappointed.",t3_ez6muz,05-02-2020
33,13,fgn6kfp,t1_fgmj2io,Oh yeah,t3_ez6muz,05-02-2020
34,13,fgnc2lu,t1_fglxgpg,Hairy Cutter and the Deathly Haloes,t3_ez6muz,05-02-2020
35,13,fglrsx7,t1_fgllszb,"If Hogwarts was in Singapore River, it would be Hairy Otter",t3_ez6muz,05-02-2020
36,13,fglm2fa,t1_fgllszb,"If hogwarts was a hogwarts,it would be hogwarts",t3_ez6muz,05-02-2020
37,13,fgndw4v,t1_fgnc2lu,Hairy Cutter and the half-price cut,t3_ez6muz,05-02-2020
38,13,fgltw9v,t1_fglrsx7,If hogwarts was Bruce Wayne's guardian he'd be a hairy butler,t3_ez6muz,05-02-2020
39,13,fgopvxq,t1_fgndw4v,Hairy Cutter and the Prisoner with Buzz-Cut-No.1?,t3_ez6muz,06-02-2020
40,13,ga607ch,t3_jiew49,"not sure if these kind of posts are allowed so sorry for the spam! pls remove if it's not allowed! 

a friend found this and left it at the stated bus stop with a note so please pick it up if it's yours haha",t3_jiew49,26-10-2020
41,13,ga695vb,t3_jiew49,Why u pick up it says not to move,t3_jiew49,26-10-2020
42,13,ga6jirw,t3_jiew49,"did a double-take for a second because I have the exact same keychain, except for the twice tokens",t3_jiew49,26-10-2020
43,13,ga67dy8,t3_jiew49,"That’s quite sad, it looks so cute!",t3_jiew49,26-10-2020
44,13,ga88wfp,t3_jiew49,Once + Uaena: good taste,t3_jiew49,27-10-2020
45,13,ga808id,t3_jiew49,aiyoooo sibeh cute leh,t3_jiew49,27-10-2020
46,13,ga7x2gs,t3_jiew49,"If that’s a Giant Microbe plushie keychain, that’s super cute.",t3_jiew49,26-10-2020
47,13,ga809ad,t3_jiew49,aiyoooo sibeh cute leh,t3_jiew49,27-10-2020
48,13,ga8tbws,t3_jiew49,Damn proud,t3_jiew49,27-10-2020
49,13,ga62kbf,t1_ga607ch,"Your friend must Feel Special for finding it. I am sure if the owner finds it, he/she will Dance The Night Away and be Happy Happy and will not T.T",t3_jiew49,26-10-2020
50,13,ga7uwgu,t1_ga6jirw,Awwwww so cute. Where did you buy it?,t3_jiew49,26-10-2020
51,13,ga8j7op,t1_ga88wfp,Uaena is the name of IU's fandom right?,t3_jiew49,27-10-2020
52,13,ga67poz,t1_ga62kbf,hopefully they see this post so they don't have to search More & More!!!,t3_jiew49,26-10-2020
53,13,ga67cgs,t1_ga62kbf,Pft,t3_jiew49,26-10-2020
54,13,ga8gp4r,t1_ga7uwgu,NBC Stationary & Gifts at JEM!,t3_jiew49,27-10-2020
55,13,ga8jpdt,t1_ga8j7op,yup!,t3_jiew49,27-10-2020
56,13,ga6db59,t1_ga67poz,"When you picked it up after seeing the note, did you go “I can’t stop me”",t3_jiew49,26-10-2020
57,13,ga8igxv,t1_ga8gp4r,Thanks!,t3_jiew49,27-10-2020
58,13,ga6e541,t1_ga6db59,"ah, i didn't, but it was The Best Thing I Ever Did",t3_jiew49,26-10-2020
59,13,ga6h9ro,t1_ga6e541,Guess it must have made you cheer up,t3_jiew49,26-10-2020
60,13,ga6or4x,t1_ga6h9ro,OP’s friend is trying to leave a Signal behind... but it didn’t knock knock on the person who lost it :(,t3_jiew49,26-10-2020
61,13,ga6wyzh,t1_ga6or4x,A little confused on what you’re trying to say. All I know is the one who lost it must be thinking “I want you back”,t3_jiew49,26-10-2020
62,13,ga81ji4,t1_ga6wyzh,"Sadly from the looks of it, the one who lost it is unable to Say Something 😞",t3_jiew49,27-10-2020
63,13,ga83n2g,t1_ga81ji4,Owner must want the keychain to stay by my side,t3_jiew49,27-10-2020
64,13,fpfxyqg,t3_gd8wvy,the weirder thing is why so many ppl crowd so close to each other,t3_gd8wvy,04-05-2020
65,13,fpg1cvx,t3_gd8wvy,the strange thing being so many people?,t3_gd8wvy,04-05-2020
66,13,fpg89y5,t3_gd8wvy,Otterly delightful 👍,t3_gd8wvy,04-05-2020
67,13,fpfxrw2,t3_gd8wvy,think thats just the normal otters that are arnd sg,t3_gd8wvy,04-05-2020
68,13,fpjalkq,t3_gd8wvy,got fishes in the canal drainage (for otters)?,t3_gd8wvy,05-05-2020
69,13,fpfz5d6,t3_gd8wvy,Nice to see the otters enjoying themselves. But the people all got practice safe distancing?,t3_gd8wvy,04-05-2020
70,13,fph0omd,t3_gd8wvy,Like that call strange ah... Where have you been these recent years...,t3_gd8wvy,04-05-2020
71,13,fpfyz6e,t1_fpfxyqg,Lmao this video can be used as evidence for not practicing social distancing,t3_gd8wvy,04-05-2020
72,13,fpg1twh,t1_fpg1cvx,They were attracted to the scene and decided to practise social distancing like what all responsible citizens will do... Oh wait,t3_gd8wvy,04-05-2020
73,13,fpg1vbp,t1_fpfyz6e,Then you see the police enter the scene and giving out fines,t3_gd8wvy,04-05-2020
74,13,ghwuyev,t3_kpe61a,do you know the artist's name by any chance?,t3_kpe61a,03-01-2021
75,13,ghwwblh,t1_ghwuyev,"Ti Hang Yao is written on the bottom left, probably the artist's name?



Edit:
My bad eyes, it is indeed tiffany_yao, i saw the koi painting in her ig.",t3_kpe61a,03-01-2021
76,13,ghx51rd,t1_ghwwblh,I think its Tiffany Yao? Lol could be wrong,t3_kpe61a,03-01-2021
77,13,ghx57lr,t1_ghwwblh,It’s Tiffany Yao! Hahaha,t3_kpe61a,03-01-2021
78,13,ghx3ty4,t1_ghwwblh,ahh thank you!,t3_kpe61a,03-01-2021
79,13,e5w17zf,t3_9femal,"Good on him for doing this.  However it’s quite sad that it’s necessary at all.  He rightly fears for his family’s safety and he wouldn’t need to do this at all if the laws were enforced or changed to keep large, fast moving vehicles in the road where they belong. ",t3_9femal,13-09-2018
80,13,e5wo9ja,t3_9femal,"I don't know what it is with Singaporean mentality - whether in a car or on a bike - both sets have utter disregard for more vulnerable road users (ie. pedestrians).

I remember when I was learning how to rollerblade and was in Sydney, Bondi beach, along the footpath on a sunny weekend - there were loads of pedestrians/cyclists/rollerbladers - I fell in front of a cyclist and that guy suddenly stopped and fell off his bike in a bid not to hit me - we both got up and he immediately came over and asked me if I was ok! (I'm a guy, if you were wondering).

In Singapore, I fell off my bike on the ECP and everyone just looked at me, no one asked, no one helped me up.

I don't know what it is - are we just Aholes with a capital ""A""?",t3_9femal,13-09-2018
81,13,e5wp2g9,t1_e5wo9ja,"Do bear in mind the majority of parkgoers at ECP on the weekend aren't Singaporean though. It's mainly our foreign workforce out enjoying their weekend with a few rich PRC emigres sprinkled in. They're more concerned about minding their own business and keeping their nose down. 

\*Edit* fuck the /r/sg mods for banning me for no apparent reason",t3_9femal,13-09-2018
