,district_num,title,score,id,url,comms_num,created,body
0,13,Stylish bike spotted in Potong Pasir,867,atgppc,https://i.redd.it/lr4s55l304i21.png,53,22-02-2019,
1,13,Abuse of Power by Potong Pasir's Sitoh?,212,hjz79u,https://www.reddit.com/r/singapore/comments/hjz79u/abuse_of_power_by_potong_pasirs_sitoh/,10,02-07-2020,">In 2014, I worked a contract job for NEA. I was pretty good at finding sanitation and vector problems, especially in Potong Pasir. It made the town council lose a lot of money in fines.  
>  
>Knowing that my contract position is not a long-term career, with my friends from the Town Council, I approached the GM of PPTC, with the proposal of fixing environmental problems at the root, as an employee of PPTC. I would take the minimum salary he'd offer, and prove myself. He accepted and I got a full-time job as a TC officer starting April 2014. I was full of hope and passion to serve the community and environment.  
>  
>I spent the next few months learning the ropes, helping the residents and fixing the problems that I promised. Because I was close to the residents, I heard about a group of scammers pretending to be TC officers taking money from senior residents for HIP. One day I got a call from one of the residents saying they spotted the group. I quickly asked my fellow TC officers to help me stop the scammers, while the police were on their way. We managed to hold the scammers until the police arrived. This incident was posted on the news. It was one of the proudest moments of my life. You can find the summary here:  
>  
>[https://www.straitstimes.com/singapore/courts-crime/five-charged-with-cheating-hdb-residents](https://www.straitstimes.com/singapore/courts-crime/five-charged-with-cheating-hdb-residents)  
>  
>I first met MP Sitoh Yi Pin around May 2014. I witnessed how the MP behaved in public. He was direct and helped the resident's woes, be it financial or living conditions. He was on the ground quite often, which was impressive. He'd have his morning coffee with the locals. Anyone can hang out with him and they'd speak highly of him. I thought it was nice.  
>  
>Because of my position, I had to do a fix a lot of problems at the request of MP Sitoh. Sometimes he's direct, sometimes he tells us to fix the problem in an angry tone, and sometimes he asks nicely. Dislodged brick, damaged pavement, too many mosquitoes etc, each time a problem is fixed, he'd look good to the people. He'd thank me. I honestly had no problem with this dynamic. Work is work.  
>  
>Around July 2014, I was deployed to assist the Meet-The-People session. MP Sitoh was berating the foreign workers in the area. He blamed them for the increase in pests and vectors, which I knew were unfair because 1) I had experience with this via NEA work and 2) they're just doing their work and earning very little money. I worked with the foreign workers to improve the conditions but what bothered me was how the MP treated them.  
>  
>So I contacted the Prime Minister's Office to ask a question: how is an MP held accountable for being rude to people in public? I did not mention the involved parties names, I just asked a question as a citizen. I left my contact details.  
>  
>Within 2 weeks, the town council head office contacted me and said I'd have to do a transfer interview to another town council, without giving a reason. I refused to transfer because I put my blood sweat and tears in the current community. I was then fired soon after, with no explanation. I talked to my GM and manager, but there was nothing they could do. My lovely coworkers helped me get through my last few days there.  
>  
>Seeing all my hard work and effort disappear within the span of a few days was very damaging to my mentality. I got depressed. I still get nightmares now from what happened. It took me a long time to recover, but I'm glad I'm in a better place now.  
>  
>MP Sitoh is a great social worker, but he's not our voice. He treats voters well and is well-respected by them, but he also bullies others. What's the purpose of an MP? Representation or community care? So far I only see them as well-paid social workers with deep pockets. It undermines actual social workers. Why did the PMO refer my honest question back to the MP? I honestly don't care anymore now.  
>  
>The purpose of my story: For the longest time I feared that if I told my story, I'd disappear. I don't want to live in fear anymore. If you're in a position of power, you should not disregard the lowest employees. You don't know their struggles to get to where they are. You should respect all human beings. And I want to move on from my horrible past, so that I can fully embrace my present and future. I try to live my life respecting everyone. If I've upset you in the past, let me know, and I sincerely apologize. To those who've read my story, thank you. And never give up.

From face book by Ali Ncx

Not the smartest move to go straight to PMO office. We know how it works."
2,13,"Jose Raymond, SPP's Chairman and GE 2020 candidate for Potong Pasir, announces his departure from politics",123,ki2wmp,https://www.reddit.com/gallery/ki2wmp,64,22-12-2020,
3,13,Body found at Potong Pasir flat during dengue inspections,58,hjycuq,https://www.channelnewsasia.com/news/singapore/dead-body-potong-pasir-dengue-inspection-nea-police-12895330?cid=FBcnaNEA,20,02-07-2020,
4,13,2 monitor lizards eat python carcass in Potong Pasir,52,hdj3mf,https://mothership.sg/2020/06/monitor-lizards-eat-dead-python/?fbclid=IwAR0BNSW6c_-boRner1nkKyljLw2Ttx6f59-DNK_eiejaC-U49aW8D-YUIjM,23,22-06-2020,
5,13,Chiam See Tong risked everything to leave Potong Pasir & form a GRC in 2011. It nearly didn’t happen.,35,crm86u,https://mothership.sg/2019/08/grc-chiam-see-tong-opposition-coalition/,0,17-08-2019,
6,13,"Fewer mynahs causing disturbance in Potong Pasir, says MP",15,agsmuk,https://www.straitstimes.com/singapore/fewer-mynahs-causing-disturbance-in-potong-pasir-says-mp,8,17-01-2019,
7,13,Body found in Potong Pasir flat while NEA officers conducted inspections for dengue,3,hkko1p,https://mothership.sg/2020/07/potong-pasir-dead-body-dengue/?fbclid=IwAR3dQNWPEUG1O18Ak45nkma7JFE4euIbc9zMxdc3Y9twZ69F1ES2A2EDStY,1,03-07-2020,
8,13,Potong Pasir River@around 9pm,0,anemy2,https://i.imgur.com/Xi8hbKm.jpg,3,05-02-2019,
