,district_num,title,score,id,url,comms_num,created,body
0,25,41.3kmh winds at Admiralty whipping people in S'pore across the face,157,kzqi9i,https://mothership.sg/2021/01/strong-winds-singapore/,29,18-01-2021,
1,25,Anybody know about khalsa crescent prison? Which located infront of admiralty west prison. This place left abandoned for years quite creepy leh if you pass by this place at night,156,kqr0fi,https://www.reddit.com/gallery/kqr0fi,24,05-01-2021,
2,25,A bee infestation at Admiralty,104,c65tsk,https://i.redd.it/losslrwanw631.jpg,28,27-06-2019,
3,25,"Beautiful clouds today, at Admiralty.",81,gtsbfe,https://i.redd.it/5psd9rs1z0251.jpg,16,31-05-2020,
4,25,"Bangladeshi, 24, gave up university at 18 to work as estate cleaner in Admiralty, S’pore",39,99vd8f,https://mothership.sg/2018/08/bangladeshi-singapore-work-estate-cleaner/,32,24-08-2018,
5,25,Winter supposedly back in S’pore: 21.6°C at noon on 01 July 2018 at Admiralty,42,8vgtjx,https://mothership.sg/2018/07/cool-weather-singapore-july-1-2018,11,02-07-2018,
6,25,Kampung Admiralty wins top global architecture award,16,a2a7ay,https://www.channelnewsasia.com/news/singapore/kampung-admiralty-wins-top-global-architecture-award-10988872,8,02-12-2018,
7,25,"Coronavirus: Another 12 residents, 2 staff at Acacia Home in Admiralty test positive for Covid-19",13,g90nx5,https://www.straitstimes.com/singapore/health/coronavirus-another-12-residents-2-staff-at-acacia-home-in-admiralty-test-positive?utm_source=STSmartphone&utm_medium=share&utm_term=2020-04-27+21%3A28%3A15,4,27-04-2020,
8,25,Dozens of Admiralty residents get their pick of donated furniture,4,8pr6d7,https://www.straitstimes.com/singapore/dozens-of-admiralty-residents-get-their-pick-of-donated-furniture,0,09-06-2018,
9,25,Admiralty Park. Spot the Ofo,0,7vkt48,https://i.redd.it/cpaknjrbqie01.jpg,4,06-02-2018,
