,district_num,title,score,id,url,comms_num,created,body
0,25,"Former HOD at Woodgrove Secondary School found guilty of misappropriating S$40,000 in student funds",130,kuz1br,https://www.channelnewsasia.com/news/singapore/woodgrove-secondary-maslinda-zainal-misappropriation-student-13936806?cid=fbcna&fbclid=IwAR3IJOtYSw_2kZjS8WpbNMN3I45t6s4gmNkcpW3ImOHD2B54beEKabKidkA,27,11-01-2021,
1,25,Woodgrove Secondary teacher accused of pocketing students' money says she 'did not keep records',95,j6hiyu,https://www.channelnewsasia.com/news/singapore/woodgrove-secondary-teacher-maslinda-zainal-taking-students-cash-13212894,36,07-10-2020,
2,25,"Woodgrove Secondary teacher on trial for allegedly pocketing S$40,000 from students",74,a131e3,https://www.channelnewsasia.com/news/singapore/woodgrove-secondary-teacher-misappropriating-students-hod-10975950,43,28-11-2018,
3,25,"Woodgrove teacher told MOE officer students' over-collected funds used on books, stationery",18,a4t188,https://www.channelnewsasia.com/news/singapore/woodgrove-teacher-trial-moe-officer-students-funds-11016944,8,10-12-2018,
4,25,"Woodgrove teacher trial: Principal did not know money was collected from students, says defence",17,a1gkjv,https://www.channelnewsasia.com/news/singapore/woodgrove-teacher-students-money-principal-witness-10980062?cid=fbcna&fbclid=IwAR3nbq6xQBLSQwczDKdpxjiWGNLuFEw769gTKSHPK3drlIDbU6XpC05xRfY,11,29-11-2018,
5,25,Woodgrove Halloween,13,jacb1t,https://www.reddit.com/r/singapore/comments/jacb1t/woodgrove_halloween/,9,13-10-2020,"I enjoyed photographing the woodgrove halloween estate and carnival last year. I was wondering if it would be held again. Not the carnival of course, i understand that’s possibly not gonna be held. but the estate trick or treating, will that still be held?"
