,district_num,title,score,id,url,comms_num,created,body
0,17,I built a life-sized Jewel Changi Airport in Minecraft,3439,g07odc,https://i.redd.it/03yswdwq6hs41.png,114,13-04-2020,
1,17,Changi Jewel inspired minecraft build.,2034,cnvvn2,https://i.redd.it/8ofawp9y1cf31.jpg,118,09-08-2019,
2,17,I love Changi airport but this collage makes the waterfall look more like condoms 😭😂,1477,bd0kt5,https://i.redd.it/3w6ue7jbr6s21.jpg,67,14-04-2019,
3,17,Walking on Changi beach now and came across this party. Definitely more than 8. This is why we cannot have nice things... :(,1399,l3b2g0,https://www.reddit.com/gallery/l3b2g0,291,23-01-2021,
4,17,It’s not even a week since the golf ball incident happened and Changi Airport has installed netting along the affected stretch. (OC),1372,jha912,https://i.redd.it/urtrvmxo32v51.jpg,127,24-10-2020,
5,17,"Family visited Changi Jurassic Mile, helper's head hit by golf ball from country club next to next door",1256,jgb39r,https://i.redd.it/qulventobqu51.png,230,23-10-2020,
6,17,"Changi Airport. Eerily quiet, eerily peaceful.",1231,fop12m,https://i.redd.it/qgwmpvmg5to41.jpg,53,25-03-2020,
7,17,Something you don't see everyday... At Changi beach,1175,bv1bcu,https://i.redd.it/c334pshc8g131.jpg,99,31-05-2019,
8,17,Pokemon at Jewel changi airport by Jack Kew,1139,dfdztu,https://i.redd.it/6uckmw3gmbr31.png,16,09-10-2019,
9,17,Changi Jewel shines so brightly the light reflection distorts the Google Maps satellite image,787,bnci28,https://i.redd.it/atigx8chalx21.png,67,11-05-2019,
10,17,"Passengers checking in at Changi Airport's departure hall on July 1, 1981, the day the new airport opened for business",694,i8g6mq,https://i.redd.it/js9wevpcflg51.jpg,48,12-08-2020,
11,17,Photo taken at the new Jewel Changi Airport,575,bbwen0,https://i.redd.it/htvq7ec7skr21.jpg,97,11-04-2019,
12,17,Jewel Changi Airport Rain Vortex,548,az20fl,https://i.redd.it/9b3fxjlrh2l21.jpg,50,09-03-2019,
13,17,"Jewel Changi Airport Food, with better categories",516,bh61ru,https://www.reddit.com/r/singapore/comments/bh61ru/jewel_changi_airport_food_with_better_categories/,74,25-04-2019,"Not sponsored. For the foodies who prefer unique experiences, better categorized. Made so foreigners don’t go reading “best Jewel Changi Airport food” articles and think only fast food options like A&W, Shake Shack and Pink Fish are worth eating in Jewel Changi.

While reporters, journalists, bloggers and Instagrammers swamp to the new Jewel Changi Airport reporting news about long queues for A&W, selected lists of eateries, and first looks to jump on the hype train, I’m taking a slower approach to bring you the real dining guide to maximizing your visit to Jewel by listing the directory of 112 dining options into better categories.

Disclaimer: Again, not sponsored, but I am a food blogger/writer wanna-be. I wrote a few articles researching the origins of certain foods.

# Categorizing Method

I try to use community based reviews to support building this list. Within each category it’s arranged alphabetical order.

For Michelin awarded stalls: The awards don’t belong to the brand, but is given to only one of the stores. Since these stores all newly opened, any Michelin award refers to the other branch. Whether this translates to the store here is another matter.

# Exciting Options Worth Trying

## For Foreigners - Actual Local Food

Unique Singaporean food hits this category. Foreigners should eat something from this list.

&#x200B;

FEI SIONG

\#B2-267

Daily: 24 hours

Serves local noodles (Mee Pok, Bak Chor Mee, Fish ball noodles) and beverages (Teh/Tea, Coffee/Kopi). Not exciting for Singaporeans since Fei Siong is pretty commonly found in malls, but for foreigners this is a good gateway into our local cuisine. The company started in 1993 selling Fishball noodles, but expanded to become a chain of various food establishments serving local food.

&#x200B;

FIVE SPICE

\#B2-238/239/240

Daily: 24 hours

A food court serving a curated list of local food. In their own words, “ As the gateway to Singapore’s diverse food scene for travellers and locals alike, individually designed stalls are set up to encapsulate the flavours of local and neighbouring cuisines within Southeast Asia.” A good place to eat for all, travellers and locals alike.

&#x200B;

FUN TOAST

\#04-246

Daily: 10am – 10pm

Founded in 1941 serving Nanyang (South East Asia) coffee and kaya toasts. Not exciting for Singaporeans since pretty commonly found in malls, but for foreigners this is a good gateway into our local culture.

&#x200B;

HAWKER

\#B2-263

Daily: 24 hours

Serves Singapore-inspired burgers, wraps, and desserts, fast food form. A peek into our local culture if you only have 5 minutes to spare, but otherwise I don’t see much of a point for travellers. Somewhat exciting for Singaporeans since this is something we can call “McDonald’s with local flavors”, but won’t hit close to our ‘Must try’ lists.

&#x200B;

JUMBO SEAFOOD

\#03-202/203/204

Daily: 10am – 10pm

Opened in 1987. You can try our Chili crab and Black Pepper crabs here.

&#x200B;

MAO SHAN WANG BY FOUR SEASONS DURIANS

\#B2-227/228

Daily: 24 hours

It’s hard to say that Durian is uniquely Singaporean, since we import the fruit, but eating Durian is definitely part of the Singaporean experience. Serves a variety of durian desserts. Durian desserts are typically less strong than the actual fruit, so it can be a good starting point for those who want to try the fruit. Throughout history people actually [like the fruit](https://justafatboi.com/durian-origin/) so don’t dismiss it without trying.

&#x200B;

MR. COCONUT

\#B2-268

Daily: 24 hours

Sells coconut drinks and coconut desserts.

&#x200B;

OLD CHANG KEE

\#B2-247

Daily: 24 hours

An old brand in Singapore with about 50 years of history. A good place to try curry puffs, spring rolls, yam cakes and other snacks. Halal.

&#x200B;

POW SING

\#B2-201/202

Daily: 6am – 12am

Opened in 1983 serving Hainanese Chicken Rice. Later on added Peranakan menu items. Reviews are average to good, so they probably won’t be the first choice to recommend, but they do serve a variety of food here and is a restaurant compared to normally recommended hawkers.

&#x200B;

SONG FA BAK KUT TEH

\#B2-278/279/280

Daily: 8am – 12am

Started as a food cart in the 1960s to a local chain serving Teochew-style Bak Kut Teh, a peppery pork soup typically served with pork ribs and traditionally eaten with tea. Michelin Bib Gourmand.

&#x200B;

TIGER STREET LAB

\#05-205

Daily: 9am – 3am

Tiger Beer is a local brand of beer. Not mentioned on Jewel Changi’s website, but they collaborated with local music and F&B group, Timbre and Tze Char stall Keng Eng Kee which has a Michelin Plate.

&#x200B;

TOAST BOX

\#B2-231

Daily: 24 hours

Like Fun Toast, but even more commonly found in malls. Serves Nanyang (South East Asia) coffee and kaya toasts. For foreigners another good gateway into our local culture.

&#x200B;

VIOLET OON SINGAPORE

\#01-205/206

Daily: 9am – 11pm

Serves Peranakan cuisine and dishes inspired by Singapore’s history. By Violet Oon, a food critic, chef-restaurateur, consultant, cookbook writer and expert on Peranakan and Singapore cuisine. Michelin Plate.

&#x200B;

WHITE RESTAURANT

\#02-245/246

Daily: 10am – 10pm

Serves White Bee Hoon/White Rice Vermicelli and other Tze Char. No, this isn’t [Singapore Noodles](https://justafatboi.com/singapore-noodles-origins/)… Although White Bee Hoon is claimed to be pretty unique to Singapore.

## Other Good Stuff

BIRDS OF PARADISE (IN GOOD COMPANY)

\#01-214/215/216

Daily: 12pm – 11pm

There isn't another Gelato shop like this - ditching all time favorites like chocolate and vanilla for White Chrysanthemum, Pandan, Strawberry Basil, which can be supplemented by a Thyme-infused cone. Not only made for the gram, it received stellar reviews from the community and then receiving a Michelin Plate. 2nd store in Singapore. Applying for Halal.

&#x200B;

ICENOIE HOKKAIDO

\#B2-243

Daily: 24 hours

An ice cream shop in Hokkaido’s Naganuma serving ice cream made with Hokkaido milk. Not Singaporean, and is actually the third store in Singapore, but they have small worldwide presence.

&#x200B;

JAPANESE SOBA NOODLES TSUTA

\#02-242

Daily: 10am – 10pm

Doesn’t have many stores, but famous because of Michelin. However their existing outlets in Singapore received pretty average reviews.

&#x200B;

JW360°

\#01-223/224/225

Daily: 9am – 11pm

A Japanese restaurant that serves a menu changing according to the seasons. By Suju Masayuki, a chef who runs 7 stores in Japan and 1 more in Orchard, Singapore.

&#x200B;

KAM’S ROAST

\#02-210

Daily: 10am – 10pm

Hong Kong restaurant serving roasts. Michelin starred.

&#x200B;

KKO KKO NARA

\#02-243

Daily: 10am – 10pm

Second store in Singapore. Serves Korean Fried Chicken. Seems to be popular with Korean expats and has good reviews.

&#x200B;

RICH & GOOD CAKE SHOP™ SINCE 1997#01-232Daily: 9:00AM - 11:00PM

Like Birds of Paradise, South East Asian twist on a European snack. In this case, Swiss Rolls, but with a longer history of 20 years.

&#x200B;

SHIKI HOTOTOGISU RAMEN

\#B1-300

Daily: 10am – 10pm

New store by Sobahouse Konjikihototogisu, a Michelin starred restaurant in Tokyo. As a different concept it offers 4 ramens featuring seasonal ingredients.

## For Singaporeans

Options that are great for Singaporeans, but not necessarily for foreigners.

&#x200B;

A&W

\#B2-209

Daily: 24 hours

Came back to Singapore after 16 years. Exciting for Singaporeans maybe.

Waiting for Halal certification.

&#x200B;

BURGER & LOBSTER

\#05-203

Daily: 9am – 3am

First store in Singapore. Serves Burgers and Lobsters (duh) and Lobster Rolls.

&#x200B;

SHAKE SHACK

\#02-256

Daily: 10am – 10pm

First store in South East Asia.

# International Brands with small overseas presence

Brands with small presence overseas. Most of them have existing chains in Singapore already, but can be exciting for Singaporeans and tourists alike.

&#x200B;

CAFÉ MOROZOFF

\#04-200

Daily: 10am – 10pm

3rd store in Singapore. Japanese confectionery and chocolatier with nearly a thousand shops in Japan.

&#x200B;

COFFEE@WORKS

\#02-237

Daily: 10am – 10pm

Coffee house by the folks behind Paris Baguette and Maison de PB, which is by SPC Group, a Korean company. A pain to classify because they have so many brand names under SPC Group.

&#x200B;

MAISON DE PB

\#02-200

Daily: 10am – 10pm

Bakery cafe for Paris Baguette.

&#x200B;

PARIS BAGUETTE SIGNATURE

\#01-200

Daily: 24 hours

&#x200B;

DAL.KOMM COFFEE

\#B1-276

Daily: 10am – 10pm

A coffee chain by Korean mobile payment services company. Almost a hundred local chains in Korea, but only seven in Malaysia and this is the third in Singapore.

&#x200B;

EGGS ‘N THINGS

\#03-227/228

Daily: 10am – 10pm

A Hawaiian cafe chain opened in 1974 serving brunch style egg dishes and desserts like crepes and pancakes. Though, I thought was Japanese since they had a larger presence in Japan.

&#x200B;

EMACK & BOLIO’S

\#B2-234

Daily: 10am – 10pm

Ice cream store opened in 1975, Boston. Apparently Instagrammable.

&#x200B;

HOSHINO COFFEE

\#B1-260

Daily: 10am – 10pm

Has about 50 restaurants in Japan, and about 10 in Singapore. Serves Japanese Yoshoku, or Japanese style Western food.

&#x200B;

JUEWEI

\#B2-259

Daily: 24 hours

Mala flavored snacks or small bites like duck necks, chicken feet, fish ball with fish roes and lotus roots. They have over 9000 outlets worldwide (8000+ in China) but somehow still doesn’t have their own domain name…

&#x200B;

KANE MOCHI

\#B2-269

Daily: 24 hours

Opened in Bangkok in 2008. Sells Japanese Mochi.

&#x200B;

LA LOLA CHURRERIA

\#B2-274

Daily: 24 hours

Filipino-Spanish cafe serving Churros.

&#x200B;

**Läderach Chocolatier Suisse**

\#01-241

Daily: 9am - 11pm

Swiss chocolatier with sweet beginnings in 1962. Known for their FrischSchoggi (Fresh Chocolate) and very established in Switzerland. Though it does come with a price.

&#x200B;

LADY M

\#02-253

Daily: 10am – 10pm

New York brand selling Mille Crêpes, though what they sell isn’t tied to the cuisine of any country. Average reviews for the existing branches in Singapore.

&#x200B;

PINK FISH

\#B1-261/262

Daily: 10am – 10pm

Norwegian healthy fast food restaurant chain serving salmon dishes. Mixed reviews.

&#x200B;

PIZZAEXPRESS

\#03-230

Daily: 10am – 10pm

UK Pizzeria. 5th store in Singapore.

&#x200B;

PIZZAMARU

\#04-222

Daily: 10am – 10pm

Korean Pizzeria, with 650 stores across Korea, the United States, China and Hong Kong. Third chain in Singapore.

&#x200B;

POTATO CORNER

\#B2-264

Daily: 24 hours

Filipino brand selling fries.

&#x200B;

SUAGE HOKKAIDO SOUP CURRY

\#03-200

Daily: 10am – 10pm

Serves Hokkaido Soup Curry. Doesn’t have many chains (less than 10?), but it seems like the few stores in Hokkaido are very popular.

&#x200B;

THE ALLEY

\#B2-273

Daily: 24 hours

Bubble tea chain for the grammers. Has the most chains in China, though is opened in Taiwan.

&#x200B;

TIM HO WAN

\#02-223

Daily: 10am – 10pm

Hong Kong dim sum restaurant. Michelin starred.

&#x200B;

TOKYO MILK CHEESE FACTORY & COW COW KITCHEN

\#B2-265

Daily: 24 hours

Japanese cookies, cake, ice cream from a chain in Tokyo (9 stores, and 6 overseas). On another note, their slogan <“ほおがおちる” (Hoppe ga ochiru) which literally means “Your Cheeks Drop“> bothered me a bit since the Hiragana and romaji are different. Though, I don’t know enough Japanese culture to know if that is acceptable.

&#x200B;

YUN NANS 云海肴 (Yunhaiyao)

\#02-217

Daily: 10am – 10pm

Has over 150 stores in China, but this is their first outlet overseas.

&#x200B;

LAVENDER

\# B2-253 / 254

Daily: 10:00 AM - 10:00 PM

Malaysian chain of bakery's first chain in Singapore. Prices are 2-3x compared to Malaysia, though the items might still be worth buying for the quality. Applying for Halal.

&#x200B;

## Established Local Brands

These are brands that Singaporeans will be familiar with. Not necessarily uniquely Singaporean food.

**For Tourists and one-stop travellers**: Most food here aren’t unique to Singapore, but may have a certain Singaporean flair to them.

**Singaporeans**: No reason to travel to Jewel just to eat this.

&#x200B;

A-ONE SIGNATURE

\#B2-200

Daily: 24 hours

Established in 2008 and serves Southern Chinese and South East Asian Chinese claypot dishes. Familiar taste to Singaporean Chinese, but not entirely unique. About 20 outlets in Singapore.

&#x200B;

BEAUTY IN THE POT

\#B2-224/225/226

Daily: 10am – 6am

A concept by the Paradise Group, which was established in 2002, serving hot pots that are really more Chinese than Singaporean.

&#x200B;

DIAN XIAO ER

\#B2-229

Daily: 10am – 10pm

Chinese restaurant opened in 2002 serving their Signature Herbal Roasted Duck and other Southern Chinese dishes. 12th outlet in Singapore.

&#x200B;

LENU

\#04-244/245

Daily: 10am – 10pm

Another concept by the Paradise Group. Serves Chinese noodles.

&#x200B;

MR BEAN

\#B2-271

Daily: 24 hours

Serves soy bean related drinks and snacks.

&#x200B;

PARADISE CLASSIC

\#04-244/245

Daily: 10am – 10pm

&#x200B;

PUTIEN

\#02-249

Daily: 10am – 10pm

Serves Heng Hwa or Putian food. It’s focus is on the flavors from Fujian, China, so this definitely isn’t uniquely Singaporean. However Putian flavors became popular very quickly and can now be found in many food courts and hawker centers. One Michelin Star.

&#x200B;

SAMSUI

\#03-201

Daily: 10am – 10pm

Opened in 1991, now has about 15 locations in Singapore. Known for their Samsui Ginger Chicken, a traditional dish made by Samsui women in Singapore during the 1920s to 1940s and Herbal Soups. Samsui Ginger Chicken is also known as White Cut Chicken or Bai Qie Ji in China and Hong Kong, so it remains debatable as to whether this should be something foreigners must try.

&#x200B;

SHANG SOCIAL

\#01-219/220/221/222

Daily: 9am – 11pm

By Shangri-La, a hotel and hospitality group. Serves Cantonese, Huaiyang, and Sichuan cuisine.

&#x200B;

TONKATSU BY MA MAISON

\#02-211

Daily: 10am – 10pm

Opened in Singapore by a Japanese 37 years ago, serving Japanese Yoshoku or Japanese-style Western dishes.

&#x200B;

TWELVE CUPCAKES

\#B2-245

Daily: 24 hours

Opened in 2011, sells cupcakes.

# Newer Local Brands

Brands opened in Singapore usually to introduce new food or cuisines to Singapore.

**For Tourists and one-stop travellers**: Avoid if your aim is to find food unique to Singapore. Great if you just want to eat the world and don’t care about Singaporean food.

**Singaporeans**: No reason to travel to Jewel just to eat this, though can be worth trying if you haven’t ate at the other branches.

&#x200B;

ALOHA POKÉ

\#05-200

Daily: 9am – 3am

Opened in 2014 or slightly after. Serves Hawaiian Poké.

&#x200B;

AN ACAI AFFAIR

\#B2-262

Daily: 24 hours

Opened in 2016. Serves Acai Bowl.

&#x200B;

ARTEASTIQ BISTRO

\#05-201

Daily: 9am – 3am

Tea lounge opened in 2010. Serves European cuisine. 3rd location in Singapore.

&#x200B;

CAFÉ AMAZON

\#04-225

Daily: 10am – 10pm

Serves single origin Thai coffee and some light bites.

&#x200B;

D’GOOD CAFE

\#01-227

Daily: 9am – 11pm

3rd outlet. Serves a variety of European fare, coffee, tea and desserts.

&#x200B;

EL FUEGO BY COLLIN’S

\#02-216

Daily: 10am – 10pm

Collin’s started from hawker Western stall which then became a pretty well known local brand serving local Western fare. Halal.

&#x200B;

GOCHI-SO SHOKUDO

\#B1-288

Daily: 10am – 10pm

Japanese restaurant serving Iberico pork dishes. 4th outlet.

&#x200B;

I LOVE TAIMEI

\#B2-258

Daily: 10am – 12am

Taiwan style fried chicken. Light bites.

&#x200B;

JINJJA CHICKEN

\#B1-247

Daily: 10am – 10pm

Serves a variety of Korean fast food. Halal.

&#x200B;

MALA MALA

\#B2-266

Daily: 24 hours

Sells packaged Mala potato chips and snacks.

&#x200B;

NECTAR

\#03-213

Daily: 10am – 10pm

Greek yogurt froyos, acai, fruit bowls. Healthy food.

&#x200B;

NINE FRESH

\#B2-244

Daily: 11am – 10pm

Taiwanese desserts. Bean curd pudding and chin chow are actually somewhat similar to our Tau huays and chin chow.

PAZZION CAFÉ

\#B1-243/244

Daily: 10am – 10pm

Fashion brand’s cafe.

&#x200B;

PRIVÉ

\#05-204

Daily: 9am – 3am

Serves Brunch, pastas, and Asian food. More of a good place to chill.

&#x200B;

RUMOURS BAR & GRILL

\#05-207

Daily: 9am – 3am

Though I put this here it has only one other outlet in Singapore and one more in Bali. Bar and Grill.

&#x200B;

SAMA SAMA BY TOK TOK

\#03-225/226

Daily: 10am – 10pm

Tok Tok opened in 2016 as a pretty new concept of introducing authentic Indonesian food. Halal.

&#x200B;

SANKRANTI

\#03-229

Daily: 10am – 10pm

Family business serving Andhra Pradesh and North Indian cuisine.  Halal.

&#x200B;

SANKRANTI, CHANGI EXPRESS

\#B2-246

Daily: 24 hours

Fast Food version. Halal.

&#x200B;

SWATOW KITCHEN 汕头小吃

\#B2-257

Daily: 24 hours

A small chain of restaurants serving Teochew cuisine from Swatow, Guangdong. Opened in 2010, though there was another “Swatow Restaurant Group” that closed in 1992. I have no idea whether these two chains are affiliated. From the name, this branch seems to serve small bites.

&#x200B;

TAPAS CLUB

\#03-220/221/222

Daily: 10am – 10pm

Serves Spanish, run by Jose Alonso, the head chef of Binomio restaurant.

&#x200B;

TANUKI RAW

\#05-202

Daily: 9am – 3am

Serves a fusion of Japanese and American.

&#x200B;

TONITO LATIN AMERICAN KITCHEN

\#02-248

Daily: 10am – 10pm

Serves Latin American food from places such as Peru, Mexico, Argentina, and Brazil. Co-owned by Chef Daniel Chavez, a Peruvian chef.

# New Concepts

New brands that nobody knows how they will fare.

AC KAFE

\#04-223

Daily: 10am – 10pm

New concept. Designer-Art Toys themed cafe. Not opened yet but apparently serves Japanese food.

&#x200B;

BIG BIRD

\#B2-225

Daily: 24 hours

Serves Chicken and Rice dishes.

&#x200B;

HERIT8GE

\#05-206

Daily: 9am – 3am

European with local flavors. Definitely not traditional local, so I find it hard to introduce this to any foreigners. For locals, fusion dishes are always a hit or miss, so the reception remains to be seen.

&#x200B;

NAIISE ICONIC

\#02-205/206

Daily: 10am – 10pm

Coming soon.

&#x200B;

O’TAH

\#B2-241

Daily: 24 hours

Otah, a grilled fish cake, is a snack that many love to eat here. O’TAH doesn’t serve the traditional version but instead serves contemporary versions, serving it as fries and placing it into burgers. Halal.

&#x200B;

PROJECT PIZZA

\#B2-260

Daily: 24 hours

Takeaway pizzas. Halal.

&#x200B;

Xiao Bin Lou 小滨楼

\#02-208/209

Daily: 10am – 10pm

A restaurant in Chongqing, China. Jewel’s site says this is popular in Chongqing, but while there are online reviews, it seems mixed and looks generally unreliable.

&#x200B;

YU’S KITCHEN

\#03-208

Daily: 10am – 10pm

Four dining institutions from Chongqing are aggregated here; Wu Wonton, Zhengdong Dan Dan Noodles, De Yuan and Qiu Er Guan. Regardless of their reputation back in Chongqing, the initial reviews for Yu’s Kitchen seem to be really bad.

# Big International Brands

Brands you probably already heard of unless you live under a rock. Have hundreds of chains around the world.

**For Tourists and one-stop travellers**: Safe options with good quality control and consistent standards. Avoid if your aim is to find food unique to Singapore.

**Singaporeans**: No reason to travel to Jewel just to eat this.

&#x200B;

ANDERSEN’S OF DENMARK

\#04-218

Daily: 9am – 11pm

&#x200B;

AUNTIE ANNE’S

\#B2-272

Daily: 10am – 10pm

&#x200B;

BOOST JUICE BARS

\#B2-261

Daily: 24 hours

&#x200B;

BURGER KING

\#B2-235/236

Daily: 24 hours

Halal

&#x200B;

CAFÉ&MEAL MUJI

\#02-227/228/229

Daily: 10am – 10pm

Cafe for Japanese retail company. Put in this category because their main business isn’t F&B.

&#x200B;

DIN TAI FUNG

\#03-214/215

Daily: 10am – 10pm

&#x200B;

DUNKIN’ DONUTS

\#B2-270

Daily: 24 hours

&#x200B;

EARLE SWENSEN’S

\#03-219

Daily: 10am – 10pm

Extension brand of Swensen’s. Halal.

&#x200B;

KFC

\#B2-275/276/277

Daily: 7am – 12am

Halal.

&#x200B;

SUBWAY

\#B2-223

Daily: 10am – 10pm

Halal.

&#x200B;

MOS CAFÉ

\#B2-211

Daily: 10am – 10pm

Mos Burger, a Japanese fast food chain. Cafe version.

&#x200B;

SIGNATURE KOI

\#01-K206

Daily: 24 hours

Started in Taiwan and has chains all over Asia.

&#x200B;

STARBUCKS

\#01-K207

Daily: 24 hours

&#x200B;

STARBUCKS

\#02-204

Daily: 9am – 11pm

# Hard to recommend

This list serves food generally hard to recommend for various reasons, especially towards people who are more familiar with the cuisine.

&#x200B;

CEDELE BAKERY KITCHEN

\#B1-259

Daily: 10am – 10pm

Bakery opened in 1997. Over 30 outlets in Singapore.

&#x200B;

COMMONS

\#B1-289/290

Daily: 10am – 10pm

Halal.

&#x200B;

HOT TOMATO

\#04-229

Daily: 10am – 10pm

&#x200B;

JACK’S PLACE

\#04-219

Daily: 10am – 10pm

&#x200B;

ITACHO SUSHI

\#B2-210

Daily: 10am – 11pm

&#x200B;

O’COFFEE CLUB

\#B2-242

Daily: 24 hours

Opened in 1991, though not particularly famous. The lack of reviews online despite the relatively long history makes this hard to recommend.

&#x200B;

O’COFFE CLUB ROASTERY

\#03-216/218

Daily: 10am – 10pm

See above

&#x200B;

SAAP SAAP THAI

\#B1-299

Daily: 10am – 10pm

Thai food. Halal.

&#x200B;

SO PHO

\#B1-248

Daily: 10am – 10pm

Serves Vietnamese food. Opened by a Katrina Group, a local food company bringing in cuisines from overseas. Halal.

&#x200B;

STUFF’D

\#B2-256

Daily: 24 hours

Serves kebabs, burritos and bowls. Relatively new, but its popularity meant that it is now all over the place. I would ask people familiar with Mexican and Turkish to avoid this, even though I don’t know too much about either cuisines. Halal.

&#x200B;

SUSHI TEI

\#03-209

Daily: 10am – 10pm

Serves sushi. Singapore brand that has 81 outlets in 9 different countries.

&#x200B;

THAIEXPRESS SIGNATURE

\#03-223/224

Daily: 10am – 10pm

&#x200B;

Edit 1: Added Halal info and Lavender.

Edit 2: Slight shifting around and added a longer description for Birds of Paradise. Added Laderach."
14,17,TWG Tea @ Changi Airport,513,84b4ui,https://i.redd.it/qbk35pah5ol01.jpg,55,14-03-2018,
15,17,Going to Changi Jewel Starter Pack,482,bd1908,https://i.redd.it/0u34kvpbc7s21.jpg,38,14-04-2019,
16,17,Early morning outside Changi Airbase (West),474,b9mkc3,https://i.redd.it/vs94tbffddq21.jpg,54,05-04-2019,
17,17,Construction site in upper changi area draining tons of paint into the sewage...,374,fizcq5,https://i.redd.it/1qifiqiectm41.jpg,42,15-03-2020,
18,17,Maid acquitted of stealing over $34k worth of items from Changi Airport Group chairman Liew Mun Leong's home,360,im9ki5,https://www.straitstimes.com/singapore/courts-crime/maid-acquitted-of-stealing-from-changi-airport-group-chairman-liew-mun-leongs,113,04-09-2020,
19,17,"Taken last year during a trip going overseas at Changi Airport, this shows how busy our airport really is.",346,ba3rch,https://i.redd.it/kq3pnh1ezmq21.jpg,36,06-04-2019,
20,17,Self driving cleaning machine @ Changi Airport.,336,dis975,https://i.redd.it/mx76dkhppxs31.jpg,48,17-10-2019,
21,17,Clear glass at Changi's Jewel,340,em5mbl,https://i.redd.it/sccckd032p941.jpg,45,09-01-2020,
22,17,Changi voted World's Best Airport for 6th consecutive year,321,8670mi,https://www.channelnewsasia.com/news/singapore/changi-voted-world-s-best-airport-for-6th-consecutive-year-10065554,51,22-03-2018,
23,17,Restaurants on level 5 of Jewel Changi Airport hit hard by requirement to stay open till 3am,310,c0dos2,https://www.todayonline.com/singapore/some-jewel-level-five-restaurants-closing-early-few-customers-after-midnight,48,14-06-2019,
24,17,Changi Airport from above,310,c54bsc,https://i.redd.it/bvujct3xcg631.jpg,28,25-06-2019,
25,17,Sunset from Changi Village,311,851ud2,https://i.imgur.com/uDvuirX.jpg,10,17-03-2018,
26,17,Toddler dies after standing mirror falls on her in fashion store at Jewel Changi Airport,288,cur5tk,https://www.straitstimes.com/singapore/courts-crime/toddler-dies-after-mirror-falls-on-her-in-fashion-store-at-jewel-changi,93,24-08-2019,
27,17,PAP MP Ang Wei Neng on visit to Changi Business Park: 'I felt like a foreigner in my own country',292,ijv7n4,https://mothership.sg/2020/08/ang-wei-neng-west-coast-changi/,126,31-08-2020,
28,17,changi numba 1,276,bc6r0g,https://i.redd.it/wxvxufurzpr21.jpg,13,12-04-2019,
29,17,"15yo Mickey Lee missing. Last seen at Novena MRT, believed to have taken DTL to Changi Airport",270,7urhet,https://i.redd.it/75eqh6lk3td01.jpg,68,02-02-2018,
30,17,"Korean plane taking part in Singapore Airshow skids, crashes at Changi Airport",243,7vltpi,https://www.channelnewsasia.com/news/singapore/korean-plane-crashes-catches-fire-changi-airport-9932322,85,06-02-2018,
31,17,Eye of Sauron while landing at Changi,224,d938x0,https://i.redd.it/ag2sq4slrqo31.jpg,17,25-09-2019,
32,17,Took a photo of this sunset 2 days ago at Changi Boardwalk. Kinda hits differently these days.,229,gzkbhm,https://i.redd.it/tvdyl9tv0v351.jpg,5,09-06-2020,
33,17,Polite graffiti found at Changi Airport,217,8io7zy,https://i.redd.it/1krsvziim8x01.jpg,10,11-05-2018,
34,17,TR891 from Sapporo landed at Paya Lebar Airbase instead of Changi.,205,esjj27,https://i.imgur.com/zv49EM0.jpg,64,23-01-2020,
35,17,Changi Airport’s made it again,198,cao4dr,https://i.imgur.com/cm4zskR.gifv,31,09-07-2019,
36,17,"Yesterday, I was the only one driving around Changi Airport.",204,fxo81c,https://v.redd.it/v6z4fxceyqr41,22,09-04-2020,
37,17,View of Changi Airport right after takeoff,191,edkssy,https://i.redd.it/kw2eikkurw541.jpg,18,21-12-2019,
38,17,Spotted at Changi Airport: Experience Pain with Pleasure. I wonder what's Osim's safe word. Upain?,186,9wbalr,https://i.redd.it/qcn3rgxz7ux11.jpg,25,12-11-2018,
39,17,DFS pulls out of Changi Airport's liquor & tobacco business; all stores to shut in June 2020,156,cvwzq1,https://www.straitstimes.com/singapore/transport/dfs-pulls-out-of-changi-airports-liquor-tobacco-business-all-stores-to-shut-in?utm_medium=Social&utm_campaign=STFB&utm_source=Facebook&fbclid=IwAR2lVaPleyhHVe2DivSNuXuq0M0grrn3CfC4dr9iSSdomW6gAUNBF3tlUC8#Echobox=1566865973,49,27-08-2019,
40,17,Changi Airport vs. the largest airports in the world,165,fab2ur,https://i.redd.it/r7wj0ws1igj41.png,24,27-02-2020,
41,17,Allied POWs after their liberation from the Japs at Changi Prison. 1945.,156,af70tx,https://i.imgur.com/7orLflb.jpg,41,12-01-2019,
42,17,Mr. Otter getting breakfast at Changi Beach Park,140,copq2c,https://v.redd.it/v59mtrk6npf31,2,11-08-2019,
43,17,Aerial view of Changi area taken on 5th Dec,138,aau57o,https://i.redd.it/6jhr60inhd721.jpg,12,30-12-2018,
44,17,Changi Airport's Facebook flooded with angry comments,138,intdxl,https://imgur.com/gallery/hYJjUjm,37,07-09-2020,
45,17,Rainwater leaks into Changi Jewel,138,bhl5pp,https://imgur.com/a/c1vs8Mn,38,26-04-2019,
46,17,2nd Apple Store in Singapore just started hiring. Rumoured to be at Changi Airport Jewel,142,9etifk,https://storeteller.de/tweets/stellenausschreibungen-singapore-east-jewel-changi-airport,31,11-09-2018,
47,17,Mobile traffic police working in Changi airport Singapore.,138,bx37st,https://v.redd.it/7j5hpck4tj231,39,05-06-2019,
48,17,Is there a place in Changi airport where you can just sit and watch the planes come and go?,137,f456kj,https://www.reddit.com/r/singapore/comments/f456kj/is_there_a_place_in_changi_airport_where_you_can/,47,15-02-2020,"Recently broke up, looking for stuff to do and places to chill. Kinda really like Changi airport and planes. Other then that if you guys know a place with WiFi that I can go and chill and have some non alcoholic drinks, let me know. I can’t drink alcohol lmao. I especially like peppermint stuff"
49,17,Feature art with clock hands. @ changi airport terminal2.,132,c9bz20,https://v.redd.it/j4autfyn3f831,12,05-07-2019,
50,17,New York burger chain Shake Shack rumoured to be opening at Jewel Changi Airport,132,87a4z7,http://27i9cp-www.8days.sg/eatanddrink/newsandopening/new-york-burger-chain-shake-shack-rumoured-to-be-opening-at-10077404,37,26-03-2018,
51,17,"Changi General Hospital to pay S$326,620 to estate of woman who died after delay in lung cancer diagnosis",130,l0l7pm,https://www.channelnewsasia.com/news/singapore/changi-general-hospital-damages-woman-died-lung-cancer-13993106,36,19-01-2021,
52,17,Changi Airport T1 officer among 3 new Covid-19 community cases; he met 12 others for tennis,133,l8nrco,https://www.straitstimes.com/singapore/health/changi-airport-t1-aviation-screening-officer-among-3-new-covid-19-community-cases,56,30-01-2021,
53,17,Former baggage handler admits swopping tags of 286 bags at Changi Airport Terminal 2,129,9ripa1,https://www.straitstimes.com/singapore/courts-crime/former-baggage-handler-admits-swopping-tags-of-286-bags-at-changi-airport,56,26-10-2018,
54,17,Swarm of bees (i think) near Changi Business Park// Never seen anything like this in SG,131,gezwpy,https://i.redd.it/ljrvul68u9x41.jpg,35,07-05-2020,
55,17,Thank you to the staff at Changi Airport!,122,bz6jou,https://www.reddit.com/r/singapore/comments/bz6jou/thank_you_to_the_staff_at_changi_airport/,11,11-06-2019,"Just wanted to share something that happened yesterday. My relatives came back from their holiday via T2 yesterday and in a rush, they had left one of their cabin bags on the trolleys before crossing customs and had only realized it was missing after reaching home. 

&#x200B;

They were worried sick about it and I helped to lodge an lost and found report online through the airport website and also called their enquiry helpline to provide as much details as we had about the item but at the time of the call, it was not found yet. 

After a couple of hours, we decided to head back to the Airport to ask the information help desk in person and thank goodness! Someone had found it and handed it in so we managed to get it back. The staff whom we spoke to were all very courteous and professional. Thank you so much for the help! And Thank you to the people to found it for us, whoever you maybe!"
56,17,"Parliament: Changi drops from 7th to 58th on busiest airport list, now serving 1.5% of usual passenger volume",129,j5zpve,https://www.straitstimes.com/singapore/politics/parliament-changi-has-dropped-from-7th-to-58th-on-worlds-busiest-airport-list-now,26,06-10-2020,
57,17,Departing from Changi,111,keu9t7,https://i.redd.it/g9iwlk24up561.png,15,17-12-2020,
58,17,"Grab driver’s act of greed at Changi Airport leaves family stranded without passports, valuables",118,c55hg1,https://www.todayonline.com/singapore/grab-drivers-act-greed-changi-airport-leaves-family-stranded-without-passports-valuables,59,25-06-2019,
59,17,Changi Airport hiring people for temperature screening,109,ete2o5,https://i.imgur.com/Df8cDhQ.jpg,48,25-01-2020,
60,17,Gardens by the Airport.. I mean Jewel Changi Airport.,111,bd1qvl,https://i.redd.it/w1t6ze4tq7s21.jpg,4,14-04-2019,
61,17,"Monday morning at Changi Beach Park, wish everyone a great week to end off 2019 :) !!!",119,ehea7y,https://i.redd.it/f0mf84vq1o741.jpg,4,30-12-2019,
62,17,Cockpit view of Air France Boeing 777 landing at Singapore Changi Airport,109,btt0u0,https://www.youtube.com/watch?v=WQY_stjQtUw,3,28-05-2019,
63,17,"Robot floor cleaner at Changi Airport, working with a smile!",113,i71c3v,https://v.redd.it/88rzfklk35g51,23,10-08-2020,
64,17,PMD rider sent to Changi General Hospital after getting kicked off device at Bedok Reservoir,117,e9757a,https://mothership.sg/2019/12/pmd-rider-hospital-bedok-reservoir/,101,11-12-2019,
65,17,"$3,100 parking fee shock: Jewel Changi Airport says delivery driver's previous exit was not recorded",105,bi829a,https://www.straitstimes.com/singapore/transport/3100-parking-fee-shock-jewel-changi-says-delivery-drivers-previous-exit-was-not,9,28-04-2019,
66,17,"[Support Local Singers] This is Gilbert, who sings Wed, Fri and Sat nights at Moa at Changi City Point. He has a great talent for mimicry. This is Bryan Adams' Heaven.",104,9e49uc,https://v.redd.it/og7p8n6nl0l11,21,08-09-2018,
67,17,TIL Changi Airport Bag drops runs on xbox one systems,103,a0ns58,https://i.redd.it/042x4d64uq021.jpg,22,27-11-2018,
68,17,Jewel Changi Airport reduces F&B rent by 50% as S’pore restaurants anticipate losses,113,f3di6c,https://mothership.sg/2020/02/restaurant-association-singapore-coronavirus/,17,14-02-2020,
69,17,Just 2 days into 2021 and Changi has received more rain in 2 days than the average for the whole of January,102,kozfbu,https://www.reddit.com/gallery/kozfbu,11,02-01-2021,
70,17,Take a literal peak into Changi Jewel. Looks great... and feels flower dome ish based on the tiny view I had.,97,amqz81,https://i.redd.it/vozmd77lpde21.jpg,13,04-02-2019,
71,17,"Mesmerizing Clock Display (Changi Airport,Singapore)",95,bnmpok,https://v.redd.it/alt3wty5lqx21,11,12-05-2019,
72,17,"COVID-19 has 'decimated' air travel, set back Changi Airport at least 40 years: Ong Ye Kung",104,ia4u1a,https://sg.news.yahoo.com/amphtml/covid-19-has-decimated-air-travel-set-back-changi-airport-at-least-40-years-ong-ye-kung-084910318.html,53,15-08-2020,
73,17,Bus driver who takes people from Changi Airport to stay-home notice facilities tests positive for COVID-19,94,lfdxtp,https://www.channelnewsasia.com/news/singapore/covid-19-singapore-bus-driver-changi-stay-home-notice-positive-14140770,41,08-02-2021,
74,17,"Three inmates, one nurse at Changi Prison test positive for COVID-19",100,gt8atf,https://www.channelnewsasia.com/news/singapore/changi-prison-covid-19-inmates-nurse-test-positive-12786646,37,30-05-2020,
75,17,15km forest-like corridor to run through East Coast Park and Changi Beach Park: DPM Heng,100,j000qu,https://www.todayonline.com/singapore/forest-corridor-run-through-east-coast-park-and-changi-beach-park-dpm-heng,25,26-09-2020,
76,17,"Man, 26, who went to work at Changi Airport after onset of symptoms among S'pore's 15 new Covid-19 infections",93,j1ft8r,https://www.todayonline.com/singapore/man-26-went-work-changi-airport-onset-symptoms-among-15-new-covid-19-cases,21,29-09-2020,
77,17,Someone tried to stay in Changi airport for 4 days without anyone noticing,86,c7x2jh,https://youtu.be/BYCETjh4eMc,22,02-07-2019,
78,17,Frozen yoghurt brand Llaollao marks return on June 16 with new outlet at Changi Airport,88,8r9gmi,https://www.straitstimes.com/singapore/frozen-yoghurt-brand-llaollao-marks-return-on-june-16-with-new-outlet-at-changi-airport,41,15-06-2018,
79,17,"Jewel Changi Airport toddler death: Mirror fell when two boys squeezed out from behind it, crushing girl",91,ftmm7g,https://www.channelnewsasia.com/news/singapore/jewel-changi-airport-toddler-death-falling-mirror-lai-jiaxin-12602596,46,02-04-2020,
80,17,Sunset from Changi Airport Terminal 3,79,bstdyl,https://i.redd.it/dausbpdkcc031.jpg,3,25-05-2019,
81,17,"Changi Terminal 3, 20 May, 0630hrs. Ignore the flair, there isn’t one for pics",88,gn18gd,https://i.redd.it/273nax84htz41.jpg,8,20-05-2020,
82,17,@ Changi beach,77,fas45b,https://i.redd.it/54pnn4attmj41.jpg,3,28-02-2020,
83,17,Ah yes the Changi Jewel waterfall totally not Gardens By The Bay (this video is posted by BuzzFeed),88,ei3igh,https://i.redd.it/ajkrc2kjbz741.jpg,10,31-12-2019,
84,17,Changi Jewel made it to the front page of mildlyinteresting.,81,bggr12,https://i.redd.it/5kve96pxrzt21.jpg,17,23-04-2019,
85,17,Former Changi Airport baggage handler jailed for intentionally mislabeling 286 luggage pieces,76,dun0jy,https://sg.news.yahoo.com/former-changi-airport-baggage-handler-jailed-for-intentionally-mislabeling-286-luggage-pieces-035757642.html,18,11-11-2019,
86,17,Saw this as I was about to land at Changi at around 8:25pm. Anyone knows what it is?,77,c062ka,https://i.redd.it/3da1h0ikp4431.jpg,35,13-06-2019,
87,17,lightning storm tonight (almost struck a plane landing at Changi),77,9z2lq3,https://i.redd.it/m9p1v3ecboz11.jpg,15,21-11-2018,
88,17,Changi cargo worker discovered he had Covid-19 when he went for tuberculosis screening,72,ldah3b,https://mothership.sg/2021/02/feb-5-tuberculosis-screening-covid-19/?fbclid=IwAR3mxg3BdJT9G_p0AbYbpeotfCIiLLyhxnevJNIjmaxoSJQ8svbZ9GLk1Nk,19,06-02-2021,
89,17,"S’pore received 300,000 eggs for domestic consumption at Changi Airport from a non-M’sia source country",76,fl8yn3,https://mothership.sg/2020/03/singapore-eggs-domestic/,33,19-03-2020,
90,17,"Changi Airport T4 to suspend operations from May 16, following T2 suspension earlier; move will save running costs, article in comments",79,gi5ekt,https://i.redd.it/io3fon26z9y41.jpg,14,12-05-2020,
91,17,The near-intact interior of the ex-CAAS Changi Airport Skytrain Bombardier CX100 (Innovia APM 100) trainset. Abandoned somewhere in Tuas. (CR buses in singapore),74,gobeey,https://i.redd.it/mdlhckmig8051.jpg,13,22-05-2020,
92,17,Seen at Changi Beach Park. What kind of bird is this?,71,ff64g0,https://i.redd.it/zrmwq0b03dl41.jpg,21,08-03-2020,
93,17,Retail sales not all sparkling at Jewel Changi Airport despite the crowds,73,enxgja,https://www.straitstimes.com/singapore/retail-sales-not-all-sparkling-at-jewel-despite-the-crowds,37,13-01-2020,
94,17,"Boy, 14, drowns while swimming at Changi Beach; 2nd teen taken to CGH",76,ieympg,https://sg.news.yahoo.com/boy-14-drowns-while-swimming-at-changi-beach-2nd-teen-taken-to-cgh-061924883.html,22,23-08-2020,
95,17,Crowne Plaza Changi Airport hotel to close for 14 days as MOH investigates unlinked COVID-19 cases,70,ksg79s,https://www.channelnewsasia.com/news/singapore/covid-19-crowne-plaza-locations-visited-community-cases-jan-7-13904584,10,08-01-2021,
96,17,"[Serious] People who have been to Changi Prison Before, what was it like?",66,7z5m4b,https://www.reddit.com/r/singapore/comments/7z5m4b/serious_people_who_have_been_to_changi_prison/,23,21-02-2018,Why were you charged? What was the day like? How did you overcome your fear of the other inmates and how did you cope with pooping where everyone can see you? Do share how your day was!
97,17,Changi General Hospital’s negligence caused delay in lung cancer patient’s diagnosis: Apex court,65,awbrbu,https://www.todayonline.com/singapore/changi-general-hospitals-negligence-caused-delay-lung-cancer-patients-diagnosis-apex-court,19,02-03-2019,
98,17,Fire at Changi Village Hawker Centre put out by members of the public with 10 extinguishers,71,gapl8u,https://stomp.straitstimes.com/singapore-seen/fire-at-changi-village-hawker-centre-put-out-by-members-of-the-public-with-10,10,30-04-2020,
99,17,Singaporean who issues stay-home notice tracking devices at Changi Airport among 24 new COVID-19 cases in Singapore,73,lenvot,https://www.channelnewsasia.com/news/singapore/covid-19-new-cases-feb-7-community-airport-issue-shn-device-14130040,11,07-02-2021,
100,17,Monkey at Changi Airport Terminal 3 check-in hall captured,68,9scymb,https://www.channelnewsasia.com/news/singapore/monkey-spotted-changi-airport-t3-check-in-hall-10876396?cid=FBcna,11,29-10-2018,
101,17,Another sunset photo along Changi Boardwalk,68,h0x13e,https://i.redd.it/xzq22nueh9451.jpg,6,11-06-2020,
102,17,"2 otters found dead near Changi Sailing Club, including 1 trapped in illegal fishing cage",62,8f0myy,https://www.straitstimes.com/singapore/2-dead-otters-found-near-changi-sailing-club-including-1-trapped-in-illegal-fishing-cage,14,26-04-2018,
103,17,Singapore Changi Airport is the World’s Best Airport of 2020,64,ghj7vy,https://www.airlinequality.com/news/the-worlds-best-airports-of-2020-announced/,18,11-05-2020,
104,17,"Changi Jurassic Mile decorated with festive lights & 25m-long light tunnel till Jan. 3, 2021",68,k8skjo,https://mothership.sg/2020/12/changi-jurassic-park-lights/,7,08-12-2020,
105,17,Changi control tower,71,kdrq1i,https://i.redd.it/dpbueir0de561.jpg,4,16-12-2020,
106,17,Crowne Plaza Changi Airport closed for two weeks after 2nd case emerges,62,kthy7h,https://www.straitstimes.com/singapore/crowne-plaza-changi-airport-closed-for-two-weeks-after-2nd-case-emerges,5,09-01-2021,
107,17,Changi Airport Facebook page bombarded with angry comments against CAG chairman Liew Mun Leong,59,ioylqi,https://www.asiaone.com/digital/changi-airport-facebook-page-bombarded-angry-comments-against-cag-chairman-liew-mun-leong,22,09-09-2020,
108,17,Jail for tourist who assaulted police officers at Changi Airport after COVID-19 rerouted his flight to Singapore,66,gfp2rp,https://www.channelnewsasia.com/news/singapore/jail-for-tourist-who-assaulted-police-officers-at-changi-airport-12715052,46,08-05-2020,
109,17,"New cycling track from East Coast Park to Changi Airport opens, with life-sized dinosaur models along the way",58,j8ykll,https://www.straitstimes.com/singapore/new-cycling-track-from-east-coast-park-to-changi-airport-opens-with-life-sized-dinosaur,11,11-10-2020,
110,17,Gay porn video leaves diners at Changi Road eatery bemused,57,9n792y,https://sg.style.yahoo.com/gay-porn-video-leaves-diners-changi-road-eatery-bemused-112854070.html,11,11-10-2018,
111,17,"At Changi, Singapore Lt General Sukei Shampei was executed by a firing squad.",56,8aeooz,https://www.youtube.com/watch?v=OmE1lbr_VMI,12,07-04-2018,
112,17,GRAB - Departing from Changi Airport? Taxi Option Removed!,56,8jij6u,https://i.redd.it/53p82guwwxx01.png,51,15-05-2018,
113,17,"Jewel Changi Airport, Singapore (Safdie Architects, 2019) [1704x1278]",58,b3om7w,https://i.imgur.com/PRgSM5V.jpg,1,21-03-2019,
114,17,"SBC 1981 - The Changi Take-off: This programme traces the conception of the airport, covering why it was needed, why the location was chosen, and follows the construction and testing process.",55,dgem2o,https://www.youtube.com/watch?v=r26M_Lryu6Y,5,11-10-2019,
115,17,"Changi Airport to suspend operations in Terminal 4 from May 16, 2020",52,gi3xxd,https://mothership.sg/2020/05/changi-t4-suspension/?fbclid=IwAR0lzZw1UPjyj5bwRTQMNaJ2GSWzj-eS5BDjQGAfGSjKDpr8_q8gb5ln_1w,16,12-05-2020,
116,17,What Prison Inmates Eat in Singapore Changi Prison,53,b9drqp,https://www.youtube.com/watch?v=55KxPRSBvM4,22,04-04-2019,
117,17,Lotte Duty Free wins tender to replace DFS Group at Changi Airport’s tobacco and liquor stores,51,dmdv9j,https://www.todayonline.com/singapore/lotte-duty-free-wins-tender-replace-dfs-group-changi-airports-tobacco-and-liquor-stores,5,24-10-2019,
118,17,Several Jewel Changi Airport eateries to shorten operating hours from 24/7 to midnight closing times,51,cawyw5,https://sg.style.yahoo.com/several-jewel-changi-airport-eateries-084250989.html,11,09-07-2019,
119,17,"‘Big collapse’ of F&B businesses looms; landlords should slash rent like Jewel Changi Airport, say industry players",53,f49mpo,https://www.todayonline.com/singapore/covid-19-wuhan-virus-big-collapse-fb-businesses-looms-landlords-should-slash-rent-like-jewel-changi-airport?fbclid=IwAR3WidOtlktBY_rPJIEqmMCKK1L5lZB5Eyboxdza0n8Y-Rw5BEvIjVA0hxs,25,15-02-2020,
120,17,Jewel Changi Airport not a copycat: CAG and Safdie Architects respond to Qatar Airways chief’s accusation,53,drd2wl,https://www.straitstimes.com/singapore/transport/jewel-changi-airport-not-a-copycat-cag-and-safdie-architects-respond-to-qatar,38,04-11-2019,
121,17,Jewel Changi Airport to open on April 17,51,ay9eav,https://www.straitstimes.com/singapore/transport/jewel-changi-airport-to-open-on-april-17,19,07-03-2019,
122,17,"E-scooters hit 50kmh along Changi Road beating motorcycle, red light & almost hitting pedestrian",48,9h3arm,https://mothership.sg/2018/09/e-scooter-changi-road-speeding/,49,19-09-2018,
123,17,"Jewel Changi Airport basement flooded after water pipe leaks, businesses affected for 30 minutes",60,kg24am,https://mothership.sg/2020/12/jewel-changi-airport-pipe-leak/,10,19-12-2020,
124,17,Singapore Airlines flight forced to turn back to Changi after loss of cabin pressure,50,9ye2yg,https://www.channelnewsasia.com/news/singapore/sia-flight-sq336-paris-turns-back-changi-cabin-pressure-10945254,32,19-11-2018,
125,17,What's the best thing to do at Changi Airport?,45,a8ggpv,https://www.reddit.com/r/singapore/comments/a8ggpv/whats_the_best_thing_to_do_at_changi_airport/,26,22-12-2018,"SG Changi Airport is the best one in the world I believe. I've been there a few times but didn't have much time to explore. Just some massage, a visit to butterfly garden, and lots of eats. However, I'm going to have a 4 hour layover. So would appreciate if anyone could pls recommend me any interesting things to do there. Any secret places hidden inside? Thanks in advance!"
126,17,"New airport hand luggage scanners will destroy unprocessed film - apparently Changi is also one of them, film photogs pls take note.",49,dkjsnt,https://kosmofoto.com/2019/10/new-airport-hand-luggage-scanners-will-destroy-unprocessed-film/,29,20-10-2019,
127,17,Iconic analogue flight information boards at Changi Airport to be taken down amid Terminal 2 upgrading,49,epjs8w,https://www.channelnewsasia.com/news/singapore/analogue-solari-flight-information-boards-changi-airport-removed-12268366,9,16-01-2020,
128,17,"Vaccination centre at Changi T4 can inoculate 4,000 a day",57,l07dww,https://www.straitstimes.com/singapore/vaccination-centre-at-changi-t4-can-inoculate-4000-a-day,35,19-01-2021,
129,17,"Drone sightings at Changi Airport force closure of one runway, nearly 40 flights affected",48,c2g6lr,https://www.channelnewsasia.com/news/singapore/changi-airport-drone-sightings-one-runway-closed-11641920,27,19-06-2019,
130,17,"Safety officer, project manager jailed after worker died in construction accident at Changi Airport",49,iyy1yg,https://www.channelnewsasia.com/news/singapore/changi-airport-workplace-accident-worker-died-manager-jailed-13143886,28,24-09-2020,
131,17,The clocks at Changi Airport,48,gtygnx,https://gfycat.com/perfectorganicgoose,9,31-05-2020,
132,17,Low Tide @ Changi Point Coastal Walk,46,82v2lp,https://i.imgur.com/TtFfx5p.jpg,2,08-03-2018,
133,17,In crutches and begging for help in Changi airport,46,83emb4,https://www.reddit.com/r/askSingapore/comments/83dg3i/in_crutches_and_begging_for_help_in_changi_airport/,17,10-03-2018,
134,17,Lotte takes over liquor and tobacco concession at Changi Airport; new business will be its largest in Asia-Pac,45,gzjkql,https://www.straitstimes.com/business/companies-markets/lotte-takes-over-liquor-tobacco-concession-at-changi-airport-to-start,13,09-06-2020,
135,17,Acres reminds public not to handle snakes after men capture python at Changi Beach,47,k01mic,https://stomp.straitstimes.com/singapore-seen/acres-reminds-public-not-to-handle-snakes-after-men-seen-capturing-python-at-changi?amp,25,24-11-2020,
136,17,Woman sits on Changi Jurassic Mile dinosaur to make TikTok video,53,jckyly,https://mothership.sg/2020/10/jurassic-mile-tiktok/,35,17-10-2020,
137,17,"Til about the giant 70m Changi tree that stood in Changi, which was felled by the British to prevent the Japanese artillery and planes from using it as a marker",46,ag5czb,http://habitatnews.nus.edu.sg/heritage/changi/changitrees/changitree.html,11,15-01-2019,
138,17,Retrenched Changi Airport Staff Starts Over In Healthcare At 50,43,ljd6bs,https://www.youtube.com/watch?v=EkWZIoWP2Y8&feature=emb_logo&ab_channel=CNAInsider,10,14-02-2021,
139,17,"Airports in Russia, Brazil operated by Changi Airports International win awards",41,87qlij,https://www.channelnewsasia.com/news/business/airports-in-russia-brazil-operated-by-changi-airports-10083640,7,28-03-2018,
140,17,Swedish man jailed for helping Syrian pair try to sneak through Changi Airport with fake passports,42,c5pzdv,https://www.todayonline.com/singapore/swedish-man-jailed-helping-syrian-pair-try-sneak-through-changi-airport-fake-passports,12,26-06-2019,
141,17,Sad sight at changi airport. Sigh . Zoom in to see all the parked planes :(,50,ifig2e,https://www.reddit.com/gallery/ifig2e,13,24-08-2020,
142,17,"Maid stole more than $34k worth of items from Changi Airport Group chairman, his family",41,b4s4f7,https://www.straitstimes.com/singapore/courts-crime/maid-stole-more-than-34k-worth-of-items-from-changi-airport-group-chairman,13,24-03-2019,
143,17,Presenting (part of) the HSBC rain vortex light show at Jewel Changi Airport. Tallest man made waterfall.,37,bckx6o,https://v.redd.it/ld6u5hqlexr21,5,13-04-2019,
144,17,Pipes in the sand. The Story of Changi Motorsports Hub,41,hqdp1x,https://www.reddit.com/r/singapore/comments/hqdp1x/pipes_in_the_sand_the_story_of_changi_motorsports/,15,13-07-2020,"Hi everyone, here's some OC ripped from my own blog. Singapore doesn't really have a Motorsports culture (try asking the average man to name a Singaporean race driver without using Google), so there isn't much motorsport related stuff I can write about linking to Singapore. Today happens to mark the 10th anniversary of the Ground Breaking Ceremony for the Changi Motorsports Hub, and I've taken this chance to do a writeup on the whole saga, which most have forgotten.

If you like it, feel it can be improved, or have differing thoughts about the subject, do comment down below! It'll be gladly appreciated. If you want the link to the original, alongside a complete list of my sources, it's in the comments. \[\] Is the link to each statement.

*Every saga has its origin. The 13th of July 2020 marks the tenth anniversary of what should have been a historical day in the history of Motorsport in Singapore. A day that should have marked the beginning of a bright new era for Motorsport in Singapore. A bright future that never came, and remains forgotten.*

Every 2 years, the skies above Changi East are filled with the roar of low-flying military aircraft performing aerobatics during the bi-annual Singapore Airshow, held at the Changi Exhibition Centre. For the remainder of the 2 years, Changi East remains a relatively quiet place, with most of the noise in the area coming from airliners taking off from the adjacent Changi Airport.

However, this was never meant to be the case. Changi East was planned to be the site of Singapore’s first Permanent Racing Circuit, with the circuit being located adjacent to the CEC. Despite this, the Circuit was never meant to replace the Marina Bay Street Circuit, where the Singapore Grand Prix is run yearly. The Changi Motorsports Hub was planned to instead complement the Marina Bay Street Circuit, allowing for Motorsport activities on a year-round basis.

Contrary to common belief, the Changi Motorsports Hub was not the first Permanent Motor Racing Circuit for cars which was planned in Singapore. The first to be planned was the Tuas International Speedway in 2005, which was never built. (Part of the site was later used for a Motocross track, Circuit@Tuas, which closed in the early 2010s.) The Changi Motorsports Hub progressed further than the Tuas International Speedway, being built, albeit as far as a bunch of piles sticking out of the sand it was built upon....

# Origins

Plans for the Changi Motorsports Hub were first revealed in an article published on the 17th of October 2007, titled: “Motorsports to put Changi on fast track” , written by Samuel Ee. Despite this, no news on the project was announced until 31st March 2009, when the Singapore Sports Council (now known as Sport Singapore) released a Request For Proposal (RFP) to build and develop the Changi Motorsports Hub. The RFP dateline was the 27th of August 2009.

In the Press Release, the SSC announced the site of the racetrack would be a 41 hectre site located next to the Changi Exhibition Centre. The following minimum specifications were laid out[\[1\]](https://www.sportsingapore.gov.sg/newsroom/media-releases/2009/3/singapore-invites-internationals-to-bid-for-asias-first-integrated-motorsports-and-leisure-hub):

* Minimum 3.5-kilometre long FIA Grade 2 Circuit
* A single permanent sheltered grandstand for at least 8,000 pax, with an unobstructed view of the whole circuit.

## The 3 Bids

On Monday, 7th of November 2009, the three organisations bidding for the Changi Motorsports Hub presented their plans to the media. The organisations & their bid details were as follows[\[2\]](https://www.asiaone.com/News/The%2BBusiness%2BTimes/Story/A1Story20090908-166499.html):

### Singapore Agro Agricultural (SAA)

The then-operator of Turf City (now known as The Grandstand), which was also behind the initial plans for the Tuas International Circuit, that was later cancelled.

* Project Name: Changi International Speedway (CIS)
* 4.37 KM Track meeting FIM Grade 1 & FIA Grade 2, with room for upgrading to FIA Grade 1 status
* Secured rights to host a MotoGP Night Race.
* Est Cost: 200-250 Million SGD

### Sport Services

A wholly-owned subsidiary of the Haw Par Corporation

* 4.2 KM Track designed by Hermann Tilke, meeting FIM Grade 1 & FIA Grade 1T
* Letters of Intent were signed with the SuperGT & the V8 Supercars Championship
* Motorsports Country Club for 3000 individuals will be created to recoup costs of operation and development
* Est Cost: 200 Million SGD+

### SG Changi

Consortium with shareholders from Japan and Singapore. Auto Trading Luft Japan was involved in the financing of the project.

* 3.7 KM track meeting FIA Grade 2 standards
* Letters of Interest were announced for the FIA GT Championship, Super GT, Formula Nippon (now known as Super Formula) and Japanese Formula 3.
* The proposal included an R&D Facility, Motorsport Museum and a Hotel
* Est Cost: 280 Million SGD

On the 26th of March 2010, the SSC announced it had selected SG Changi to develop, build, finance and manage the facility. The targeted completion date was by the end of 2011, with the track being expected to be ready for use ahead of the 2012 racing season.

## SG Changi Project Details

In the SSC’s press release, SG Changi’s final proposal was included. Key Details are listed below[\[3\]](https://www.sportsingapore.gov.sg/newsroom/media-releases/2010/3/sg-changi-wins-bid-for-changi-motorsports-hub):

### Racing Circuit

* Racing circuit with 6 different configurations, inclusive of a Karting Track
* Main Circuit (Circuit 01) will be 3.7 KM long
* Karting Track will be 1.1 KM long
* 3 Pit Complexes included within the development, 2 Permanent (Main & Karting Pits), 1 Temporary (Secondary Pits)
* The Direction of travel was not mentioned but is believed to be Clockwise

#### TRACK MAP

[Length of Black Section is 3.7km](https://preview.redd.it/sv03juvv0ma51.png?width=1920&format=png&auto=webp&s=11087002d11f756572360baffeeddb301d2ef634)

## Developmental Process

### Ground Breaking Ceremony & Piling Work

On the 13th of July 2010, a groundbreaking ceremony was held at Aviation Park Road, with invited guests witnessing a drifting event on the day. Following the groundbreaking ceremony, SGChangi announced it would begin construction in August of the year. [\[4\]](https://web.archive.org/web/20100716130431/http://www.channelnewsasia.com/stories/singaporelocalnews/view/1069158/1/.html)

In construction, piling is one of the critical early steps that are required before any building work can begin. Despite SGChangi’s announcements, the piling contracts were only awarded in October, with piling works only beginning in December. CSC Holdings were appointed as contractors for the piling works.

Piling work lasted a mere 1 and a half months, with CSC halting any further piling work in the middle of January. This was reportedly due to SG Changi failing to pay an instalment to CSC. At the time of stoppage, only 1000 of the 6000 points had piled into the ground. SGChangi also came under probing from the Corrupt Practices Investigatory Bureau (CPIB) during this time.[\[5\]](https://www.asiaone.com/News/The%2BBusiness%2BTimes/Story/A1Story20110106-256794.html)

In August 2011, CSC Holdings terminated its contract with SGChangi. On 12 December 2011, the SSC announced it would move towards the mutual termination of it’s contract with SGChangi.

In an interview with The Straits Times in late December 2011, consortium chairman Fuminori Murahashi revealed the CPIB probe had been the result of a tip-off from himself. He had been alerted about an email exchange between an SGChangi employee and an SSC official, which reportedly contained a job offer with SGC in the event of the consortium winning the bid. [\[6\]](https://www.stcars.sg/guides-articles/sg-changi-boss-still-keen-on-motorsports-hub-37274)

### Post-SGChangi

Despite the SSC announcing it would terminate the SGC Contract, The Straits Times reported in late January that the return of the site to the Government was being delayed. This was due to SGC being concerned over a particular aspect of the Contract, with a clause stating that any refund on  
the $36 million SG Changi paid for the land lease was tied to a second tender exercise. As a result, SGC appeared to be reluctant to accept the proposal to terminate the contract, if it was unable to minimally recover the $36 million, without the involvement of a second tender process. [\[7\]](https://www.stcars.sg/guides-articles/motorsports-hub-hits-fresh-set-of-obstacles-40685)

On the 15th of May 2012, the SSC officially terminated its agreement with SG Changi, 6 months after it announced it would terminate its deal with the SGC. The SSC repossessed the land on 17th of May 2012. SSC CEO Lim Teck Yin stated that the land could be used for non-motorsports purposes, announcing a market sounding exercise will be carried out to assess the level of interest among potential investors for a motorsports hub or other sports and lifestyle concepts.[\[8\]](https://sg.news.yahoo.com/changi-motorsports-hub-set-lease-life-120152591.html)

### The End of the Road

Despite having received seven proposals from six organisations during the RFI period after November 2012, on the 12 of June 2013, the SSC announced it would not be proceeding with the re-tender for the site. The SSC announced it would proceed to reinstate the land, working with the authorities on the feasibility of an early handover of the land back for alternative uses. [\[9\]](https://www.myactivesg.com/read/2013/6/changi-motorsports-hub-called-off)

With that, the curtain seemingly fell on the CMH, a project that saw much promise but ultimately proved to be a false dawn for Motorsport in Singapore. Despite this, Changi East did see some motorsport action in the form of the Changi Karting Circuit, which opened in 2013, on a short term lease, closing in 2014.

### Aftermath

In April 2014, nearly a year after it was announced that the CMH would be scrapped, the site was left virtually untouched. The Straits Times saw the site still littered with Piles, with SGChangi having yet to remove the piles. Later, it was found that the complete extraction of the installed piles was not feasible, as engineers evaluated and realised that the removal of the piles could lead to the weakening of nearby sea walls. An alternate plan was devised to cut the pillars at a shallow depth beneath the ground. [\[10\]](https://www.straitstimes.com/singapore/failed-race-track-project-site-not-cleared-a-year-on)

In late October 2014, the SSC, rebranded as Sport Singapore, announced that it had returned the site to the Singapore Land Authority (SLA) earlier in the month and returned the remainder of the 40 million SGChangi had paid for the land to the consortium. SGChangi repaid its debt to CSC Holdings in the same month.[\[11\]](https://www.todayonline.com/sports/motor-racing/sg-changi-settles-motorsports-hub-debts)

In November 2015, it was revealed by The Straits Times that the site was to be reserved for industries supporting the future Changi Airport Terminal 5. [\[12\]](https://www.straitstimes.com/singapore/new-use-for-ex-changi-motorsports-hub-site) Since then, no mention of the Changi Motorsports Hub or SGChangi has ever been made in the media again."
145,17,Sats staff seen fighting on Changi Airport tarmac in video,40,b2gynm,https://www.straitstimes.com/singapore/transport/sats-staff-seen-fighting-on-changi-airport-tarmac-in-video,9,18-03-2019,
146,17,Inaugural Singapore Airlines A-380 dining experience takes off at Changi Airport,41,jh6c83,https://www.straitstimes.com/singapore/transport/inaugural-singapore-airlines-a-380-dining-experience-takes-off-at-changi-airport,20,24-10-2020,
147,17,Changi point boardwalk is a beautiful place to hike around sunset,40,jxrj0p,https://www.reddit.com/gallery/jx26ns,2,20-11-2020,
148,17,Turkish Airlines flight held at Changi Airport over Covid-19 concerns departs with crew,38,fdo7c4,https://www.straitstimes.com/singapore/transport/singapore-grounds-passengers-on-turkish-airlines-flight-over-covid-19-concerns?utm_medium=Social&utm_campaign=STFB&utm_source=Facebook&fbclid=IwAR0Rc-3VOVV0IL0G6ljtfzDlDVCa2-JcdzbCcNps5URQ97Npco-wNkTkwnU#Echobox=1583370603,13,05-03-2020,
149,17,Covid-19: Changi Exhibition Centre getting ready to house patients with mild symptoms,37,g2it6l,https://mothership.sg/2020/04/changi-exhibition-centre-covid-19/,33,17-04-2020,
