,district_num,title,score,id,url,comms_num,created,body
0,17,The Loyang Tua Pek Kong temple looks so menacing. It literally looks like the ceiling curls are the door to the other world.,162,deij30,https://i.redd.it/xfdhag2v04r31.jpg,15,07-10-2019,
1,17,First photo of Jho Low’s US$250 million superyacht after being renamed Tranquility by its new owner Genting Group - moored at Loyang Jetty in Singapore,63,bqs4xj,https://i.redd.it/wr1p7w44dbz21.jpg,8,20-05-2019,
2,17,NParks investigating after man filmed feeding bananas to two hornbills at Loyang Way Food Village,49,k6f0iu,https://www.straitstimes.com/singapore/nparks-investigating-after-man-filmed-feeding-bananas-to-two-hornbills-at-loyang-way-food?utm_medium=Social&utm_campaign=STFB&utm_source=Facebook#Echobox=1607057162,18,04-12-2020,
3,17,The famous MY super yacht sailed in this morning. @Loyang,48,biz662,https://i.redd.it/z04ckzz7xbv21.jpg,7,30-04-2019,
4,17,"Polite hornbills only take outdoor seating at Loyang coffee shop, regulars since Circuit Breaker",44,k4e85e,https://mothership.sg/2020/12/loyang-coffeeshop-hornbills/?fbclid=IwAR3p5BS3Eb-gA2P59Cwru7Aq1GqwilL_rItc6S4tEPSpkkB_B3KkNJxKNCE,8,01-12-2020,
5,17,TIL that Loyang Point was designed to look like a ship,27,cocu3u,https://youtu.be/veXrdimDwAs,11,10-08-2019,
6,17,Loyang Tua Pek Kong - Anyone knows why 4 digit numbers are written on this ?,19,i2mofe,https://i.redd.it/enwa5jsrhoe51.jpg,22,03-08-2020,
7,17,Loyang chalet to be converted to isolation facility for patients waiting for Covid-19 swab test results,14,g9kzdo,https://mothership.sg/2020/04/swab-isolation-facilities-sg/,4,28-04-2020,
8,17,MOM investigating incident of maid seen cleaning windows in Loyang Avenue while standing on roof,8,8ygz56,https://www.straitstimes.com/singapore/mom-investigating-incident-of-maid-seen-cleaning-windows-in-loyang-avenue-while-standing,0,13-07-2018,
